label,Time (sec),PT1 (psi),PT2 (psi),V (V),I (A),Flow Rate (GPM),GV,DP,Power
1057,0,38.1934,31.679,15.1023,1.0466,27.3205,0,6.5144,15.80606718
1058,0.638,38.525,32.0133,15.1162,1.0405,27.277,0,6.5117,15.7284061
1059,1.277,38.238,31.5534,15.0428,1.0375,27.8388,0,6.6846,15.606905
1060,1.916,38.335,31.8385,15.0459,1.0315,27.4925,0,6.4965,15.51984585
1061,2.556,38.2574,31.7622,15.1535,1.0522,27.1472,0,6.4952,15.9445127
1062,3.197,38.3343,31.7545,15.1633,1.0329,27.1042,0,6.5798,15.66217257
1063,3.838,38.3621,31.9404,15.0285,1.0448,27.0612,0,6.4217,15.7017768
1064,4.48,38.2574,31.7028,15.228,1.0355,27.0183,0,6.5546,15.768594
1065,5.124,38.2392,31.5824,14.9826,1.0333,27.5749,0,6.6568,15.48152058
1066,5.768,38.3169,31.6298,15.0843,1.0471,26.9327,0,6.6871,15.79477053
1067,6.412,38.3379,31.6162,15.1003,1.0376,27.4876,0,6.7217,15.66807128
1068,7.057,38.1651,31.6637,15.1627,1.0193,27.4441,0,6.5014,15.45534011
1069,7.702,38.4112,31.808,15.0851,1.0426,27.4008,0,6.6032,15.72772526
1070,8.348,38.3763,31.8313,15.0847,1.0312,27.3575,0,6.545,15.55534264
1071,8.994,38.3505,31.8878,15.12,1.0443,27.3143,0,6.4627,15.789816
1072,9.641,38.3738,31.8419,15.107,1.0343,27.2713,0,6.5319,15.6251701
1073,10.29,38.1598,31.5229,15.1865,1.0284,27.2282,0,6.6369,15.6177966
1074,10.938,38.2681,31.7707,15.0136,1.0522,27.1853,0,6.4974,15.79730992
1075,11.587,38.2803,31.7336,15.0795,1.0497,27.7326,0,6.5467,15.82895115
1076,12.237,38.3059,31.6773,15.1272,1.0398,27.3943,0,6.6286,15.72926256
1077,12.888,38.2803,31.7791,15.0416,1.0346,27.3512,0,6.5012,15.56203936
1078,13.539,38.3641,31.7707,15.0907,1.0356,27.3082,0,6.5934,15.62792892
1079,14.192,38.392,31.743,15.0055,1.0388,26.972,0,6.649,15.5877134
1080,14.845,38.3931,31.7809,15.2136,1.0281,27.5151,0,6.6122,15.64110216
1081,15.498,38.2471,31.6145,14.9546,1.0265,27.4719,0,6.6326,15.3508969
1082,16.152,38.4199,31.6509,15.1557,1.0471,27.4288,0,6.769,15.86953347
1083,16.806,38.3466,31.623,15.1099,1.0456,27.3858,0,6.7236,15.79891144
1084,17.461,38.2244,31.6841,15.0119,1.0365,27.3429,0,6.5403,15.55983435
1085,18.117,38.3466,31.7129,14.9726,1.0536,27.0096,0,6.6337,15.77513136
1086,18.775,38.3134,31.6824,15.1051,1.0311,27.5472,0,6.631,15.57486861
1087,19.432,38.2646,31.7825,15.0605,1.0308,27.7936,0,6.4821,15.5243634
1088,20.09,38.3408,31.7758,15.0959,1.0376,27.4611,0,6.565,15.66350584
1089,20.748,38.3528,31.7046,15.0404,1.0579,27.7068,0,6.6482,15.91123916
1090,21.407,38.2977,31.8501,15.048,1.0264,27.6635,0,6.4476,15.4452672
1091,22.067,38.3152,31.7231,15.1531,1.0356,27.6203,0,6.5921,15.69255036
1092,22.727,38.3763,31.7355,15.2118,1.0351,27.5773,0,6.6408,15.74573418
1093,23.389,38.1668,31.6468,15.1949,1.0352,27.2474,0,6.52,15.72976048
1094,24.05,38.2384,31.711,15.119,1.0264,27.4914,0,6.5274,15.5181416
1095,24.713,38.2523,31.6739,15.1717,1.0417,27.1626,0,6.5784,15.80435989
1096,25.376,38.4286,31.7185,15.1254,1.0124,27.4058,0,6.7101,15.31295496
1097,26.039,38.4286,31.8233,15.1653,1.0383,27.3632,0,6.6053,15.74613099
1098,26.703,38.333,31.6587,15.0117,1.041,27.3207,0,6.6743,15.6271797
1099,27.368,38.3528,31.7253,15.134,1.0461,27.2782,0,6.6275,15.8316774
1100,28.034,38.3431,31.6281,15.0734,1.0372,27.2358,0,6.715,15.63413048
1101,28.7,38.4007,31.7035,15.0109,1.0394,27.7601,0,6.6972,15.60232946
1102,29.367,38.3361,31.6128,15.0831,1.0429,27.1514,0,6.7233,15.73016499
1103,30.034,38.3757,31.6943,15.0831,1.0426,27.1093,0,6.6814,15.72564006
1104,30.702,38.2541,31.8031,14.9913,1.0592,27.6313,0,6.451,15.87878496
1105,31.371,38.3396,31.8131,15.1539,1.0499,27.5885,0,6.5265,15.91007961
1106,32.04,38.3194,31.7741,15.1042,1.0403,27.2647,0,6.5453,15.71289926
1107,32.71,38.3047,31.7937,15.0161,1.0302,27.5032,0,6.511,15.46958622
1108,33.381,38.2576,31.825,15.0802,1.0385,26.9003,0,6.4326,15.6607877
1109,34.053,38.3798,31.7588,14.9917,1.0144,27.4182,0,6.621,15.20758048
1110,34.725,38.399,31.6875,15.206,1.0106,27.3759,0,6.7115,15.3671836
1111,35.398,38.2157,31.7693,15.194,1.0277,27.3337,0,6.4464,15.6148738
1112,36.071,38.3518,31.791,15.103,1.0554,27.2915,0,6.5608,15.9397062
1113,36.745,38.4077,31.808,15.0087,1.0397,27.2495,0,6.5997,15.60454539
1114,37.421,38.4339,31.7758,14.9866,1.0527,27.2074,0,6.6581,15.77639382
1115,38.097,38.2031,31.6892,15.0572,1.0266,27.7199,0,6.5139,15.45772152
1116,38.773,38.3728,31.7449,15.1115,1.0394,27.6772,0,6.6279,15.7068931
1117,39.45,38.4251,31.7148,15.1511,1.0387,27.3583,0,6.7103,15.73744757
1118,40.128,38.3099,31.696,15.0241,1.027,27.5921,0,6.6139,15.4297507
1119,40.806,38.3204,31.8453,15.1084,1.0411,27.5498,0,6.4751,15.72935524
1120,41.485,38.3222,31.6824,15.0711,1.038,27.5074,0,6.6398,15.6438018
1121,42.166,38.3675,31.8674,15.054,1.0227,27.1905,0,6.5001,15.3957258
1122,42.846,38.1738,31.6375,15.1115,1.0332,27.423,0,6.5363,15.6132018
1123,43.528,38.5299,31.8793,15.1119,1.0432,27.6547,0,6.6506,15.76473408
1124,44.211,38.385,31.7435,15.0508,1.051,27.3389,0,6.6415,15.8183908
1125,44.894,38.1843,31.6587,15.0815,1.0324,27.297,0,6.5256,15.5701406
1126,45.577,38.5229,31.8182,15.1322,1.0331,27.8003,0,6.7047,15.63307582
1127,46.261,38.3396,31.7537,15.0352,1.0321,27.7577,0,6.5859,15.51782992
1128,46.945,38.3344,31.7825,15.1597,1.0425,27.7153,0,6.5519,15.80398725
1129,47.63,38.1406,31.5755,15.157,1.0427,27.4016,0,6.5651,15.8042039
1130,48.316,38.2227,31.7333,14.9762,1.0287,27.0889,0,6.4894,15.40601694
1131,49.002,38.3326,31.6688,15.0599,1.0341,27.5885,0,6.6638,15.57344259
1132,49.689,38.406,31.7223,15.0249,1.0314,27.2763,0,6.6837,15.49668186
1133,50.377,38.2262,31.6039,15.1418,1.0399,27.5044,0,6.6223,15.74595782
1134,51.065,38.3214,31.7231,15.032,1.0444,27.4625,0,6.5983,15.6994208
1135,51.754,38.3,31.5823,15.0759,1.0535,27.4206,0,6.7177,15.88246065
1136,52.445,38.3885,31.6621,15.218,1.0324,26.842,0,6.7264,15.7110632
1137,53.136,38.2856,31.6874,15.082,1.0246,27.3371,0,6.5982,15.4530172
1138,53.827,38.406,31.6528,15.2227,1.0412,27.8308,0,6.7532,15.84987524
1139,54.519,38.3012,31.8402,15.151,1.0275,27.5213,0,6.461,15.5676525
1140,55.214,38.1651,31.7978,15.1641,1.0364,27.2125,0,6.3673,15.71607324
1141,55.907,38.4042,31.5704,15.0161,1.0222,27.1712,0,6.8338,15.34945742
1142,56.602,38.2977,31.7204,15.0883,1.0377,27.6618,0,6.5773,15.65712891
1143,57.297,38.279,31.727,15.0975,1.0402,27.3543,0,6.552,15.7044195
1144,57.993,38.2384,31.4957,15.0969,1.0442,27.3128,0,6.7427,15.76418298
1145,58.689,38.2663,31.7147,15.176,1.0462,27.2714,0,6.5516,15.8771312
1146,59.386,38.5405,31.8436,15.0604,1.0351,26.9657,0,6.6969,15.58902004
1147,60.083,38.3082,31.696,15.1701,1.0482,27.4528,0,6.6122,15.90129882
1148,60.781,38.207,31.713,15.0354,1.0363,27.4113,0,6.494,15.58118502
1149,61.481,38.3311,31.7147,15.0895,1.0302,27.3698,0,6.6164,15.5452029
1150,62.181,38.5369,31.6705,15.097,1.0447,27.3284,0,6.8664,15.7718359
1151,62.881,38.3675,31.5416,15.1869,1.0474,27.2871,0,6.8259,15.90675906
1152,63.583,38.275,31.7571,15.0815,1.0547,27.2458,0,6.5179,15.90645805
1153,64.285,38.385,31.6584,15.0957,1.0382,27.2047,0,6.7266,15.67235574
1154,64.988,38.2855,31.6145,14.9832,1.028,27.1636,0,6.671,15.4027296
1155,65.691,38.282,31.7073,15.158,1.0396,27.6442,0,6.5747,15.7582568
1156,66.397,38.3623,31.7707,15.1434,1.0424,27.6024,0,6.5916,15.78548016
1157,67.101,38.406,31.7862,15.0783,1.0461,27.3009,0,6.6198,15.77340963
1158,67.806,38.3222,31.7554,15.0924,1.0486,27.5194,0,6.5668,15.82589064
1159,68.512,38.2436,31.5494,15.0281,1.0319,26.9595,0,6.6942,15.50749639
1160,69.219,38.4985,31.8216,15.1286,1.044,27.4367,0,6.6769,15.7942584
1161,69.927,38.3214,31.6773,15.1734,1.037,27.3954,0,6.6441,15.7348158
1162,70.635,38.2419,31.7707,15.04,1.0507,27.3542,0,6.4712,15.802528
1163,71.345,38.2907,31.7724,15.0372,1.0375,27.0554,0,6.5183,15.601095
1164,72.054,38.4932,31.9498,15.0863,1.0188,27.2721,0,6.5434,15.36992244
1165,72.764,38.2873,31.679,15.1165,1.0464,27.4881,0,6.6083,15.8179056
1166,73.476,38.385,31.7588,15.09,1.0143,27.7033,0,6.6262,15.305787
1167,74.188,38.385,31.6519,15.0137,1.0382,27.4056,0,6.7331,15.58722334
1168,74.901,38.3274,31.5416,15.1716,1.0288,27.1088,0,6.7858,15.60854208
1169,75.614,38.3291,31.7282,15.0684,1.0373,27.3236,0,6.6009,15.63045132
1170,76.328,38.2632,31.7435,15.0676,1.044,27.0277,0,6.5197,15.7305744
1171,77.042,38.4653,31.8445,15.1248,1.0402,27.4965,0,6.6208,15.73281696
1172,77.757,38.2907,31.6875,15.1923,1.0401,27.2012,0,6.6032,15.80151123
1173,78.473,38.37,31.7321,14.9459,1.0377,27.4143,0,6.6379,15.50936043
1174,79.191,38.1057,31.6315,15.0336,1.0487,27.3733,0,6.4742,15.76573632
1175,79.908,38.3951,31.5738,15.1083,1.035,27.3325,0,6.8213,15.6370905
1176,80.626,38.2523,31.758,15.1446,1.0308,27.2917,0,6.4943,15.61105368
1177,81.345,38.4444,31.6892,15.1045,1.022,27.251,0,6.7552,15.436799
1178,82.064,38.3431,31.7893,15.1129,1.0529,27.2104,0,6.5538,15.91237241
1179,82.784,38.2314,31.7605,15.0859,1.0225,27.1698,0,6.4709,15.42533275
1180,83.506,38.3483,31.7503,15.1549,1.0357,27.6317,0,6.598,15.69592993
1181,84.229,38.303,31.6247,15.0708,1.0542,27.5905,0,6.6783,15.88763736
1182,84.952,38.5247,31.752,15.1879,1.052,27.5494,0,6.7727,15.9776708
1183,85.676,38.3291,31.6111,15.0666,1.0414,27.2583,0,6.718,15.69035724
1184,86.4,38.2768,31.8419,15.0157,1.0489,27.2178,0,6.4349,15.74996773
1185,87.124,38.399,31.7401,15.0204,1.0234,26.9281,0,6.6589,15.37187736
1186,87.849,38.4242,31.7316,15.1232,1.0628,27.386,0,6.6926,16.07293696
1187,88.575,38.3524,31.6145,14.5552,1.1309,27.3454,0,6.7379,16.46047568
1188,89.303,38.2855,31.8148,14.4047,1.1573,27.553,0,6.4707,16.67055931
1189,90.031,38.2296,31.8114,14.4823,1.1487,27.2642,0,6.4182,16.63581801
1190,90.76,38.1249,31.7605,14.4451,1.1344,27.7188,0,6.3644,16.38652144
1191,91.489,38.172,31.7775,14.0587,1.2263,27.6777,0,6.3945,17.24018381
1192,92.219,38.2209,31.8029,13.9983,1.2421,27.1432,0,6.418,17.38728843
1193,92.949,38.1144,31.7859,13.8845,1.2185,27.8422,0,6.3285,16.91826325
1194,93.68,38.1668,31.7618,13.8779,1.235,27.555,0,6.405,17.1392065
1195,94.413,38.044,31.7384,13.8168,1.2312,27.5142,0,6.3056,17.01124416
1196,95.146,38.0363,31.8606,13.4041,1.3281,27.4735,0,6.1757,17.80198521
1197,95.88,38.3326,31.9607,13.2585,1.3307,27.9228,0,6.3719,17.64308595
1198,96.614,38.0917,31.6824,13.2808,1.313,27.8816,0,6.4093,17.4376904
1199,97.349,38.1389,31.7618,13.3305,1.3408,28.0846,0,6.3771,17.8735344
1200,98.085,37.982,31.5687,13.3467,1.3237,27.7993,0,6.4133,17.66702679
1201,98.822,38.0673,31.8504,13.271,1.3219,27.7583,0,6.2169,17.5429349
1202,99.559,37.9504,31.7113,13.3524,1.3282,27.7174,0,6.2391,17.73465768
1203,100.297,38.1459,31.8219,13.4636,1.3333,27.6765,0,6.324,17.95101788
1204,101.036,38.1109,31.7571,13.3956,1.3287,27.8782,0,6.3538,17.79873372
1205,101.775,38.1825,31.7978,13.4068,1.3257,27.5951,0,6.3847,17.77339476
1206,102.515,38.1825,31.9422,13.2868,1.3138,28.038,0,6.2403,17.45619784
1207,103.257,38.1197,31.7775,13.4381,1.3189,27.9967,0,6.3422,17.72351009
1208,103.998,37.9748,31.8097,13.4278,1.3265,27.9556,0,6.1651,17.8119767
1209,104.74,38.1236,31.8606,13.2961,1.3204,27.9145,0,6.263,17.55617044
1210,105.483,38.104,31.8012,13.2767,1.3227,28.3541,0,6.3028,17.56109109
1211,106.227,38.1005,31.6904,13.3325,1.321,27.5927,0,6.4101,17.6122325
1212,106.972,38.186,31.8725,13.4527,1.3197,27.7917,0,6.3135,17.75352819
1213,107.717,38.0289,31.5926,13.3143,1.3146,28.2295,0,6.4363,17.50297878
1214,108.465,37.9521,31.6417,12.8053,1.4205,27.7102,0,6.3104,18.18992865
1215,109.212,37.9259,31.6922,12.7649,1.4097,27.6696,0,6.2337,17.99467953
1216,109.96,38.1232,31.7876,12.7823,1.4224,27.3909,0,6.3356,18.18154352
1217,110.708,38.2244,31.9573,12.8652,1.435,27.5887,0,6.2671,18.461562
1218,111.457,38.0638,31.8504,12.4137,1.5205,27.0734,0,6.2134,18.87503085
1219,112.207,37.8869,31.7944,12.2268,1.5235,27.2709,0,6.0925,18.6275298
1220,112.957,38.104,31.864,12.182,1.5168,27.4679,0,6.24,18.4776576
1221,113.709,37.9696,31.8606,12.2118,1.5076,27.1913,0,6.109,18.41050968
1222,114.461,38.1476,31.7881,12.2543,1.5269,27.3877,0,6.3595,18.71109067
1223,115.214,37.9294,31.8216,12.143,1.5337,26.8762,0,6.1078,18.6237191
1224,115.967,38.0421,31.9336,12.1641,1.5231,27.3078,0,6.1085,18.52714071
1225,116.721,38.0027,31.8727,12.2462,1.5172,27.5031,0,6.13,18.57993464
1226,117.476,37.9626,31.9539,12.1618,1.5088,27.6977,0,6.0087,18.34972384
1227,118.233,37.9416,31.8521,12.1232,1.5109,27.4229,0,6.0895,18.31694288
1228,118.989,38.046,31.8352,12.2321,1.5148,27.383,0,6.2108,18.52918508
1229,119.746,38.0115,31.9336,12.0759,1.5232,27.5769,0,6.0779,18.39401088
1230,120.505,38.0184,31.9013,12.2115,1.4935,27.07,0,6.1171,18.23787525
1231,121.265,37.9661,31.9217,12.0953,1.5111,27.2636,0,6.0444,18.27720783
1232,122.024,38.0033,31.8793,12.1871,1.5107,27.6894,0,6.124,18.41105197
1233,122.784,38.1214,31.8633,12.1835,1.5206,27.4168,0,6.2581,18.5262301
1234,123.545,38.0987,31.9291,12.141,1.506,27.377,0,6.1696,18.284346
1235,124.307,37.987,31.713,12.2676,1.515,27.3373,0,6.274,18.585414
1236,125.069,38.0045,31.9981,12.1548,1.5249,27.2976,0,6.0064,18.53485452
1237,125.833,37.9067,31.9353,12.1859,1.5311,27.72,0,5.9714,18.65783149
1238,126.598,38.0202,31.8742,12.1827,1.5157,27.2185,0,6.146,18.46531839
1239,127.364,37.9504,31.9268,12.1681,1.5085,27.6396,0,6.0236,18.35557885
1240,128.13,37.9923,31.6468,12.2324,1.5247,27.5996,0,6.3455,18.65074028
1241,128.896,38.0091,31.8606,12.179,1.5174,27.33,0,6.1485,18.4804146
1242,129.663,38.1061,31.8946,12.2094,1.5155,27.5198,0,6.2115,18.5033457
1243,130.431,38.077,31.8657,12.0981,1.5077,27.48,0,6.2113,18.24030537
1244,131.2,37.9083,31.6671,12.1058,1.5154,27.4403,0,6.2412,18.34512932
1245,131.97,37.9225,31.7975,12.1944,1.5274,27.4006,0,6.125,18.62572656
1246,132.741,37.9748,31.7333,12.2482,1.5213,27.361,0,6.2415,18.63318666
1247,133.513,37.8927,31.8182,12.1495,1.508,27.3214,0,6.0745,18.321446
1248,134.285,38.0952,31.8097,12.2405,1.5125,27.5093,0,6.2855,18.51375625
1249,135.058,38.1319,32.1287,12.1811,1.5102,27.2426,0,6.0032,18.39589722
1250,135.831,38.0935,31.9268,12.2142,1.5239,27.6568,0,6.1667,18.61321938
1251,136.606,38.0289,31.9573,12.1447,1.5139,27.3905,0,6.0716,18.38586133
1252,137.381,38.0052,31.9268,12.0953,1.5005,27.351,0,6.0784,18.14899765
1253,138.157,37.8439,31.7571,12.1378,1.5057,27.0859,0,6.0868,18.27588546
1254,138.933,38.1267,32.0032,12.0941,1.5168,27.4977,0,6.1235,18.34433088
1255,139.71,38.097,31.8606,12.1963,1.5282,27.4582,0,6.2364,18.63838566
1256,140.488,38.0324,31.8595,12.1782,1.5249,27.4187,0,6.1729,18.57053718
1257,141.267,37.8753,31.7321,12.2519,1.5362,27.3793,0,6.1432,18.82136878
1258,142.046,37.9661,31.7062,12.2745,1.5155,27.5641,0,6.2599,18.60200475
1259,142.826,37.9992,31.9251,12.1336,1.5219,27.5245,0,6.0741,18.46612584
1260,143.607,38.1511,31.8742,12.2276,1.5017,27.7085,0,6.2769,18.36218692
1261,144.391,38.0499,32.0218,12.1483,1.5122,27.2224,0,6.0281,18.37065926
1262,145.173,38.0429,31.8097,12.1986,1.4962,27.629,0,6.2332,18.25154532
1263,145.956,38.1468,31.8844,12.2442,1.5019,27.1444,0,6.2624,18.38956398
1264,146.74,38.09,31.92,12.124,1.5189,27.5499,0,6.17,18.4151436
1265,147.525,37.9416,31.8201,12.2175,1.5303,27.5104,0,6.1215,18.69644025
1266,148.313,37.9835,31.713,12.2025,1.5325,27.4709,0,6.2705,18.70033125
1267,149.099,38.0656,31.8623,12.1515,1.5071,27.4317,0,6.2033,18.31352565
1268,149.886,38.2225,31.8436,12.2041,1.527,27.6133,0,6.3789,18.6356607
1269,150.674,37.8369,31.8759,12.1918,1.5136,27.3533,0,5.961,18.45350848
1270,151.463,37.9936,31.8233,12.2575,1.5109,27.7547,0,6.1703,18.51985675
1271,152.253,38.09,31.7995,12.1784,1.5062,27.2752,0,6.2905,18.34310608
1272,153.043,37.9548,31.8284,12.1329,1.5179,27.2362,0,6.1264,18.41652891
1273,153.834,37.9957,31.8182,12.2232,1.5031,27.636,0,6.1775,18.37269192
1274,154.627,38.0603,31.7791,12.2264,1.5037,27.3776,0,6.2812,18.38483768
1275,155.42,37.9853,31.6095,12.2017,1.5311,27.3385,0,6.3758,18.68202287
1276,156.214,37.8561,31.6909,12.3235,1.4985,27.0811,0,6.1652,18.46676475
1277,157.008,38.046,31.8063,12.1455,1.5176,27.4787,0,6.2397,18.4320108
1278,157.803,37.8875,31.7639,12.2219,1.5125,27.4396,0,6.1236,18.48562375
1279,158.6,37.9783,31.8402,12.0872,1.5137,27.8354,0,6.1381,18.29639464
1280,159.397,37.7648,31.7316,12.2357,1.5267,27.3615,0,6.0332,18.68024319
1281,160.194,37.9259,31.7741,12.1058,1.5116,27.3226,0,6.1518,18.29912728
1282,160.993,38.1284,31.9489,12.086,1.4996,27.5003,0,6.1795,18.1241656
1283,161.792,37.9917,31.8199,12.1782,1.5083,27.4612,0,6.1718,18.36837906
1284,162.592,37.8491,31.7825,12.2098,1.5163,27.2063,0,6.0666,18.51371974
1285,163.393,37.912,31.8267,12.1766,1.5058,27.5989,0,6.0853,18.33552428
1286,164.194,38.0289,31.8793,12.0718,1.5066,27.1291,0,6.1496,18.18737388
1287,164.997,38.0062,31.808,12.2438,1.5176,27.5206,0,6.1982,18.58119088
1288,165.8,38.1371,31.9675,12.1701,1.5203,27.4816,0,6.1696,18.50220303
1289,166.604,38.076,31.8691,12.1527,1.5051,27.657,0,6.2069,18.29102877
1290,167.41,38.2244,32.0099,12.2385,1.4986,27.4037,0,6.2145,18.3406161
1291,168.216,37.987,31.8088,12.1188,1.5109,27.3649,0,6.1782,18.31029492
1292,169.022,38.1389,31.9047,12.268,1.5188,27.1127,0,6.2342,18.6326384
1293,169.829,37.9189,31.6654,12.16,1.5115,27.2875,0,6.2535,18.37984
1294,170.637,37.7723,31.8131,12.2086,1.5225,27.6747,0,5.9592,18.5875935
1295,171.447,37.9451,31.9675,12.1001,1.5348,27.2103,0,5.9776,18.57123348
1296,172.257,37.9643,31.7231,12.1888,1.5126,27.1718,0,6.2412,18.43677888
1297,173.067,37.7007,31.8301,12.1956,1.5117,27.1335,0,5.8706,18.43608852
1298,173.878,38.0778,31.8827,12.2118,1.5083,27.5185,0,6.1951,18.41905794
1299,174.69,37.8805,31.7469,12.1588,1.5147,27.0569,0,6.1336,18.41693436
1300,175.503,37.8875,31.9302,12.1354,1.5241,27.4409,0,5.9573,18.49556314
1301,176.317,37.8893,31.7978,12.2599,1.5257,27.4022,0,6.0915,18.70492943
1302,177.131,38.0202,31.7333,12.1219,1.5159,27.5741,0,6.2869,18.37558821
1303,177.946,37.8194,31.8238,12.2778,1.5057,26.9046,0,5.9956,18.48668346
1304,178.762,38.0795,31.9366,12.2179,1.5002,27.7063,0,6.1429,18.32929358
1305,179.579,38.0343,31.847,12.1584,1.5315,27.6673,0,6.1873,18.6205896
1306,180.398,38.0586,31.9675,12.1794,1.5176,27.419,0,6.0911,18.48345744
2057,180.598,38.0656,32.0201,12.1434,1.491,32.2582,0,6.0455,18.1058094
2058,180.85,38.0017,32.1813,12.1667,1.4974,31.7279,0,5.8204,18.21841658
2059,181.102,37.994,32.1593,12.2045,1.4984,31.2148,0,5.8347,18.2872228
2060,181.355,38.0778,32.1152,12.1956,1.504,30.7161,0,5.9626,18.3421824
2061,181.608,38.0516,32.3748,12.1475,1.5099,30.2331,0,5.6768,18.34151025
2062,181.862,38.1493,32.2034,12.141,1.4988,29.7632,0,5.9459,18.1969308
2063,182.115,38.0983,32.1559,12.154,1.5046,29.3095,0,5.9424,18.2869084
2064,182.368,38.3,32.256,12.1548,1.4826,28.8694,0,6.044,18.02070648
2065,182.621,38.1701,32.2983,12.1475,1.4999,28.4423,0,5.8718,18.22003525
2066,182.875,38.0091,32.0269,12.2223,1.5026,28.0261,0,5.9822,18.36522798
2067,183.129,38.1239,32.3408,12.2401,1.5133,27.6218,0,5.7831,18.52294333
2068,183.383,38.2698,32.3032,12.1641,1.4871,27.2291,0,5.9666,18.08923311
2069,183.637,38.1841,32.326,12.2086,1.5141,33.5592,0,5.8581,18.48504126
2070,183.892,38.1479,32.0492,12.1685,1.4989,26.4748,0,6.0987,18.23936465
2071,184.147,38.2684,32.3623,12.3053,1.5013,32.6404,0,5.9061,18.47394689
2072,184.403,38.2547,32.2573,12.2604,1.5108,25.7584,0,5.9974,18.52301232
2073,184.659,38.1354,32.2524,12.1803,1.5183,25.4138,0,5.883,18.49334949
2074,184.916,38.1267,32.087,12.1734,1.5046,25.0771,0,6.0397,18.31609764
2075,185.172,38.1092,32.181,12.1491,1.5081,24.7505,0,5.9282,18.32205771
2076,185.428,38.2715,32.102,12.0933,1.5087,30.5403,0,6.1695,18.24516171
2077,185.684,38.0359,32.1039,12.0807,1.5112,30.1525,0,5.932,18.25635384
2078,185.941,38.1302,32.228,12.1928,1.4975,23.8185,0,5.9022,18.258718
2079,186.198,38.32,32.4081,12.1483,1.4834,29.4031,0,5.9119,18.02078822
2080,186.455,38.2736,32.228,12.2507,1.5021,34.8505,0,6.0456,18.40177647
2081,186.712,38.2684,32.3633,12.1228,1.4905,34.4279,0,5.9051,18.0690334
2082,186.97,38.1982,32.2306,12.1447,1.5078,34.0139,0,5.9676,18.31177866
2083,187.229,38.067,32.0884,12.2854,1.5177,28.0067,0.062893082,5.9786,18.64555158
2084,187.487,38.193,32.2794,12.0921,1.5086,33.2134,1.017388087,5.9136,18.24214206
2085,187.745,38.3039,32.2679,12.2337,1.5089,32.8278,1.971883093,6.036,18.45942993
2086,188.005,38.2262,32.0235,12.1697,1.5057,21.6322,2.933777284,6.2027,18.32391729
2087,188.265,38.2426,32.1847,12.336,1.5003,21.3849,3.895671476,6.0579,18.5077008
2088,188.524,38.3047,32.1067,12.6848,1.5048,31.7162,4.853866075,6.198,19.08808704
2089,188.784,38.5093,32.004,13.2463,1.4991,31.3618,5.815760266,6.5053,19.85752833
2090,189.045,38.4044,31.7012,13.6734,1.4808,20.6759,6.781354051,6.7032,20.24757072
2091,189.305,38.6367,31.7941,14.3994,1.4985,30.6748,7.743248243,6.8426,21.5775009
2092,189.565,39.0704,31.5089,15.1138,1.5115,20.2288,8.705142434,7.5615,22.8445087
2093,189.826,39.3251,31.5005,15.791,1.4986,30.0173,9.670736219,7.8246,23.6643926
2094,190.087,39.7469,31.3515,16.7045,1.5036,24.7487,10,8.3954,25.1168862
2095,190.348,39.9915,30.8871,17.46,1.5124,24.4885,10,9.1044,26.406504
2096,190.61,40.3542,31.0575,18.1862,1.5114,24.2328,10,9.2967,27.48662268
2097,190.872,40.5349,31.0937,18.3878,1.4986,28.7789,10,9.4412,27.55595708
2098,191.134,40.4954,31.0206,18.3737,1.5088,28.4845,10,9.4748,27.72223856
2099,191.396,40.5556,31.0024,18.4576,1.511,28.1961,10,9.5532,27.8894336
2100,191.658,40.5495,31.0117,18.5396,1.4881,27.9135,10,9.5378,27.58877876
2101,191.921,40.7012,31.1563,18.5815,1.517,27.6354,10,9.5449,28.1881355
2102,192.184,40.5887,31.1071,18.4941,1.5132,27.3629,10,9.4816,27.98527212
2103,192.448,40.7206,31.2768,18.5616,1.505,27.0946,10,9.4438,27.935208
2104,192.711,40.5233,31.0324,18.5723,1.503,26.8326,10,9.4909,27.9141669
2105,192.975,40.812,31.2003,18.4463,1.4941,26.5746,10,9.6117,27.56061683
2106,193.239,40.7466,31.0418,18.6729,1.5001,26.3215,10,9.7048,28.01121729
2107,193.503,40.7724,31.3243,18.3673,1.5119,26.0732,10,9.4481,27.76952087
2108,193.768,40.6665,31.046,18.5113,1.5113,30.1333,10,9.6205,27.97612769
2109,194.033,40.4954,30.9204,18.5948,1.5056,25.5885,10,9.575,27.99633088
2110,194.298,40.6996,31.2683,18.3473,1.513,25.3529,10,9.4313,27.7594649
2111,194.564,40.5436,31.1401,18.4421,1.5085,33.4943,10,9.4035,27.81990785
2112,194.832,40.6298,30.9713,18.4454,1.5132,33.1881,10,9.6585,27.91157928
2113,195.098,40.4325,30.9951,18.5276,1.5036,28.7784,10,9.4374,27.85809936
2114,195.364,40.6262,31.1608,18.5145,1.5059,24.4473,10,9.4654,27.88098555
2115,195.63,40.6734,31.0662,18.4207,1.4859,28.2699,10,9.6072,27.37131813
2116,195.898,40.6176,31.0036,18.4247,1.4992,32.0235,10,9.614,27.62231024
2117,196.165,40.6507,30.99,18.4542,1.5104,27.7764,10,9.6607,27.87322368
2118,196.432,40.6525,30.7711,18.4845,1.4954,27.5365,10,9.8814,27.6417213
2119,196.7,40.5577,31.0783,18.3808,1.5085,27.2998,10,9.4794,27.7274368
2120,196.969,40.6263,31.08,18.526,1.4908,23.1997,10,9.5463,27.6185608
2121,197.237,40.7223,31.1852,18.5162,1.5039,26.8376,10,9.5371,27.84651318
2122,197.505,40.6752,31.1621,18.4746,1.4847,30.4146,10,9.5131,27.42923862
2123,197.773,40.801,31.0644,18.6162,1.4997,30.1619,10,9.7366,27.91871514
2124,198.042,40.8131,31.2649,18.4602,1.4979,29.9124,10,9.5482,27.65153358
2125,198.311,40.6399,30.9018,18.6011,1.5017,29.667,10,9.7381,27.93327187
2126,198.58,40.6469,31.2989,18.3628,1.4909,25.7474,10,9.348,27.37709852
2127,198.85,40.6996,31.2089,18.5751,1.5101,21.8905,10,9.4907,28.05025851
2128,199.12,40.7345,30.9578,18.6729,1.4984,25.3337,10,9.7767,27.97947336
2129,199.391,40.707,31.1971,18.3752,1.4976,25.131,10,9.5099,27.51869952
2130,199.661,40.8051,31.2692,18.4107,1.5049,28.494,10,9.5359,27.70626243
2131,199.932,40.7852,31.1584,18.4367,1.5016,28.2696,10,9.6268,27.68454872
2132,200.203,40.676,31.0884,18.5604,1.5215,21.0365,10,9.5876,28.2396486
2133,200.474,40.7587,31.2571,18.389,1.5113,24.3523,10,9.5016,27.7912957
2134,200.745,40.7258,31.2636,18.5097,1.4926,27.6171,10,9.4622,27.62757822
2135,201.018,40.546,31.1071,18.4315,1.5093,27.4048,10,9.4389,27.81866295
2136,201.29,40.5728,30.925,18.431,1.5045,27.1964,10,9.6478,27.7294395
2137,201.562,40.6647,31.029,18.6242,1.5049,26.9911,10,9.6357,28.02755858
2138,201.836,40.6537,31.1023,18.4433,1.504,26.7875,10,9.5514,27.7387232
2139,202.109,40.5883,31.043,18.4189,1.5067,26.5876,10,9.5453,27.75175663
2140,202.383,40.738,31.3141,18.384,1.4928,26.39,10,9.4239,27.4436352
2141,202.656,40.6385,31.0121,18.4774,1.5054,26.196,10,9.6264,27.81587796
2142,202.93,40.7497,31.1071,18.4578,1.4944,26.0042,10,9.6426,27.58333632
2143,203.204,40.6864,31.0713,18.4075,1.5005,25.8151,10,9.6151,27.62045375
2144,203.478,40.6589,31.2588,18.5193,1.5159,28.8323,10,9.4001,28.07340687
2145,203.753,40.7921,31.3311,18.4267,1.4912,25.4444,10,9.461,27.47789504
2146,204.028,40.5251,30.7053,18.4925,1.4929,31.5784,10,9.8198,27.60745325
2147,204.304,40.652,31.0093,18.4531,1.5166,28.2183,10,9.6427,27.98597146
2148,204.579,40.6298,31.0664,18.559,1.5038,31.1329,10,9.5634,27.9090242
2149,204.855,40.6922,31.2399,18.5523,1.5087,30.9145,10,9.4523,27.98985501
2150,205.131,40.6996,31.2123,18.4827,1.4891,30.6991,10,9.4873,27.52258857
2151,205.407,40.6391,31.2581,18.5081,1.5073,24.3893,10,9.381,27.89725913
2152,205.683,40.7171,31.1954,18.4363,1.511,27.2494,10,9.5217,27.8572493
2153,205.96,40.676,31.141,18.6374,1.5079,24.0558,10,9.535,28.10333546
2154,206.237,40.6158,31.1343,18.4544,1.5001,23.8922,10,9.4815,27.68344544
2155,206.514,40.6063,31.0644,18.5787,1.5104,23.7307,10,9.5419,28.06126848
2156,206.791,40.6385,31.1818,18.5167,1.5048,23.5715,10,9.4567,27.86393016
2157,207.069,40.7018,31.0076,18.4689,1.5295,26.3405,10,9.6942,28.24818255
2158,207.347,40.6577,31.0494,18.4681,1.5158,26.1654,10,9.6083,27.99394598
2159,207.625,40.528,31.0816,18.5632,1.5157,28.8807,10,9.4464,28.13624224
2160,207.904,40.6244,31.0145,18.435,1.4897,28.6906,10,9.6099,27.4626195
2161,208.183,40.577,31.1309,18.4087,1.5087,25.6527,10,9.4461,27.77320569
2162,208.462,40.6382,31.0437,18.4876,1.4981,28.3178,10,9.5945,27.69627356
2163,208.742,40.6769,31.0324,18.5995,1.5017,28.1344,10,9.6445,27.93086915
2164,209.022,40.6123,30.9478,18.5145,1.5152,27.9533,10,9.6645,28.0531704
2165,209.303,40.5163,30.9323,18.3884,1.4955,27.7739,10,9.584,27.4998522
2166,209.583,40.5006,31.0273,18.459,1.5083,27.5974,10,9.4733,27.8417097
2167,209.865,40.6944,30.9917,18.4738,1.5186,30.1641,10,9.7027,28.05431268
2168,210.146,40.738,31.1614,18.4279,1.4858,27.2492,10,9.5766,27.38017382
2169,210.427,40.6416,31.2034,18.4059,1.508,27.0787,10,9.4382,27.7560972
2170,210.709,40.6967,31.0179,18.3972,1.5183,26.9098,10,9.6788,27.93246876
2171,210.991,40.6244,31.0214,18.5752,1.4976,29.4172,10,9.603,27.81821952
2172,211.274,40.6298,31.1937,18.4787,1.4969,26.5775,10,9.4361,27.66076603
2173,211.557,40.6507,31.1716,18.4363,1.4928,29.0555,10,9.4791,27.52170864
2174,211.84,40.6717,31.2335,18.4794,1.5244,26.2527,10,9.4382,28.16999736
2175,212.123,40.7243,31.0403,18.4464,1.4987,28.7026,10,9.684,27.64561968
2176,212.407,40.6604,31.1326,18.3481,1.512,25.9352,10,9.5278,27.7423272
2177,212.69,40.7156,31.1232,18.4718,1.4832,25.7796,10,9.5924,27.39737376
2178,212.974,40.7153,31.1173,18.5508,1.5031,25.6254,10,9.598,27.88370748
2179,213.258,40.6469,31.0477,18.5584,1.5003,28.0202,10,9.5992,27.84316752
2180,213.542,40.8482,31.2874,18.4901,1.5165,25.3223,10,9.5608,28.04023665
2181,213.827,40.6595,30.9646,18.5456,1.5013,25.1729,10,9.6949,27.84250928
2182,214.112,40.5829,31.0613,18.5468,1.5115,25.0252,10,9.5216,28.0334882
2183,214.397,40.6926,30.9591,18.3481,1.4985,29.8552,10,9.7335,27.49462785
2184,214.682,40.5504,31.061,18.3311,1.5201,29.6821,10,9.4894,27.86510511
2185,214.968,40.5948,31.0868,18.4397,1.499,29.5104,10,9.508,27.6411103
2186,215.254,40.6787,31.1414,18.3815,1.4985,24.4506,10,9.5373,27.54467775
2187,215.54,40.7101,31.1784,18.3922,1.5105,26.7419,10,9.5317,27.7814181
2188,215.828,40.5745,31.0231,18.5126,1.4968,29.006,10,9.5514,27.70965968
2189,216.115,40.6411,30.9255,18.4311,1.497,26.438,10,9.7156,27.5913567
2190,216.402,40.5986,31.0239,18.5859,1.501,28.6788,10,9.5747,27.8974359
2191,216.689,40.7747,31.1784,18.484,1.5121,28.5179,10,9.5963,27.9496564
2192,216.978,40.5797,30.8975,18.5389,1.5103,28.3578,10,9.6822,27.99930067
2193,217.266,40.7304,31.1418,18.5657,1.4997,28.1999,10,9.5886,27.84298029
2194,217.554,40.5076,31.0343,18.467,1.4961,25.7069,10,9.4733,27.6284787
2195,217.843,40.7188,31.102,18.5546,1.4895,27.889,10,9.6168,27.6370767
2196,218.133,40.656,31.1495,18.4806,1.5054,27.7352,10,9.5065,27.82069524
2197,218.422,40.6449,31.1156,18.6577,1.495,25.2851,10,9.5293,27.8932615
2198,218.711,40.8672,31.2975,18.3409,1.5042,27.4339,10,9.5697,27.58838178
2199,219.001,40.5582,30.9035,18.5034,1.5071,27.2851,10,9.6547,27.88647414
2200,219.291,40.642,31.1003,18.5069,1.5047,27.138,10,9.5417,27.84733243
2201,219.583,40.5251,31.2276,18.3916,1.5019,26.9914,10,9.2975,27.62234404
2202,219.874,40.738,31.2819,18.4822,1.5076,26.8469,10,9.4561,27.86376472
2203,220.165,40.7206,31.1326,18.4255,1.5097,28.9292,10,9.588,27.81697735
2204,220.456,40.6468,31.1232,18.5237,1.5111,26.5625,10,9.5236,27.99116307
2205,220.748,40.7642,31.1886,18.4575,1.4885,26.422,10,9.5756,27.47398875
2206,221.04,40.7555,31.1818,18.4893,1.5146,26.2831,10,9.5737,28.00389378
2207,221.333,40.5763,31.1143,18.4657,1.4954,26.1451,10,9.462,27.61360778
2208,221.626,40.6019,31.0104,18.5899,1.5019,26.0086,10,9.5915,27.92017081
2209,221.919,40.4822,31.0145,18.479,1.5096,28.0296,10,9.4677,27.8958984
2210,222.212,40.5687,30.9578,18.5213,1.5051,27.8847,10,9.6109,27.87640863
2211,222.506,40.7415,30.9476,18.4425,1.5118,27.7408,10,9.7939,27.8813715
2212,222.799,40.5848,30.9302,18.5123,1.5034,27.5989,10,9.6546,27.83139182
2213,223.093,40.5745,31.1418,18.4684,1.4921,25.3459,10,9.4327,27.55669964
2214,223.387,40.5745,31.0059,18.5748,1.5059,29.4199,10,9.5686,27.97179132
2215,223.682,40.5298,31.0128,18.4177,1.5,29.2707,10,9.517,27.62655
2216,223.978,40.7118,31.1886,18.5612,1.4778,29.1225,10,9.5232,27.42974136
2217,224.274,40.4265,30.937,18.5822,1.5094,28.9758,10,9.4895,28.04797268
2218,224.57,40.5986,31.0472,18.3693,1.4866,28.8305,10,9.5514,27.30780138
2219,224.866,40.6779,31.0918,18.4259,1.5101,28.6868,10,9.5861,27.82495159
2220,225.162,40.5324,31.1003,18.5161,1.5037,24.4666,10,9.4321,27.84265957
2221,225.458,40.8971,31.2106,18.4027,1.496,28.4034,10,9.6865,27.5304392
2222,225.754,40.6036,31.0206,18.5276,1.5099,28.2638,10,9.583,27.97482324
2223,226.052,40.7311,31.0902,18.4173,1.509,28.1247,10,9.6409,27.7917057
2224,226.35,40.6503,30.9647,18.4063,1.5018,27.9869,10,9.6856,27.64258134
2225,226.647,40.6473,31.1132,18.4853,1.5064,27.8509,10,9.5341,27.84625592
2226,226.945,40.6692,31.1433,18.4502,1.4945,27.7158,10,9.5259,27.5738239
2227,227.243,40.6331,31.1958,18.4118,1.4863,23.6417,10,9.4373,27.36545834
2228,227.541,40.7764,31.1396,18.5173,1.4983,27.4495,10,9.6368,27.74447059
2229,227.84,40.7014,31.0869,18.542,1.4901,27.3178,10,9.6145,27.6294342
2230,228.139,40.553,30.8632,18.4143,1.4945,27.1874,10,9.6898,27.52017135
2231,228.438,40.7432,31.129,18.3984,1.5013,27.0582,10,9.6142,27.62151792
2232,228.737,40.6804,31.179,18.4315,1.509,26.9302,10,9.5014,27.8131335
2233,229.037,40.567,31.0944,18.5645,1.5027,26.803,10,9.4726,27.89687415
2234,229.337,40.6839,31.2411,18.4622,1.5128,26.677,10,9.4428,27.92961616
2235,229.637,40.3327,30.8525,18.4059,1.5175,28.4488,10,9.4802,27.93095325
2236,229.938,40.7303,31.0392,18.2906,1.5295,26.4281,10,9.6911,27.9754727
2237,230.239,40.5906,30.917,18.362,1.4904,28.1841,10,9.6736,27.3667248
2238,230.54,40.3967,31.0104,18.4516,1.5094,26.1834,10,9.3863,27.85084504
2239,230.843,40.7468,30.9866,18.5173,1.509,26.062,10,9.7602,27.9426057
2240,231.146,40.6612,31.27,18.3828,1.5024,27.7946,10,9.3912,27.61831872
2241,231.448,40.7243,31.1728,18.5245,1.4962,27.6673,10,9.5515,27.7163569
2242,231.75,40.4605,31.0613,18.4155,1.5108,29.3772,10,9.3992,27.8221374
2243,232.054,40.4675,31.0969,18.4254,1.5061,29.243,10,9.3706,27.75049494
2244,232.357,40.6847,31.1195,18.422,1.4973,27.291,10,9.5652,27.5832606
2245,232.661,40.6647,31.0193,18.4826,1.5043,28.9786,10,9.6454,27.80337518
2246,232.965,40.7691,31.1886,18.5081,1.4997,27.045,10,9.5805,27.75659757
2247,233.269,40.6992,31.0307,18.4147,1.4922,28.7186,10,9.6685,27.47841534
2248,233.574,40.8497,31.2106,18.4738,1.4952,28.5899,10,9.6391,27.62202576
2249,233.879,40.6787,30.9866,18.3301,1.5102,26.6834,10,9.6921,27.68211702
2250,234.184,40.5949,31.0375,18.4769,1.4987,28.3359,10,9.5574,27.69133003
2251,234.489,40.6507,31.0952,18.5158,1.5007,28.2106,10,9.5555,27.78666106
2252,234.794,40.6158,31.0602,18.4726,1.504,28.0864,10,9.5556,27.7827904
2253,235.1,40.674,31.2276,18.4646,1.5032,27.9628,10,9.4464,27.75598672
2254,235.407,40.6211,30.9272,18.4642,1.4937,27.84,10,9.6939,27.57997554
2255,235.713,40.5246,30.8458,18.4909,1.4949,27.7187,10,9.6788,27.64204641
2256,236.02,40.7896,31.0231,18.4297,1.5168,27.598,10,9.7665,27.95416896
2257,236.327,40.6606,31.1519,18.4874,1.5147,27.4783,10,9.5087,28.00286478
2258,236.634,40.7122,31.1195,18.4165,1.499,27.3597,10,9.5927,27.6063335
2259,236.944,40.738,31.0952,18.5448,1.5074,27.2409,10,9.6428,27.95443152
2260,237.252,40.6158,30.9921,18.5445,1.4997,27.124,10,9.6237,27.81118665
2261,237.56,40.5897,30.9459,18.5306,1.5031,27.008,10,9.6438,27.85334486
2262,237.869,40.4403,30.976,18.4183,1.5205,28.5734,10,9.4643,28.00502515
2263,238.178,40.674,31.2021,18.4782,1.5054,26.7783,10,9.4719,27.81708228
2264,238.487,40.5635,30.9153,18.4458,1.495,26.6649,10,9.6482,27.576471
2265,238.796,40.6451,30.9715,18.5284,1.4997,26.5524,10,9.6736,27.78704148
2266,239.106,40.7587,31.2335,18.5133,1.5115,26.4406,10,9.5252,27.98285295
2267,239.416,40.927,31.2606,18.5669,1.499,29.6209,10,9.6664,27.8317831
2268,239.726,40.5229,31.0575,18.5228,1.4958,26.2197,10,9.4654,27.70640424
2269,240.037,40.4489,30.8097,18.5173,1.5129,26.1102,10,9.6392,28.01482317
2270,240.349,40.4219,31.0053,18.3824,1.5027,27.6265,10,9.4166,27.62323248
2271,240.661,40.5522,31.061,18.4704,1.4946,25.8934,10,9.4912,27.60585984
2272,240.973,40.6124,31.0506,18.4723,1.5027,27.398,10,9.5618,27.75832521
2273,241.285,40.7686,31.2141,18.5622,1.4988,25.6802,10,9.5545,27.82102536
2274,241.598,40.5355,30.9578,18.4043,1.4991,25.5745,10,9.5777,27.58988613
2275,241.911,40.5373,31.0256,18.4563,1.5079,27.0616,10,9.5117,27.83025477
2276,242.224,40.6546,30.9764,18.5572,1.5003,28.5365,10,9.6782,27.84136716
2277,242.538,40.4465,30.951,18.5121,1.5205,28.4202,10,9.4955,28.14764805
2278,242.852,40.6752,30.9951,18.4297,1.4984,26.7323,10,9.6801,27.61506248
2279,243.166,40.6721,30.9917,18.386,1.5053,26.6242,10,9.6804,27.6764458
2280,243.48,40.5163,31.1326,18.4786,1.5075,26.517,10,9.3837,27.8564895
2281,243.794,40.738,31.1358,18.6418,1.5058,26.4106,10,9.6022,28.07082244
2282,244.109,40.6818,30.9035,18.6238,1.5052,27.8521,10,9.7783,28.03254376
2283,244.424,40.6348,31.1797,18.4463,1.501,26.1997,10,9.4551,27.6878963
2284,244.739,40.3767,30.9798,18.535,1.4929,29.1656,10,9.3969,27.6709015
2285,245.056,40.5914,31.1563,18.4869,1.4999,27.5204,10,9.4351,27.72850131
2286,245.372,40.6979,31.1132,18.4418,1.5009,27.4115,10,9.5847,27.67929762
2287,245.688,40.6294,31.2531,18.372,1.4996,27.3035,10,9.3763,27.5506512
2288,246.005,40.8131,31.3328,18.3445,1.5003,28.7068,10,9.4803,27.52225335
2289,246.322,40.5948,30.9577,18.4342,1.5003,27.0893,10,9.6371,27.65683026
2290,246.639,40.6665,31.0749,18.5567,1.5015,26.9834,10,9.5916,27.86288505
2291,246.957,40.7206,31.055,18.3197,1.5073,28.3713,10,9.6656,27.61328381
2292,247.275,40.5418,30.9973,18.4449,1.5171,26.7735,10,9.5445,27.98275779
2293,247.593,40.6211,31.1715,18.3285,1.5026,26.6698,10,9.4496,27.5404041
2294,247.913,40.5848,31.2847,18.5,1.4957,28.0421,10,9.3001,27.67045
2295,248.232,40.6525,31.0813,18.629,1.517,29.4041,10,9.5712,28.260193
2296,248.553,40.4168,31.2005,18.4387,1.4919,26.3614,10,9.2163,27.50869653
2297,248.873,40.5931,31.1151,18.5835,1.504,27.7191,10,9.478,27.949584
2298,249.194,40.436,30.9527,18.4718,1.4932,26.1595,10,9.4833,27.58209176
2299,249.514,40.6857,31.1715,18.4546,1.5056,28.9553,10,9.5142,27.78524576
2300,249.835,40.4273,30.9662,18.4474,1.497,25.9606,10,9.4611,27.6157578
2301,250.156,40.7223,31.1884,18.4992,1.5068,27.2989,10,9.5339,27.87459456
2302,250.477,40.6525,31.2072,18.4323,1.4993,28.6271,10,9.4453,27.63554739
2303,250.798,40.5425,31.0418,18.5649,1.507,27.0934,10,9.5007,27.9773043
2304,251.12,40.6382,30.8923,18.4878,1.5207,25.5709,10,9.7459,28.11439746
2305,251.443,40.6502,31.1986,18.4094,1.506,28.3053,10,9.4516,27.7245564
2306,251.765,40.8532,31.3769,18.5489,1.5067,28.1996,10,9.4763,27.94762763
2307,252.088,40.7826,31.1954,18.4559,1.4956,28.0944,10,9.5872,27.60264404
2308,252.411,40.5547,30.9779,18.386,1.4952,27.99,10,9.5768,27.4907472
2309,252.735,40.6577,30.9272,18.5668,1.5124,27.886,10,9.7305,28.08042832
2310,253.059,40.5126,30.82,18.5101,1.5238,25.0045,10,9.6926,28.20569038
2311,253.383,40.5659,30.999,18.4154,1.5081,26.2963,10,9.5669,27.77226474
2312,253.707,40.5421,31.1088,18.475,1.5078,27.5786,10,9.4333,27.856605
2313,254.032,40.7276,31.0732,18.4391,1.507,27.4774,10,9.6544,27.7877237
2314,254.358,40.6158,31.231,18.4235,1.4987,27.3765,10,9.3848,27.61129945
2315,254.683,40.6954,31.175,18.4355,1.507,27.2767,10,9.5204,27.7822985
2316,255.009,40.6382,31.0971,18.4732,1.4864,27.1774,10,9.5411,27.45856448
2317,255.336,40.6416,31.1694,18.4799,1.4974,27.0784,10,9.4722,27.67180226
2318,255.662,40.6385,31.2016,18.4409,1.5023,26.9805,10,9.4369,27.70376407
2319,255.989,40.5094,30.9255,18.5145,1.4997,26.883,10,9.5839,27.76619565
2320,256.317,40.7084,31.063,18.4243,1.4848,28.1252,10,9.6454,27.35640064
2321,256.644,40.5694,30.9577,18.4704,1.4936,26.6898,10,9.6117,27.58738944
2322,256.973,40.6507,31.1512,18.5303,1.5041,26.5937,10,9.4995,27.87142423
2323,257.301,40.7363,31.08,18.5452,1.496,26.4987,10,9.6563,27.7436192
2324,257.629,40.6682,31.0206,18.5201,1.4947,27.7246,10,9.6476,27.68199347
2325,257.958,40.7828,31.2301,18.4371,1.5013,26.3104,10,9.5527,27.67961823
2326,258.287,40.5827,30.7592,18.4889,1.5009,27.5279,10,9.8235,27.74999001
2327,258.616,40.7972,31.2038,18.402,1.5044,27.4306,10,9.5934,27.6839688
2328,258.946,40.5949,30.8087,18.5476,1.4951,26.0321,10,9.7862,27.73051676
2329,259.276,40.5349,31.0162,18.4867,1.5093,27.2375,10,9.5187,27.90197631
2330,259.606,40.7484,31.0541,18.4921,1.5079,27.142,10,9.6943,27.88423759
2331,259.937,40.6663,31.0952,18.4718,1.5086,28.3348,10,9.5711,27.86655748
2332,260.268,40.7118,31.1959,18.5704,1.5035,26.9524,10,9.5159,27.9205964
2333,260.599,40.5298,31.0592,18.4337,1.4896,26.8585,10,9.4706,27.45883952
2334,260.931,40.6726,31.116,18.5984,1.502,28.0396,10,9.5566,27.9347968
2335,261.264,40.6193,31.1023,18.4268,1.5078,26.672,10,9.517,27.78392904
2336,261.596,40.6527,31.1275,18.475,1.4899,26.5798,10,9.5252,27.5259025
2337,261.929,40.6246,31.1038,18.3401,1.5156,25.2267,10,9.5208,27.79625556
2338,262.262,40.6996,31.3277,18.4822,1.5017,27.6538,10,9.3719,27.75471974
2339,262.595,40.6961,31.0324,18.4522,1.5016,27.559,10,9.6637,27.70782352
2340,262.93,40.7346,31.1246,18.426,1.4867,26.2158,10,9.61,27.3939342
2341,263.264,40.6731,31.0042,18.5065,1.4901,27.3703,10,9.6689,27.57653565
2342,263.598,40.5146,30.8895,18.6074,1.4791,28.517,10,9.6251,27.52220534
2343,263.933,40.4902,30.9915,18.4886,1.5189,27.1843,10,9.4987,28.08233454
2344,264.268,40.7862,31.0868,18.5476,1.4985,27.0921,10,9.6994,27.7935786
2345,264.603,40.5126,31.1487,18.3941,1.5169,27.0005,10,9.3639,27.90201029
2346,264.94,40.5408,30.8441,18.4446,1.5185,28.1321,10,9.6967,28.0081251
2347,265.277,40.8137,31.0334,18.5763,1.508,26.818,10,9.7803,28.0130604
2348,265.613,40.6023,31.2106,18.4327,1.5045,27.9429,10,9.3917,27.73199715
2349,265.951,40.6391,31.1495,18.4574,1.4803,27.8489,10,9.4896,27.32248922
2350,266.289,40.612,31.1309,18.5129,1.5044,26.5487,10,9.4811,27.85080676
2351,266.627,40.6542,31.0888,18.4331,1.4969,27.6627,10,9.5654,27.59250739
2352,266.966,40.5814,31.0526,18.4299,1.528,27.5703,10,9.5288,28.1608872
2353,267.305,40.6106,31.0888,18.4283,1.4864,27.4784,10,9.5218,27.39182512
2354,267.644,40.6263,31.0982,18.4418,1.4934,27.3872,10,9.5281,27.54098412
2355,267.984,40.5879,31.0324,18.4111,1.4923,28.4831,10,9.5555,27.47488453
2356,268.325,40.6944,31.0715,18.4279,1.5013,27.2058,10,9.6229,27.66580627
2357,268.666,40.656,31.0935,18.5372,1.5033,25.9369,10,9.5625,27.86697276
2358,269.008,40.7694,31.1665,18.538,1.4821,25.8512,10,9.6029,27.4751698
2359,269.35,40.649,31.1621,18.5823,1.4831,25.766,10,9.4869,27.55940913
2360,269.691,40.6281,31.1884,18.481,1.4833,25.6817,10,9.4397,27.4128673
2361,270.033,40.6665,31.149,18.5831,1.4934,25.5977,10,9.5175,27.75200154
2362,270.375,40.6176,31.085,18.4103,1.4979,27.8336,10,9.5326,27.57678837
2363,270.717,40.5844,30.8651,18.5739,1.5042,26.5872,10,9.7193,27.93886038
2364,271.06,40.5792,30.9365,18.5077,1.5065,26.5008,10,9.6427,27.88185005
2365,271.403,40.7188,31.1245,18.4159,1.5097,27.5634,10,9.5943,27.80248423
2366,271.746,40.6804,31.2242,18.461,1.489,27.4744,10,9.4562,27.488429
2367,272.09,40.649,31.0223,18.5867,1.5073,27.3857,10,9.6267,28.01573291
2368,272.435,40.6139,31.2581,18.4881,1.4972,27.2974,10,9.3558,27.68038332
2369,272.779,40.7516,31.1682,18.4522,1.5055,27.2098,10,9.5834,27.7797871
2370,273.125,40.6001,31.0579,18.4411,1.5034,27.1223,10,9.5422,27.72434974
2371,273.471,40.5495,31.085,18.613,1.499,25.9089,10,9.4645,27.900887
2372,273.816,40.6141,31.102,18.4841,1.5057,26.9493,10,9.5121,27.83150937
2373,274.162,40.5914,30.9323,18.5696,1.5078,26.8634,10,9.6591,27.99924288
2374,274.508,40.8026,31.2446,18.4977,1.5076,27.8939,10,9.558,27.88713252
2375,274.854,40.5418,31.1328,18.4913,1.4971,27.8056,10,9.409,27.68332523
2376,275.201,40.5931,30.9816,18.4826,1.5104,26.609,10,9.6115,27.91611904
2377,275.548,40.5751,31.0155,18.3752,1.4942,27.6303,10,9.5596,27.45622384
2378,275.896,40.5751,31.2412,18.5073,1.5078,28.6449,10,9.3339,27.90530694
2379,276.245,40.6682,31.0562,18.4083,1.5127,27.4563,10,9.612,27.84623541
2380,276.593,40.6525,31.3125,18.48,1.5088,27.3703,10,9.34,27.882624
2381,276.942,40.4902,31.0087,18.533,1.5027,27.2846,10,9.4815,27.8495391
2382,277.291,40.5281,31.1557,18.6146,1.516,26.1114,10,9.3724,28.2197336
2383,277.64,40.5441,30.917,18.5105,1.4976,28.1993,10,9.6271,27.7213248
2384,277.991,40.5984,31.1597,18.5177,1.505,28.1113,10,9.4387,27.8691385
2385,278.341,40.6019,31.2072,18.5025,1.493,28.0241,10,9.3947,27.6242325
2386,278.691,40.6263,30.9391,18.5224,1.5205,26.8629,10,9.6872,28.1633092
2387,279.042,40.6246,31.1264,18.5077,1.5245,26.7799,10,9.4982,28.21498865
2388,279.393,40.387,30.8899,18.5528,1.5082,27.7652,10,9.4971,27.98133296
2389,279.745,40.6717,31.1309,18.5572,1.5168,27.6796,10,9.5408,28.14756096
2390,280.097,40.7537,31.248,18.3962,1.5196,26.5333,10,9.5057,27.95486552
2391,280.449,40.8201,31.1283,18.4506,1.5095,27.5101,10,9.6918,27.8511807
2392,280.801,40.6663,31.046,18.4418,1.5038,27.4261,10,9.6203,27.73277884
2393,281.154,40.649,31.1818,18.5436,1.5032,27.3424,10,9.4672,27.87473952
2394,281.507,40.4989,31.1122,18.4832,1.504,27.2592,10,9.3867,27.7987328
2395,281.86,40.6647,31.1733,18.4462,1.5065,29.2669,10,9.4914,27.7892003
2396,282.216,40.6036,31.1054,18.4965,1.4981,27.0935,10,9.4982,27.70960665
2397,282.57,40.6054,30.9934,18.4959,1.5106,27.0116,10,9.612,27.93990654
2398,282.925,40.6595,30.9986,18.3636,1.5092,29.0015,10,9.6609,27.71434512
2399,283.281,40.5757,30.9951,18.4571,1.5009,26.8485,10,9.5806,27.70226139
2400,283.636,40.5547,31.0341,18.4937,1.5019,27.7974,10,9.5206,27.77568803
2401,283.992,40.6089,31.0493,18.3848,1.5059,26.6874,10,9.5596,27.68567032
2402,284.349,40.6926,31.0206,18.3632,1.5003,27.6306,10,9.672,27.55030896
2403,284.705,40.6176,31.1699,18.4923,1.4917,26.5277,10,9.4477,27.58496391
2404,285.062,40.6663,31.1122,18.5755,1.4995,28.483,10,9.5541,27.85396225
2405,285.42,40.5582,30.9968,18.5484,1.5028,28.398,10,9.5614,27.87453552
