,Unnamed: 0,Unnamed: 0.1,Time (sec),PT1 (psi),PT2 (psi),torque (mNm),V (V),I (A),Speed (RPM),Flow Rate (GPM),DP (psi),GV
0,0,1903,0.0,36.8857,27.35,139.3094,11.9367,2.6133,3507.6779,25.2145,9.5357,12.259459459459459
1,1,1904,0.28300000000000003,37.0304,27.4228,138.9241,11.8769,2.6133,3595.5415,26.3319,9.6076,12.259459459459459
2,2,1905,0.556,37.0095,27.4194,139.798,11.7861,3.049,3569.3039,25.1034,9.5901,12.259459459459459
3,3,1906,0.835,37.0549,27.525,134.2262,11.9924,3.0909,3706.7546,26.4196,9.5299,12.259459459459459
4,4,1907,1.103,36.7546,27.0976,141.4663,11.8273,2.9848,3777.7031,26.4887,9.657,12.259459459459459
5,5,1908,1.371,36.9135,27.5647,135.549,11.669,2.8857,3488.3720000000008,26.0555,9.3488,12.259459459459459
6,6,1909,1.649,37.0148,27.2807,137.3484,11.8722,3.1161,3586.3715,25.6425,9.7341,12.259459459459459
7,7,1910,1.926,36.8208,27.2608,139.6155,11.9595,2.982,3679.4768,26.1442,9.56,12.259459459459459
8,8,1911,2.198,36.9731,27.3175,137.5562,11.9196,3.0469,3602.4497,25.3476,9.6556,12.259459459459459
9,9,1912,2.478,37.0549,27.0833,141.9094,11.8273,2.9219,3752.3452,26.4618,9.9716,12.259459459459459
10,10,1913,2.748,36.7745,27.1717,136.4825,11.78,2.9359,3561.6762,25.9988,9.6028,12.259459459459459
11,11,1914,3.025,36.8622,27.3005,137.3998,11.8958,3.0097,3643.7246,25.6714,9.5617,12.259459459459459
12,12,1915,3.302,37.1678,27.5415,140.4497,11.9487,2.7678,3738.9389,27.2872,9.6263,12.259459459459459
13,13,1916,3.57,36.9501,27.416,135.9899,11.9487,2.8616,3801.4782,26.7039,9.5341,12.259459459459459
14,14,1917,3.838,36.8515,27.5019,141.1535,11.8226,3.0199,3545.6801,25.5062,9.3496,12.259459459459459
15,15,1918,4.119,36.9841,27.3863,137.0858,11.9493,2.8384,3772.1613,27.1027,9.5978,12.259459459459459
16,16,1919,4.387,37.0131,27.255,141.9094,12.0147,3.0255,3549.8757,25.7738,9.7581,12.259459459459459
17,17,1920,4.667,36.9738,27.3665,138.2526,11.9304,3.1021,3729.9516,27.3916,9.6073,12.259459459459459
18,18,1921,4.935,37.0057,27.3345,140.5612,11.8864,2.8575,3814.2058,26.6065,9.6712,12.259459459459459
19,19,1922,5.204,37.0723,27.2972,135.2623,11.7561,2.9731,3643.8723,26.2684,9.7751,12.259459459459459
20,20,1923,5.481,36.9571,27.284,137.1913,12.0015,2.8310000000000004,3712.5649,25.5957,9.6731,12.259459459459459
21,21,1924,5.757999999999999,36.9371,27.2443,140.1629,12.0231,3.0043,3511.7839,25.6254,9.6928,12.259459459459459
22,22,1925,6.041,37.0205,27.2666,137.0249,12.0579,3.0272,3545.1215,27.0735,9.7539,12.259459459459459
23,23,1926,6.318,36.8967,27.4755,136.7731,12.0359,3.0859,3646.6774,25.984,9.4212,12.259459459459459
24,24,1927,6.597,37.0025,27.175,138.5199,11.7804,2.88,3794.9064,25.5589,9.8275,12.259459459459459
25,25,1928,6.874,36.9609,27.3549,139.6676,11.8734,2.9376,3565.6274,26.6104,9.606,12.259459459459459
26,26,1929,7.153,36.9799,27.2191,142.8612,11.8249,2.9271,3762.07,25.772,9.7608,12.259459459459459
27,27,1930,7.431,36.9013,27.3073,136.6178,11.958,2.8639,3609.0947,27.3865,9.594,12.259459459459459
28,28,1931,7.706,36.8623,27.492,136.5022,11.9328,2.8967,3596.8347,26.5678,9.3703,12.259459459459459
29,29,1932,7.985,36.8908,27.3269,137.3998,11.8895,2.9851,3787.0817,26.3547,9.5639,12.259459459459459
30,30,1933,8.26,36.9332,27.2123,136.9099,11.9471,2.9854,3504.673,25.835,9.7209,12.259459459459459
31,31,1934,8.545,36.7964,27.1387,139.3622,11.8296,3.1148,3544.1442,27.3066,9.6577,12.259459459459459
32,32,1935,8.822000000000003,36.9265,27.6427,136.2789,11.7651,2.9661,3644.4624,26.4302,9.2838,12.259459459459459
33,33,1936,9.101,37.139,27.3764,137.46,11.9777,3.0309,3519.612,25.3917,9.7626,12.259459459459459
34,34,1937,9.389,37.0723,27.4755,136.8263,11.8103,2.9731,3703.3989,26.9038,9.5968,12.259459459459459
35,35,1938,9.666,36.8789,27.4227,134.9849,11.9657,2.9887,3775.4846,26.3757,9.4562,12.259459459459459
36,36,1939,9.943,37.0112,27.1585,137.8827,11.9131,3.0098,3595.5415,25.508000000000006,9.8527,12.259459459459459
37,37,1940,10.228,36.9777,27.1684,137.2901,11.9855,2.9774,3697.4653,26.9326,9.8093,12.259459459459459
38,38,1941,10.507,36.9569,27.1003,136.6178,11.9753,2.9581,3530.5195,25.8258,9.8566,12.259459459459459
39,39,1942,10.795,37.0689,27.5042,136.1225,11.921,2.9874,3726.2453,26.9296,9.5647,12.259459459459459
40,40,1943,11.073,36.9825,27.287,136.8003,11.8328,2.9501,3585.9428,26.0239,9.6955,12.259459459459459
41,41,1944,11.36,37.0447,27.426,138.9378,12.0749,3.0154,3707.9763,25.584,9.6187,12.259459459459459
42,42,1945,11.644,36.8796,27.2641,140.2077,11.8572,3.016,3776.2766,26.6357,9.6155,12.259459459459459
43,43,1946,11.923,36.9571,27.3786,139.0681,11.8471,2.869,3648.7473,25.5482,9.5785,12.259459459459459
44,44,1947,12.21,36.9977,27.459,141.9777,12.0666,3.0799,3529.6887,27.0214,9.5387,12.259459459459459
45,45,1948,12.494000000000002,36.9969,27.4031,135.0016,11.9196,3.0544,3571.2868,25.9757,9.5938,12.259459459459459
46,46,1949,12.782,36.7489,27.1105,137.1112,11.9366,2.9592,3748.9067,27.0104,9.6384,12.259459459459459
47,47,1950,13.061,37.0057,27.2873,135.7164,11.78,2.9767,3595.9726,25.867,9.7184,12.259459459459459
48,48,1951,13.349,36.6988,27.2476,135.7576,11.8289,2.9201,3521.6777,26.883000000000006,9.4512,12.259459459459459
49,49,1952,13.637,36.8823,27.5415,142.1047,11.8005,2.9799,3650.6711,25.7284,9.3408,12.259459459459459
50,50,1953,13.925,37.0514,27.4363,141.8051,11.8903,2.9677,3518.7863,26.7548,9.6151,12.259459459459459
51,51,1954,14.212,36.9387,27.2377,137.0373,11.8572,2.92,3663.3017,25.6641,9.701,12.259459459459459
52,52,1955,14.5,36.8733,27.3182,136.7481,11.9178,3.0574,3563.0864,26.3967,9.5551,12.259459459459459
53,53,1956,14.788,37.0072,27.284,141.171,11.9808,2.9867,3753.2841,26.7333,9.7232,12.259459459459459
54,54,1957,15.07,36.8761,27.4028,136.826,11.8596,2.9694,3689.8854,25.7538,9.4733,12.259459459459459
55,55,1958,15.358,36.9965,27.1275,138.6771,11.9651,2.9828,3540.9372,26.4858,9.869,12.259459459459459
56,56,1959,15.648,37.0554,27.4669,139.82399999999998,11.7297,3.0037,3807.4287,25.9047,9.5885,12.259459459459459
57,57,1960,15.934,37.0131,27.3752,139.7719,12.2015,2.9879,3552.8186,26.2203,9.6379,12.259459459459459
58,58,1961,16.224,37.025,27.253,138.7032,11.7887,2.9936,3522.7807,26.062,9.772,12.259459459459459
59,59,1962,16.517,37.0076,27.2734,139.7198,12.017,2.9741,3613.4418,26.6007,9.7342,12.259459459459459
60,60,1963,16.804000000000002,36.996,27.2931,137.2955,11.973,2.9144,3502.6269,27.0464,9.7029,12.259459459459459
61,61,1964,17.094,36.8808,27.5721,133.9773,11.9204,2.9726,3763.1708,25.5688,9.3087,12.259459459459459
62,62,1965,17.384,36.9705,27.7316,137.0088,11.7092,2.9482,3650.9672,26.9266,9.2389,12.259459459459459
63,63,1966,17.671,37.027,27.3447,141.6227,11.8524,2.9283,3792.8273,25.693,9.6823,12.259459459459459
64,64,1967,17.958,36.9196,27.0969,140.4236,12.1288,2.9806,3649.1911,27.0004,9.8227,12.259459459459459
65,65,1968,18.245,37.0248,27.2113,136.619,11.8044,2.964,3531.0734,25.7674,9.8135,12.259459459459459
66,66,1969,18.541,37.1119,27.3107,140.7625,12.0636,2.938,3700.0493,26.4945,9.8012,12.259459459459459
67,67,1970,18.829,36.9699,27.426,136.9045,11.7998,2.9783,3555.0639,25.2958,9.5439,12.259459459459459
68,68,1971,19.126,36.8871,27.4524,142.0137,11.9608,2.9661,3771.5290000000014,25.8478,9.4347,12.259459459459459
69,69,1972,19.416,36.9883,27.6076,139.7057,11.9658,3.0086,3694.4294,26.702,9.3807,12.259459459459459
70,70,1973,19.704,36.8891,27.0696,136.4093,11.9657,3.0513,3587.0864,25.1692,9.8195,12.259459459459459
71,71,1974,20.002,36.9214,27.2045,142.4308,11.9738,3.0258,3521.402,25.4662,9.7169,12.259459459459459
72,72,1975,20.302,37.069,27.4868,136.9827,11.9336,3.0549,3519.7497,26.4292,9.5822,12.259459459459459
73,73,1976,20.598000000000006,36.9039,27.5078,136.8785,11.871,3.0291,3630.0566,25.4068,9.3961,12.259459459459459
74,74,1977,20.895,36.7721,27.2906,142.5716,11.9202,2.9921,3498.4062,25.9664,9.4815,12.259459459459459
75,75,1978,21.193,36.965,27.2311,139.0409,11.8848,2.9563,3768.8442,26.9217,9.7339,12.259459459459459
76,76,1979,21.481,37.1766,27.2344,141.753,11.8568,2.9628,3643.2822,25.4582,9.9422,12.259459459459459
77,77,1980,21.778,37.0074,27.2768,136.8003,11.8779,2.9628,3531.0734,26.1292,9.7306,12.259459459459459
78,78,1981,22.075,36.958,27.2476,139.7849,12.0036,3.0285,3791.8684,27.0334,9.7104,12.259459459459459
79,79,1982,22.363000000000003,37.0795,27.3141,137.08700000000002,11.8973,2.9574,3660.9174,26.6454,9.7654,12.259459459459446
80,80,1983,22.656,36.992,27.2157,136.5917,11.8729,2.9441,3743.7604,25.8368,9.7763,11.17129780492398
81,81,1984,22.949,36.9753,27.2904,139.8762,11.9218,3.0039,3511.9208,26.1676,9.6849,10.08313615038849
82,82,1985,23.248,36.9676,27.3797,138.4164,11.9714,2.9485,3511.6469,25.3423,9.5879,8.97269132204
83,83,1986,23.552,36.9383,27.2278,141.9513,12.0367,2.9547,3613.7321,25.6596,9.7105,7.8436771821806675
84,84,1987,23.851,36.9316,27.5042,138.2861,11.7076,2.8933,3701.1145,25.5652,9.4274,6.733232353832176
85,85,1988,24.147,36.6716,28.0914,144.1251,10.8282,3.0331,3278.0913,27.279,8.5802,5.633929112390192
86,86,1989,24.45,36.2048,28.0468,141.362,10.011,2.9806,3074.7155,27.822,8.158,4.50862883483302
87,87,1990,24.757,35.9495,28.5564,135.2623,9.0332,2.9848,2933.4116,27.9584,7.3931,3.3684731080671675
88,88,1991,25.071,35.5517,28.7073,131.7751,8.0616,2.9869,2605.5236,26.2052,6.8444,2.2023203451861413
89,89,1992,25.407,35.2857,28.889,139.9804,6.5668,2.9435,2290.7172,26.5243,6.3967,0.9544626116574051
90,90,1993,25.762,35.0867,28.7227,141.5022,5.3964,2.9610000000000003,2021.3363,27.769,6.364,0.0
91,91,1994,26.132,34.6171,29.0587,140.0326,4.0412,2.9934,1817.9982,28.093000000000004,5.5584,0.0
92,92,1995,26.522,34.4554,29.0871,138.2822,2.7096,2.965,1590.3870000000004,27.8623,5.3683,0.0
93,93,1996,26.941,34.6211,29.4107,141.9876,2.2604,2.987,1440.6684,28.1222,5.2104,0.0
94,94,1997,27.382,34.5178,29.1806,134.4021,2.1128,2.9777,1424.2083,27.1774,5.3372,0.0
95,95,1998,27.83,34.6733,29.6023,142.6914,2.1656,2.9281,1447.69,26.1667,5.0710000000000015,0.0
96,96,1999,28.278,34.5229,29.24,133.5764,2.2482,3.0055,1472.1276,28.1287,5.2829,0.0
97,97,2000,28.717,34.5762,29.4015,142.0137,2.1317,3.0342,1441.4991,27.4266,5.1747,0.0
98,98,2001,29.163,34.6218,29.2951,133.2812,2.1829,2.9697,1465.7741,27.3968,5.3267,0.0
99,99,2002,29.607,34.5948,29.1762,142.05700000000004,2.1913,2.955,1447.6202,26.6182,5.4186,0.0
100,100,2003,30.056,34.5233,29.1673,133.3073,2.1944,2.9645,1474.902,26.1995,5.356,0.0
101,101,2004,30.503,34.5516,29.3348,141.1852,2.153,2.9449,1471.6221,26.0035,5.2168,0.0
102,102,2005,30.951,34.3803,29.3371,134.4542,2.2303,3.0239,1499.4501,26.8919,5.0432,0.0
103,103,2006,31.391,34.4758,29.1894,143.0385,2.2041,2.9604,1464.2001,27.3495,5.2864,0.0
104,104,2007,31.836,34.6915,29.3116,133.8406,2.1404,3.0101,1458.0329,26.8414,5.3799,0.0
105,105,2008,32.284,34.4286,29.3133,141.7687,2.1451,2.9841,1479.5573,26.7558,5.1153,0.0
106,106,2009,32.73,34.4453,29.272,133.8406,2.199,2.9562,1520.9382,27.0274,5.1733,0.0
107,107,2010,33.168,34.4985,29.1928,140.7103,2.2411,2.9515,1488.5383,26.6143,5.3057,0.0
108,108,2011,33.614000000000004,34.5989,28.963,133.5419,2.1986,2.9548,1498.3018,26.0462,5.6359,0.0
109,109,2012,34.061,34.6041,29.2885,139.4943,2.1737,2.9345,1517.4251,27.6984,5.3156,0.0
110,110,2013,34.499,34.6601,29.0541,134.9557,2.1136,2.9946,1474.1531,26.9098,5.606,1.5519243046802076
111,111,2014,34.948,34.4804,29.2454,141.8051,2.1608,2.9804,1492.562,27.0334,5.235,3.2189434740615743
112,112,2015,35.393,34.5641,29.2861,133.6201,2.2931,2.9987,1569.9682,26.5195,5.278,4.8711116931589284
113,113,2016,35.83,34.6629,29.3365,137.08700000000002,2.8015,2.9764,1670.7817,26.4484,5.3264,6.49357801168823
114,114,2017,36.252,34.9232,29.0995,140.6475,3.8268,3.0014,1975.5905,28.3859,5.8237,8.060353266652477
115,115,2018,36.634,34.9174,28.76,138.7212,4.8345,2.9772,2053.0603,26.2184,6.1574,9.47861901877649
116,116,2019,37.018,35.2225,28.2611,142.9801,5.9299,2.9938,2325.2209,26.2174,6.9614,10.90431024604252
117,117,2020,37.383,35.304,28.1152,138.4425,7.2578,2.9843,2650.0986,25.8368,7.1888,12.259459459459459
118,118,2021,37.731,35.7283,27.7146,138.7292,8.4348,2.9341,2955.0827,26.0109,8.0137,12.259459459459459
119,119,2022,38.064,36.1368,27.5779,143.4308,9.9023,2.9605,3315.6499,25.7275,8.5589,12.259459459459459
120,120,2023,38.386,36.8857,26.9207,138.6032,11.4076,2.9644,3673.3195,26.3015,9.965,12.259459459459459
121,121,2024,38.695,37.0112,26.9834,138.9924,12.2634,2.998,3862.9926,26.3101,10.0278,12.259459459459459
122,122,2025,39.0,37.039,27.2021,136.8003,12.4642,2.9963,3683.5427,27.4081,9.8369,12.259459459459459
123,123,2026,39.305,37.2174,27.142,139.0188,12.3327,2.9703,3921.7397,25.7193,10.0754,12.259459459459459
124,124,2027,39.612,37.3396,27.1453,142.05700000000004,12.3162,2.9729,3872.8,26.6104,10.1943,12.259459459459459
125,125,2028,39.918,37.2013,27.3137,136.8232,12.339,2.9787,3679.9279,25.9822,9.8876,12.259459459459459
126,126,2029,40.229,37.2834,27.3566,142.6132,12.3784,2.9674,3879.8122,27.2861,9.9268,12.259459459459459
127,127,2030,40.532,37.0767,27.1453,139.7057,12.4343,2.9713,3641.6606,25.9812,9.9314,12.259459459459459
128,128,2031,40.846,37.3463,27.1717,142.6393,12.3359,2.9741,3877.6391,26.8306,10.1746,12.259459459459459
129,129,2032,41.151,37.0995,27.284,136.6439,12.4917,2.974,3780.2419,25.3635,9.8155,12.259459459459459
130,130,2033,41.464,37.076,27.2849,140.0491,12.2965,2.9933,3634.4548,27.2627,9.7911,12.259459459459459
131,131,2034,41.774,37.1982,27.1816,139.0716,12.3855,2.9893,3682.1865,25.5071,10.0166,12.259459459459459
132,132,2035,42.09,37.3167,27.2463,138.4946,12.108,2.9522,3663.8984,25.722,10.0704,12.259459459459459
133,133,2036,42.40600000000001,37.3125,27.1453,137.2695,12.4391,2.977,3610.3979,26.9187,10.1672,12.259459459459459
134,134,2037,42.719,37.1801,27.1173,137.2695,12.3674,3.008,3813.7209,27.2169,10.0628,12.259459459459459
135,135,2038,43.026,37.3507,27.2873,140.4757,12.5258,2.9632,3758.6135,25.266,10.0634,12.259459459459459
136,136,2039,43.342,37.1797,27.2035,138.1557,12.2965,3.0135,3742.048,26.1723,9.9762,12.259459459459459
137,137,2040,43.65600000000001,37.2285,27.3797,137.1391,12.3088,2.9416,3640.3349,26.8375,9.8488,12.259459459459459
138,138,2041,43.969,37.2308,27.1241,135.9037,12.312,3.0148,3840.7375,25.6786,10.1067,12.259459459459459
139,139,2042,44.282,37.1117,27.2377,140.4718,12.3626,2.9597,3724.0864,26.1123,9.874,12.259459459459459
140,140,2043,44.598,37.2931,27.2575,142.2483,12.4277,2.9768,3640.7766,27.222,10.0356,12.259459459459459
141,141,2044,44.911,37.2575,27.1981,140.033,12.2823,2.9902,3781.3537,25.323,10.0594,12.259459459459459
142,142,2045,45.228,37.1334,27.0561,137.3808,12.1934,2.9561,3791.0698,26.1986,10.0773,12.259459459459459
143,143,2046,45.542,37.2458,27.1353,135.7164,12.3288,2.9654,3694.8845,26.6162,10.1105,12.259459459459459
144,144,2047,45.857,37.2772,27.0907,135.6794,12.295,3.0185,3609.0947,26.5881,10.1865,12.259459459459459
145,145,2048,46.174,37.2108,27.0792,137.3737,12.4303,2.9646,3671.2216,26.0359,10.1316,12.259459459459459
146,146,2049,46.493,37.1478,27.2632,136.6224,12.3347,2.997,3763.958,25.5473,9.8846,12.259459459459459
147,147,2050,46.812,37.2896,27.3311,137.5301,12.2642,2.9658,3867.3083,27.0605,9.9585,12.259459459459459
148,148,2051,47.122,37.1945,26.9985,137.0349,12.4258,2.9051,3619.8366,27.3475,10.196,12.259459459459459
149,149,2052,47.437,37.1538,27.1994,141.238,12.2745,2.9719,3841.0651,25.7875,9.9544,12.259459459459459
150,150,2053,47.754,37.39,27.3797,142.6647,12.3311,2.9511,3833.8657,26.8414,10.0103,12.259459459459459
151,151,2054,48.067,37.0859,27.2089,140.3887,12.4034,2.9343,3698.5288,27.2484,9.877,12.259459459459459
152,152,2055,48.381,37.3065,27.2666,136.7481,12.2508,2.9692,3915.5969,25.6434,10.0399,12.259459459459459
153,153,2056,48.698,37.2386,27.1849,138.0941,12.3508,2.9609,3912.5332,26.5089,10.0537,12.259459459459459
154,154,2057,49.01,37.0983,27.175,136.6224,12.2764,3.0365,3760.498,25.3388,9.9233,12.259459459459459
155,155,2058,49.333,37.2726,27.2191,140.2411,12.5321,2.9879,3704.6184,25.4404,10.0535,12.259459459459459
156,156,2059,49.65600000000001,37.2454,27.2003,139.433,12.2524,2.9883,3664.9426,27.2872,10.0451,12.259459459459459
157,157,2060,49.973,37.0983,27.0799,139.407,12.3508,2.9654,3640.6293,26.2523,10.0184,12.259459459459459
158,158,2061,50.294,37.01300000000001,27.0275,136.6699,12.5256,2.9668,3862.4948,26.4752,9.9855,12.259459459459459
159,159,2062,50.61,37.2734,27.3854,137.5562,12.3193,2.9817,3813.7209,25.5894,9.888,12.259459459459459
160,160,2063,50.931,37.3128,27.063,136.9099,12.4399,2.969,3634.3078,27.1936,10.2498,12.259459459459459
161,161,2064,51.25,37.2694,27.5151,139.5112,12.3525,2.9956,3770.581,25.8606,9.7543,12.259459459459459
162,162,2065,51.572,37.2022,27.1453,142.5133,12.3296,2.9751,3632.8408,26.6464,10.0569,12.004884744639565
163,163,2066,51.895,37.0988,27.175,136.6178,12.5248,2.9796,3871.1342,25.6272,9.9238,11.014190372509109
164,164,2067,52.215,37.1875,27.3941,136.9827,12.3949,2.9716,3735.3698,26.2108,9.7934,10.03269749609504
165,165,2068,52.538,37.1742,27.1783,143.1606,12.3248,2.9602,3633.8676,26.8503,9.9959,9.042003123964607
166,166,2069,52.86,37.0513,27.253,138.4686,12.2343,2.9881,3711.6462,25.7984,9.7983,8.756756756756756
167,167,2070,53.185,36.8783,27.7418,137.5823,11.7115,2.978,3520.3002,26.5465,9.1365,8.756756756756756
168,168,2071,53.514,36.5656,28.1287,141.8051,10.7652,2.9854,3366.7514,26.5949,8.4369,8.756756756756756
169,169,2072,53.846,36.1579,28.1525,141.3881,9.8945,2.9927,3001.4008,26.5997,8.0054,8.756756756756756
170,170,2073,54.191,36.043,28.027,140.921,9.0914,2.9713,2978.6528,25.9314,8.016,8.756756756756756
171,171,2074,54.541,35.9998,28.0575,140.6842,8.8867,2.9524,2900.7927,27.7205,7.9423,8.756756756756756
172,172,2075,54.886,35.9028,28.3392,139.5894,9.0119,2.9431,3021.2495,26.3253,7.5636,8.756756756756756
173,173,2076,55.232,36.0357,28.3969,134.8192,9.2593,2.9799,3162.4443,26.8474,7.6388,8.756756756756756
174,174,2077,55.57100000000001,35.9578,28.105,142.5611,9.1788,2.9897,3098.0,27.1369,7.8528,8.756756756756756
175,175,2078,55.911,35.9293,28.0534,136.3769,9.2312,2.9936,3054.8859,27.9595,7.8759,8.756756756756756
176,176,2079,56.25,35.826,28.1855,138.8856,8.992,2.9697,3032.4472,25.9498,7.6405,8.756756756756756
177,177,2080,56.599,35.9429,28.1423,136.6799,8.9568,2.9975,2951.1098,26.5022,7.8006,8.756756756756756
178,178,2081,56.948,36.0663,28.0798,134.4013,8.9891,2.9739,3136.1071,26.7342,7.9865,8.756756756756756
179,179,2082,57.289,35.999,27.8267,141.6825,9.1017,2.9762,2906.4133,27.7268,8.1723,8.756756756756756
180,180,2083,57.637,35.9726,28.1393,138.651,8.934,2.9416,3038.1796,25.89,7.8333,8.756756756756756
181,181,2084,57.988,35.8306,28.0201,137.9733,9.0867,2.9703,2997.1027,26.702,7.8105,8.756756756756756
182,182,2085,58.337,35.9028,28.1558,134.8713,8.9481,2.9485,2878.4343,27.3239,7.747000000000001,8.756756756756756
183,183,2086,58.688,35.9039,28.0798,137.5657,8.902999999999997,2.9874,3076.7126,25.6714,7.8241,8.756756756756756
184,184,2087,59.038,35.9511,28.0473,142.0562,9.0119,2.9825,3029.0791,25.694000000000006,7.9038,8.756756756756756
185,185,2088,59.392,36.0878,28.0864,140.0847,8.7741,2.972,3014.6713,26.1507,8.0014,8.756756756756756
186,186,2089,59.744,35.9608,28.2883,142.4568,9.2497,2.963,2975.2065,26.5543,7.6725,8.756756756756756
187,187,2090,60.095,35.7779,28.1888,141.9513,9.0545,2.9798,2957.4133,26.6854,7.5891,8.756756756756756
188,188,2091,60.447,35.7527,28.0138,141.171,9.1607,3.01,2933.9853,27.0254,7.7389,8.756756756756756
189,189,2092,60.8,35.9615,28.2516,141.1588,9.2599,3.0013,2900.9799,26.4158,7.7099,8.756756756756756
190,190,2093,61.15600000000001,35.9377,27.9279,142.509,9.2977,2.9671,3019.5263,27.1592,8.0098,7.913307219077282
191,191,2094,61.505,35.9208,28.0963,141.4758,9.1827,2.9239,2970.1989,25.8909,7.8245,6.524798310350333
192,192,2095,61.862,36.0019,27.993,141.6227,9.2009,2.9764,3058.7275,25.7411,8.0089,5.104461117182611
193,193,2096,62.216,35.8934,28.1695,140.4497,8.934,2.9575,3080.2929,26.3614,7.7239,3.6960595306801647
194,194,2097,62.56800000000001,35.8109,28.1763,138.9378,8.3262,3.0017,2867.7946,27.8071,7.6346,2.295615015287855
195,195,2098,62.922,35.3832,28.6446,135.1892,7.3775,3.0098,2534.1406,27.0705,6.7386,0.8872134287854658
196,196,2099,63.29600000000001,35.0684,28.6107,136.7221,5.9356,2.9698,2237.3588,28.1244,6.4577,0.0
197,197,2100,63.685,34.9163,28.8592,140.529,4.5503,2.9905,1966.0528,27.1713,6.0571,0.0
198,198,2101,64.1,34.7045,29.3574,136.2268,3.1182,2.9382,1617.8321,27.1087,5.3471,0.0
199,199,2102,64.557,34.5508,29.2692,134.0111,2.5702,2.9672,1505.6713,27.1754,5.2816,0.0
200,200,2103,65.029,34.5508,29.2997,141.0753,2.1467,3.0075,1426.2623,27.8018,5.2511,0.0
201,201,2104,65.513,34.7717,29.3975,134.4021,2.2332,2.9816,1549.2399,26.258000000000006,5.3742,0.0
202,202,2105,65.983,34.5331,29.1003,134.9756,2.3798,2.9703,1472.7058,27.0956,5.4328,0.0
203,203,2106,66.462,34.6014,29.3942,140.9084,2.249,2.9732,1453.6057,26.4149,5.2072,0.0
204,204,2107,66.949,34.5196,29.4728,133.3073,2.2467,2.9758,1460.3751,27.0414,5.0468,0.0
205,205,2108,67.431,34.686,29.3778,140.6842,2.2643,2.9665,1448.9254,27.0755,5.3082,0.0
206,206,2109,67.916,34.6761,29.187,133.4179,2.2451,2.977,1446.3873,27.1865,5.4891,0.0
207,207,2110,68.402,34.5505,29.1333,141.3881,2.2805,2.9906,1459.996,26.6337,5.4172,0.0
208,208,2111,68.888,34.5776,29.4272,131.921,2.1632,2.9726,1454.6395,27.2433,5.1504,0.09347520022159214
209,209,2112,69.372,34.6097,29.3711,142.5872,2.1506,2.9549,1448.8554,26.9944,5.2386,1.9031550765111844
210,210,2113,69.859,34.4397,29.0838,133.1008,2.3086,3.0029,1466.7774,27.9702,5.3559,3.724051976827366
211,211,2114,70.339,34.4873,29.1402,142.0755,2.3766,2.9407,1568.3814,27.5634,5.3471,5.518775821081542
212,212,2115,70.806,34.6956,29.0791,141.8573,3.2132,2.9719,1858.7744,25.9258,5.6165,7.264892561220481
213,213,2116,71.245,34.8869,28.8856,138.0413,4.3746,2.9641,2004.6776,26.5833,6.0013,8.756756756756756
214,214,2117,71.666,34.8974,28.6809,140.3248,5.388,2.9557,2419.55,26.1442,6.2165,8.756756756756756
215,215,2118,72.059,35.3664,28.458,136.4353,6.8248,2.9656,2615.0629,27.3516,6.9084,8.756756756756756
216,216,2119,72.436,35.6218,28.0133,137.0858,8.1584,2.9701,2901.4475,26.1339,7.6085,8.756756756756756
217,217,2120,72.805,35.8037,28.1321,141.9355,8.8718,2.9791,2915.8295,27.2606,7.6716,8.756756756756756
218,218,2121,73.169,35.7645,28.0237,138.9378,8.9143,2.9883,2857.7778,26.7245,7.7408,8.756756756756756
219,219,2122,73.538,35.7812,28.1129,139.9746,8.7781,2.9789,2874.1137,26.0248,7.6683,8.756756756756756
220,220,2123,73.911,35.8165,27.961,135.6272,9.1284,2.9589,3021.8581,26.0657,7.8555,8.756756756756756
221,221,2124,74.27600000000002,35.9411,28.2326,142.0137,8.9403,2.9441,2962.5727,25.7474,7.7085,8.756756756756756
222,222,2125,74.646,35.9208,28.1661,135.6012,8.9757,2.9643,3102.1645,26.7607,7.7547,8.756756756756756
223,223,2126,75.009,35.9528,28.0948,141.8051,8.9859,3.0035,3022.9746,25.8496,7.858,8.756756756756756
224,224,2127,75.377,36.0185,28.0931,134.7806,8.9851,2.9708,3035.0039,27.4897,7.9254,8.756756756756756
225,225,2128,75.738,35.9077,28.3572,138.6489,8.9891,2.9878,2922.5522,26.8741,7.5505,8.756756756756756
226,226,2129,76.10600000000002,35.8615,28.0567,137.5527,8.8277,2.99,2979.2446,25.5822,7.8048,8.756756756756756
227,227,2130,76.47800000000002,36.1406,28.1559,141.9876,9.1389,2.98,3105.0541,25.8304,7.9847,8.756756756756756
228,228,2131,76.845,36.0223,28.088,135.549,9.1111,2.9729,3128.8022,27.5916,7.9343,8.756756756756756
229,229,2132,77.203,35.8977,27.9658,138.1818,8.9176,2.9505,2945.9899,27.4928,7.9319,8.756756756756756
230,230,2133,77.571,36.0439,28.1898,138.4686,8.8788,2.9760000000000004,3009.832000000001,26.1723,7.8541,8.756756756756756
231,231,2134,77.94,35.8835,27.9454,142.0658,9.0961,2.9560000000000004,2894.6352,25.9084,7.9381,8.756756756756756
232,232,2135,78.317,35.923,28.1261,142.8342,8.9245,2.9869,2894.2629,27.5187,7.7969,8.756756756756756
233,233,2136,78.688,35.9552,28.0963,139.798,8.9292,2.9648,3020.3369,26.2646,7.8589,8.756756756756756
234,234,2137,79.058,35.8547,28.1457,134.6627,8.908,2.9551,2889.1528,25.7393,7.709,8.756756756756756
235,235,2138,79.436,36.0757,28.238000000000003,135.188,9.1347,2.9794,2917.8149,27.1127,7.8377,8.756756756756756
236,236,2139,79.807,36.0239,28.2351,137.47799999999998,8.7982,2.9647,3035.7202,26.8761,7.7888,8.756756756756756
237,237,2140,80.176,35.8437,28.2068,140.9449,9.0339,2.9789,3099.2802,26.1695,7.6369,8.756756756756756
238,238,2141,80.545,35.8578,28.1567,134.9756,9.004,3.0057,2914.6967,26.8405,7.7011,8.756756756756756
239,239,2142,80.919,35.7995,28.0204,134.7515,9.1111,2.964,3116.7753,26.0248,7.7791,8.756756756756756
240,240,2143,81.288,35.9504,28.1491,142.0919,9.045,3.0021,2952.9497,26.8296,7.8013,8.756756756756756
241,241,2144,81.661,35.855,28.0609,139.82399999999998,8.6844,2.9724,3100.1345,26.1039,7.7941,8.756756756756756
242,242,2145,82.031,35.9805,28.105,134.1499,8.8663,2.9682,2925.1169,25.6795,7.8755,8.756756756756756
243,243,2146,82.411,36.0158,28.4104,135.6533,8.9741,2.9652,3014.5703,27.2882,7.6054,8.756756756756756
244,244,2147,82.78200000000002,35.9587,28.2549,136.8785,8.7734,3.0003,2877.2377,26.0229,7.7038,8.756756756756756
245,245,2148,83.163,35.8769,28.3697,134.4542,9.0867,2.9734,3023.4824,25.9748,7.5072,8.756756756756756
246,246,2149,83.54,35.8984,27.9828,135.2102,9.1457,2.9783,3020.5395,27.5478,7.9156,8.756756756756756
247,247,2150,83.91,35.9726,28.0541,140.0149,8.9796,2.9673,3123.59,27.6104,7.9185,8.756756756756756
248,248,2151,84.27600000000002,35.9387,28.3242,139.4591,8.8214,2.9759,2942.4265,26.8553,7.6145,8.756756756756756
249,249,2152,84.65299999999998,35.9766,28.1096,141.4663,9.1599,2.9648,2981.811,26.3605,7.867000000000001,8.756756756756756
250,250,2153,85.03,36.1166,28.3901,141.1013,8.9883,2.9960000000000004,3022.467,27.9885,7.7265,9.1800323605202
251,251,2154,85.4,35.9079,27.9544,137.4944,8.8663,2.9746,3124.5659,27.7005,7.9535,10.616839455863895
252,252,2155,85.76700000000002,35.8695,28.0732,139.1245,9.0072,2.9877,2920.0871,27.4742,7.7963,12.041996763948104
253,253,2156,86.14399999999998,36.0409,28.0897,137.5393,8.8072,2.9624,3040.2324,25.7674,7.9512,12.259459459459459
254,254,2157,86.523,36.3721,27.4557,144.2815,10.0771,2.9768,3381.2976,26.0304,8.9164,12.259459459459459
255,255,2158,86.889,36.8394,27.0726,140.2411,11.6645,2.9676,3580.5219,26.8247,9.7668,12.259459459459459
256,256,2159,87.24600000000002,37.1029,27.2238,136.9845,12.1997,2.9727,3717.3186,25.4076,9.8791,12.259459459459459
257,257,2160,87.60700000000001,37.0261,27.2278,139.016,12.0587,2.9753,3752.5017,26.0276,9.7983,12.259459459459459
258,258,2161,87.96600000000002,37.1514,27.2212,135.8311,12.2886,2.9567,3599.1362,25.8716,9.9302,12.259459459459459
259,259,2162,88.329,37.3031,27.3277,141.6227,12.3737,3.0074,3768.6862,25.294,9.9754,12.259459459459459
260,260,2163,88.691,37.191,27.1585,137.6986,12.1761,2.9631,3800.1943,26.6815,10.0325,12.259459459459459
261,261,2164,89.046,37.3389,27.3599,139.9022,12.2556,2.9938,3658.0903,26.4455,9.979,12.259459459459459
262,262,2165,89.40700000000002,37.0214,27.241,136.0334,12.3297,2.9842,3632.5476,25.7975,9.7804,12.259459459459459
263,263,2166,89.771,37.2017,27.3073,142.535,12.1105,2.9730000000000003,3761.9125,27.1602,9.8944,12.259459459459459
264,264,2167,90.126,37.1563,27.3203,139.3809,12.0854,2.9835,3848.2919,26.2854,9.836,12.259459459459459
265,265,2168,90.483,37.2474,27.365,135.8895,12.1099,2.9841,3640.924,26.2618,9.8824,12.259459459459459
266,266,2169,90.846,37.2434,27.3617,142.2222,12.3832,2.9745,3739.405,25.4378,9.8817,12.259459459459459
267,267,2170,91.21,37.2748,27.1987,136.9108,12.2264,2.9989,3860.8383,26.6717,10.0761,12.259459459459459
268,268,2171,91.567,37.0893,27.1309,140.3193,12.2564,2.9517,3739.405,25.3503,9.9584,12.259459459459459
269,269,2172,91.932,37.0876,27.2212,136.619,12.2788,2.9685,3863.1582,26.294,9.8664,12.259459459459459
270,270,2173,92.29,37.2242,26.9815,142.4829,12.390999999999998,3.0033,3822.7924,25.7066,10.2427,12.259459459459459
271,271,2174,92.653,37.3563,27.4295,137.2549,12.1575,2.9966,3893.9125,26.7725,9.9268,12.259459459459459
272,272,2175,93.009,37.1819,27.2972,140.189,12.4204,2.9876,3754.5366,26.5601,9.8847,12.259459459459459
273,273,2176,93.371,37.0655,27.0664,136.4093,12.3437,2.9335,3833.8657,26.2127,9.9991,12.259459459459459
274,274,2177,93.731,37.2594,27.1302,142.3265,12.345999999999998,2.9916,3851.4206,25.2371,10.1292,12.259459459459459
275,275,2178,94.096,37.2628,27.2564,137.2173,12.0493,2.9805,3641.2187,26.8721,10.0064,12.259459459459459
276,276,2179,94.459,37.2476,27.0833,138.8074,12.1847,2.9558,3779.9245,25.4191,10.1643,12.259459459459459
277,277,2180,94.826,37.1514,27.4431,138.4946,12.2704,2.9899,3702.1801,26.9495,9.7083,12.259459459459459
278,278,2181,95.187,37.1049,27.0358,139.042,12.376,2.9558,3820.0339,26.3977,10.0691,11.07509617430876
279,279,2182,95.551,37.1596,27.1519,136.305,12.3792,2.9671,3604.3251,25.7975,10.0077,9.723659698462816
280,280,2183,95.922,37.1177,27.2807,136.9317,12.3319,2.9484,3687.9199,26.8869,9.837,8.346234059619869
281,281,2184,96.285,37.1982,27.752,138.5487,11.8929,2.9811,3649.7829,26.0183,9.4462,6.998510321344948
282,282,2185,96.655,36.7058,27.7265,136.7481,11.2836,2.9779,3460.0747,27.1027,8.9793,5.624797420072972
283,283,2186,97.025,36.2236,27.9794,139.1202,10.2251,2.9861,3137.2001,26.7902,8.2442,4.251084518800996
284,284,2187,97.409,35.7949,28.3052,141.2056,9.1402,2.9863,2793.903,27.8145,7.4897,2.8253932915349615
285,285,2188,97.802,35.4505,28.6512,135.4257,7.9782,2.9633,2540.8654,26.5485,6.7993,1.3662874261298779
286,286,2189,98.211,35.2032,28.7297,139.5894,6.4742,2.9714,2213.8586,28.2223,6.4735,0.0
287,287,2190,98.637,34.7309,28.7297,133.1769,4.869,2.9657,1943.6345,27.7426,6.0012,0.0
288,288,2191,99.088,34.6285,29.2918,137.6714,3.2599,2.98,1624.109,26.2656,5.3367,0.0
289,289,2192,99.581,34.5274,29.1504,134.9234,2.3385,2.9815,1460.5885,26.2798,5.377000000000002,0.0
290,290,2193,100.1,34.6824,29.2852,139.82399999999998,2.1908,2.9567,1537.4891,27.7184,5.3972,0.0
291,291,2194,100.601,34.4567,29.4334,141.2838,2.2519,2.9758,1521.967,27.0444,5.0233,0.0
292,292,2195,101.108,34.5175,29.4966,140.8208,2.164,2.9992,1538.4615,27.2047,5.0209,0.0
293,293,2196,101.613,34.5064,29.2997,140.9084,2.1929,2.9706,1518.0905,26.5862,5.2067,0.0
294,294,2197,102.124,34.6048,29.348000000000006,139.2743,2.2963,2.9739,1438.1362,27.6491,5.2568,0.0
295,295,2198,102.644,34.4275,29.2027,133.7885,2.2159,2.9762,1519.7568,26.2978,5.2248,0.13732970027250244
296,296,2199,103.156,34.5196,29.3031,134.0111,2.2774,2.9952,1442.6776,26.4196,5.2165,2.0376758229619525
297,297,2200,103.684,34.6285,29.1961,139.8906,2.1476,2.9539,1431.1384,28.3605,5.4324,3.9974077619854147
298,298,2201,104.204,34.4884,29.348000000000006,133.3855,2.5246,2.9805,1618.2102,26.3367,5.1404,5.927446792841871
299,299,2202,104.704,34.7125,28.9682,139.8642,3.6256,2.9861,1938.0262,27.787,5.7443,7.783253553280785
300,300,2203,105.161,34.7752,28.7535,139.391,4.6981,2.9696,2231.9768,26.4503,6.0217,9.479460932321983
301,301,2204,105.601,34.9914,28.4266,141.362,6.127999999999999,2.9637,2515.3015,25.9102,6.5648,11.11257088150822
302,302,2205,106.023,35.4676,28.1627,142.6654,7.7105,2.9662,2947.8234,27.3239,7.3049,12.259459459459459
303,303,2206,106.421,35.7588,27.7588,140.4497,9.0095,2.9646,3272.3703,26.5002,8.0,12.259459459459459
304,304,2207,106.81,36.6277,27.1105,136.3832,10.9097,2.9679,3548.7558,26.0769,9.5172,12.259459459459459
305,305,2208,107.193,37.1871,27.1948,136.7996,12.0808,2.974,3626.8386,27.5936,9.9923,12.259459459459459
306,306,2209,107.569,37.1834,27.1684,137.4259,12.1947,2.9547,3908.2856,26.0359,10.015,12.259459459459459
307,307,2210,107.943,37.1589,27.3533,141.8573,12.1842,2.9878,3769.0019,26.0016,9.8056,12.259459459459459
308,308,2211,108.321,37.0584,27.3309,136.6178,12.1579,2.9659,3859.5136,27.5187,9.7275,12.259459459459459
309,309,2212,108.692,37.1334,27.2641,138.1557,12.1873,2.9759,3628.0083,26.1264,9.8693,12.259459459459459
310,310,2213,109.075,37.1177,27.2641,136.7203,12.184,2.9807,3593.5314,27.5384,9.8536,12.259459459459459
311,311,2214,109.454,37.1869,27.3005,139.3548,12.4026,2.9633,3748.7502,26.6493,9.8864,12.259459459459459
312,312,2215,109.833,37.145,27.1784,141.2577,12.2131,2.9764,3876.6367,26.9635,9.9666,12.259459459459459
313,313,2216,110.206,37.1945,27.1453,138.0941,12.387,2.9862,3773.5849,26.0834,10.0492,12.259459459459459
314,314,2217,110.586,37.08,27.3896,141.9777,12.2894,2.9624,3640.3349,26.146,9.6904,12.259459459459459
315,315,2218,110.97,37.1827,27.4601,141.4141,12.2262,2.9757,3592.6708,26.4149,9.7226,12.259459459459459
316,316,2219,111.355,37.3493,27.2564,142.5611,12.4083,2.9604,3602.4497,27.2759,10.0929,12.259459459459459
