,Time (sec),PT1 (psi),PT2 (psi),V (V),I (A),,
0,550.447,-0.4466,-0.643,0.2093,0.0203,16.5,0
1,0,-0.4382,-0.6393,0.2082,0.0208,16.7,0
2,550.447,-0.4466,-0.643,0.2093,0.0203,16.9,0
3,0,-0.475,-0.6826,0.2058,0.0208,17.1,0
4,0.233,-0.4746,-0.6582,0.2096,0.0201,17.195,0
5,0.466,-0.451,-0.6512,0.2058,0.0203,17.3,0.385462555
6,0.699,-0.458,-0.6512,0.2107,0.0216,17.5,1.119676946
7,0.932,-0.4528,-0.6598,0.2074,0.0216,17.7,1.853891336
8,1.165,-0.468,-0.5393,0.2126,0.0207,17.9,2.588105727
9,1.398,-0.4714,-0.6044,0.2105,0.0204,18.1,3.322320117
10,1.631,-0.3662,-0.6484,0.207,0.0197,18.3,4.056534508
11,1.864,-0.4762,-0.646,0.2074,0.0241,18.5,4.790748899
12,2.097,-0.4098,-0.6566,0.2089,0.0195,18.7,5.524963289
13,2.33,-0.463,-0.6624,0.2128,0.0204,18.9,6.25917768
14,2.563,-0.4547,-0.5604,0.207,0.0219,19.1,6.99339207
15,2.796,-0.46,-0.6627,0.2082,0.0197,19.3,7.727606461
16,3.03,-0.4481,-0.7217,0.2078,0.0221,19.5,8.461820852
17,3.263,-0.4762,-0.6468,0.2091,0.0216,19.7,9.196035242
18,3.496,-0.4251,-0.6566,0.2089,0.0202,19.9,9.930249633
19,3.729,-0.4531,-0.6582,0.2035,0.0199,20.1,10.66446402
20,3.962,-0.4658,-0.6517,0.2082,0.0216,20.3,11.39867841
21,4.195,-0.4633,-0.6452,0.2077,0.0206,20.5,12.1328928
22,4.428,-0.4547,-0.643,0.2089,0.0215,20.7,12.8671072
23,4.661,-0.501,-0.5735,0.2062,0.022,20.9,13.60132159
24,4.894,-0.4531,-0.5092,0.2093,0.0208,21.1,14.33553598
25,5.127,-0.4597,-0.6314,0.2066,0.0211,21.281,15
26,5.36,-0.4516,-0.6429,0.2062,0.0199,21.3,15
27,5.593,-0.4031,-0.6696,0.2089,0.0211,21.5,15
28,5.826,-0.5303,-0.6591,0.2062,0.0185,21.7,15
29,6.06,-0.4616,-0.4611,0.2097,0.0208,21.9,15
30,6.293,-0.4481,-0.6566,0.2109,0.0188,22.1,15
31,6.526,-0.3899,-0.5881,0.2082,0.0202,22.3,15
32,6.759,-0.4498,-0.5158,0.2064,0.0201,22.5,15
33,6.992,-0.451,-0.6631,0.2082,0.0208,22.7,15
34,7.225,-0.463,-0.6712,0.2078,0.0209,22.9,15
35,7.458,-0.4695,-0.6712,0.207,0.0202,,
36,7.691,-0.4483,-0.6615,0.2097,0.0193,,
37,7.924,-0.4663,-0.6077,0.2089,0.0275,,
38,8.157,-0.393,-0.6175,0.2287,0.0471,,
39,8.39,-0.2814,-0.4472,0.2287,0.0654,,
40,8.623,-0.003,-0.4529,0.2202,0.0503,,
41,8.856,0.176,0.0776,0.2287,0.0543,,
42,9.09,0.2322,0.1515,0.2579,0.0616,,
43,9.323,0.361,0.145,0.2284,0.0581,,
44,9.558,0.6079,0.1515,0.2377,0.064,,
45,9.791,0.4485,-0.0196,0.2104,0.0656,,
46,10.024,0.1748,-0.0261,0.2245,0.0571,,
47,10.257,0.0753,0.0505,0.2227,0.064,,
48,10.49,0.4043,-0.0261,0.2326,0.061,,
49,10.723,0.5242,0.0065,0.2231,0.0575,,
50,10.956,0.3309,-0.0147,0.2291,0.0623,,
51,11.189,0.0935,0.0472,0.2283,0.0613,,
52,11.422,0.3368,-0.035,0.2264,0.0671,,
53,11.655,0.5492,0.0147,0.2113,0.0782,,
54,11.888,0.7636,0.1455,0.2854,0.0868,,
55,12.121,1.1871,0.8032,0.2638,0.0784,,
56,12.354,1.2559,0.9954,0.2421,0.0795,,
57,12.588,1.5597,1.0627,0.2276,0.0804,,
58,12.821,1.7277,1.1926,0.217,0.079,,
59,13.054,2.0396,1.4223,0.2198,0.088,,
60,13.287,2.4425,1.8328,0.2283,0.0804,,
61,13.52,2.6408,2.0171,0.2334,0.0798,,
62,13.753,2.988,2.3242,0.2426,0.0729,,
63,13.986,3.1406,2.5399,0.2198,0.0992,,
64,14.219,3.7932,3.0042,0.2489,0.1559,,
65,14.452,4.271,3.4045,0.2451,0.1488,,
66,14.685,4.5632,3.638,0.2697,0.1905,,
67,14.918,5.0653,4.065,0.2713,0.1959,,
68,15.151,5.5173,4.4591,0.2653,0.2453,,
69,15.384,5.8512,4.8304,0.2775,0.291,,
70,15.618,6.4165,5.3275,0.2598,0.2942,,
71,15.851,6.6987,5.5458,0.2936,0.3045,,
72,16.086,7.0361,5.7364,0.3397,0.3226,,
73,16.319,7.6023,6.1897,0.8939,0.328,,
74,16.552,7.8671,6.5166,1.4494,0.3258,,
75,16.785,8.1151,6.698,1.7362,0.3328,,
76,17.018,8.6842,7.0589,2.1631,0.3215,,
77,17.251,9.5487,7.8255,2.7595,0.3157,,
78,17.484,10.4675,8.7532,3.508,0.3201,,
79,17.717,10.9805,9.1045,4.2871,0.3107,,
80,17.95,11.7429,9.6473,4.7742,0.3261,,
81,18.183,12.2042,10.0396,5.4617,0.3145,,
82,18.416,12.4372,10.311,6.0221,0.3193,,
83,18.649,12.5454,10.4214,6.1678,0.332,,
84,18.882,12.6536,10.3974,6.353,0.3228,,
85,19.116,12.4791,10.2246,6.3826,0.3237,,
86,19.349,12.6571,10.348,6.5899,0.3309,,
87,19.582,12.6887,10.4299,6.5282,0.3292,,
88,19.815,12.6606,10.4231,6.5135,0.3285,,
89,20.048,12.648,10.4503,6.4595,0.317,,
90,20.281,12.603,10.2961,6.5747,0.3256,,
91,20.514,12.6344,10.3858,6.6214,0.3333,,
92,20.747,12.699,10.3603,6.6078,0.3345,,
93,20.98,12.6466,10.3202,6.5326,0.3145,,
94,21.213,12.706,10.3128,6.5841,0.3213,,
95,21.446,12.6938,10.3517,6.5913,0.3173,,
96,21.679,12.6222,10.474,6.6168,0.32,,
97,21.912,12.6554,10.3993,6.6226,0.3349,,
98,22.146,12.6809,10.4961,6.7376,0.3265,,
99,22.379,12.596,10.3547,6.6137,0.3142,,
100,22.614,12.678,10.5317,6.6133,0.3255,,
101,22.847,12.6588,10.491,6.5859,0.3103,,
102,23.08,12.7236,10.4723,6.6754,0.326,,
103,23.313,12.7374,10.4689,6.7337,0.3175,,
104,23.546,12.7004,10.4537,6.741,0.3264,,
105,23.779,12.6711,10.4655,6.7088,0.3229,,
106,24.012,12.6519,10.4571,6.654,0.3231,,
107,24.245,12.7164,10.4757,6.663,0.3213,,
108,24.478,12.6728,10.4035,6.6474,0.3199,,
109,24.711,12.6833,10.4605,6.6859,0.3111,,
110,24.944,12.6204,10.5202,6.6141,0.3327,,
111,25.177,12.6868,10.3417,6.6183,0.3124,,
112,25.41,12.5244,10.4218,6.6059,0.3273,,
113,25.644,12.5908,10.3128,6.4276,0.3344,,
114,25.877,12.7199,10.5317,6.4184,0.3248,,
115,26.11,13.1639,10.8216,6.7172,0.3309,,
116,26.343,14.0762,11.6569,7.1565,0.3073,,
117,26.576,14.4498,11.9827,7.6171,0.3064,,
118,26.809,14.6488,12.0353,7.8096,0.3291,,
119,27.042,15.0006,12.3612,8.0017,0.3263,,
120,27.275,15.5984,12.8296,8.2662,0.3236,,
121,27.508,16.3141,13.4822,8.6695,0.3069,,
122,27.741,16.7435,13.9751,9.1332,0.3095,,
123,27.974,17.2148,14.221,9.3319,0.3132,,
124,28.207,17.5167,14.3735,9.5613,0.3293,,
125,28.44,17.4853,14.5255,9.7989,0.3296,,
126,28.674,17.9758,14.7286,9.8598,0.3341,,
127,28.907,18.3319,15.0375,10.1515,0.3375,,
128,29.142,18.7085,15.3905,10.1552,0.3119,,
129,29.375,19.0249,15.5619,10.3341,0.3109,,
130,29.608,19.5578,15.8775,10.6508,0.331,,
131,29.841,19.8314,16.2152,10.9503,0.3326,,
132,30.074,19.8611,16.3069,11.0331,0.33,,
133,30.307,19.9516,16.334,11.083,0.3331,,
134,30.54,19.9309,16.2848,11.148,0.3177,,
135,30.773,19.9763,16.3816,11.093,0.3075,,
136,31.006,19.9187,16.3358,11.146,0.3201,,
137,31.239,19.8925,16.3561,11.1509,0.318,,
138,31.472,19.9536,16.2023,11.1646,0.3324,,
139,31.705,20.065,16.357,11.1391,0.3162,,
140,31.938,20.0251,16.3922,11.0881,0.3187,,
141,32.172,20.0705,16.3493,11.1258,0.3124,,
142,32.405,20.1054,16.4376,11.022,0.3307,,
143,32.638,19.9813,16.3612,11.1157,0.321,,
144,32.871,20.0059,16.3917,11.0583,0.327,,
145,33.104,20.0131,16.3256,11.059,0.3279,,
146,33.337,20.0967,16.5258,11.1847,0.3168,,
147,33.57,20.0505,16.3085,11.1731,0.3191,,
148,33.803,20.1159,16.4749,11.2014,0.3276,,
149,34.036,20.0915,16.4937,11.1047,0.3253,,
150,34.269,19.9763,16.4206,11.1553,0.3286,,
151,34.502,19.9239,16.3922,11.0594,0.315,,
152,34.735,20.0094,16.3137,11.1569,0.311,,
153,34.968,20.0295,16.4054,11.1108,0.3343,,
154,35.202,20.074,16.4715,11.197,0.3601,,
155,35.435,20.0408,16.4749,10.688,0.4159,,
156,35.67,19.9937,16.4766,10.5128,0.4072,,
157,35.903,19.8244,16.4528,10.3843,0.4037,,
158,36.136,19.7589,16.3888,10.2175,0.3971,,
159,36.369,19.9344,16.4002,10.2476,0.4026,,
160,36.602,19.885,16.424,10.3081,0.4117,,
161,36.835,19.8401,16.3425,10.4484,0.4049,,
162,37.068,19.9813,16.3646,10.3037,0.4043,,
163,37.301,19.8296,16.2899,10.1859,0.4137,,
164,37.534,19.8702,16.3997,10.2519,0.4223,,
165,37.767,19.9239,16.3782,10.4202,0.4954,,
166,38,19.9693,16.4693,9.8416,0.5054,,
167,38.233,19.8733,16.4022,9.7275,0.505,,
168,38.466,19.9047,16.49,9.6616,0.5117,,
169,38.7,19.8174,16.3544,9.7336,0.4941,,
170,38.933,19.8087,16.4121,9.6955,0.4963,,
171,39.166,19.9522,16.3578,9.6159,0.5023,,
172,39.399,19.9413,16.4426,9.6189,0.499,,
173,39.632,19.8009,16.3646,9.683,0.496,,
174,39.865,19.9256,16.4885,9.5342,0.5107,,
175,40.098,19.8417,16.4291,9.6697,0.5128,,
176,40.331,19.8593,16.4443,9.6349,0.5007,,
177,40.564,19.875,16.4599,9.5637,0.5203,,
178,40.797,19.8122,16.3748,9.5681,0.5112,,
179,41.03,19.895,16.3847,9.6824,0.5095,,
180,41.263,19.8488,16.4172,9.641,0.4993,,
181,41.496,19.9622,16.4411,9.5148,0.4899,,
182,41.73,19.8122,16.334,9.5572,0.4945,,
183,41.963,19.9012,16.4851,9.5204,0.4831,,
184,42.198,19.964,16.687,9.5714,0.5028,,
185,42.431,19.7965,16.4834,9.6549,0.504,,
186,42.664,19.7951,16.4474,9.6106,0.493,,
187,42.897,19.9152,16.5004,9.5288,0.5893,,
188,43.13,19.8649,16.407,9.1271,0.5996,,
189,43.363,19.8314,16.463,8.9556,0.5883,,
190,43.596,19.8791,16.5258,8.8646,0.5997,,
191,43.829,19.8261,16.4987,8.8379,0.6056,,
192,44.062,19.8174,16.3997,8.9718,0.6002,,
193,44.295,19.7755,16.497,8.8168,0.5929,,
194,44.528,19.8733,16.5332,8.8055,0.5968,,
195,44.761,19.9221,16.3799,8.9293,0.5964,,
196,44.994,19.8261,16.4279,8.8702,0.5924,,
197,45.228,19.7842,16.3833,8.8702,0.5949,,
198,45.461,19.8488,16.4562,8.8362,0.598,,
199,45.694,19.8184,16.4494,8.9669,0.5942,,
200,45.927,19.793,16.3951,8.8655,0.584,,
201,46.16,19.8436,16.5547,8.6635,0.6906,,
202,46.393,19.882,16.5411,8.1119,0.6943,,
203,46.626,19.766,16.5445,8.0938,0.6747,,
204,46.859,19.7834,16.4087,8.0428,0.687,,
205,47.092,19.8244,16.4185,8.0176,0.6737,,
206,47.325,19.7389,16.5021,8.0739,0.6857,,
207,47.558,19.8645,16.4956,8.0432,0.6907,,
208,47.791,19.7319,16.497,8.004,0.6791,,
209,48.024,19.8419,16.4561,7.8488,0.6819,,
210,48.258,19.7354,16.4596,7.9749,0.692,,
211,48.491,19.8139,16.4715,7.9737,0.6998,,
212,48.726,19.7074,16.4766,8.0017,0.6813,,
213,48.959,19.7072,16.4443,7.9225,0.6869,,
214,49.192,19.7854,16.4223,7.8537,0.6828,,
215,49.425,19.793,16.4019,7.9371,0.689,,
216,49.658,19.7777,16.48,7.9254,0.6897,,
217,49.891,19.7528,16.4511,8.0223,0.6947,,
218,50.124,19.7292,16.4664,8.0587,0.6745,,
219,50.357,19.7109,16.3917,8.0503,0.6888,,
220,50.59,19.7458,16.4392,7.8769,0.6901,,
221,50.823,19.7616,16.4206,7.9546,0.6864,,
222,51.056,19.7424,16.3922,8.0116,0.6832,,
223,51.289,19.7546,16.4596,8.1066,0.6938,,
224,51.522,19.6743,16.4354,7.9693,0.6899,,
225,51.756,20.0653,16.6836,8.0248,0.6821,,
226,51.989,20.5453,17.186,8.344,0.6702,,
227,52.222,20.9724,17.5856,8.4713,0.6765,,
228,52.455,21.3884,17.7138,8.7042,0.6957,,
229,52.688,21.7637,18.0718,8.9702,0.6776,,
230,52.921,22.3193,18.4418,9.3222,0.6891,,
231,53.154,22.6734,18.8966,9.5791,0.6832,,
232,53.387,23.0729,19.2768,9.8085,0.6963,,
233,53.62,23.3103,19.3642,10.0524,0.6821,,
234,53.853,23.8953,19.9726,10.3061,0.6872,,
235,54.086,24.3297,20.1105,10.5229,0.6685,,
236,54.319,24.7879,20.5139,10.5978,0.6928,,
237,54.552,25.4165,21.0486,10.8361,0.6759,,
238,54.786,26.0578,21.6136,11.1452,0.6795,,
239,55.019,26.7054,22.1109,11.4895,0.6907,,
240,55.254,26.7351,22.082,11.625,0.6916,,
241,55.487,26.7854,22.2399,11.7431,0.698,,
242,55.72,26.8356,22.1991,11.6991,0.6823,,
243,55.953,26.8049,22.2042,11.7718,0.6893,,
244,56.186,26.9034,22.1686,11.7857,0.687,,
245,56.419,26.9952,22.1856,11.7564,0.6856,,
246,56.652,26.7552,22.1822,11.7929,0.6881,,
247,56.885,26.8625,22.1703,11.8039,0.6813,,
248,57.118,26.7805,22.105,11.7974,0.6951,,
249,57.351,26.7456,22.1228,11.695,0.679,,
250,57.584,26.8491,22.2103,11.7343,0.6975,,
251,57.817,26.9678,22.267,11.7727,0.6795,,
252,58.05,26.8598,22.1088,11.7594,0.6722,,
253,58.284,26.7269,21.9802,11.8095,0.6766,,
254,58.517,26.8311,22.2025,11.6781,0.6841,,
255,58.75,26.8317,22.0566,11.7881,0.7081,,
256,58.983,26.9131,22.2416,11.882,0.6857,,
257,59.216,26.8025,22.0481,11.7776,0.6893,,
258,59.449,26.9873,22.267,11.6759,0.6854,,
259,59.682,26.9674,22.1448,11.7792,0.6903,,
260,59.915,26.819,22.0192,11.7962,0.6852,,
261,60.148,26.7535,22.1163,11.8213,0.6801,,
262,60.381,26.8314,22.1143,11.7161,0.6782,,
263,60.614,26.8686,22.0374,11.795,0.6829,,
264,60.847,26.7057,22.1228,11.7306,0.6893,,
265,61.08,26.8792,22.1163,11.7901,0.7012,,
266,61.314,26.8678,22.0702,11.7614,0.6748,,
267,61.547,26.8293,22.172,11.7395,0.6818,,
268,61.782,26.8939,22.1669,11.7751,0.6879,,
269,62.015,26.8651,22.1228,11.8565,0.7072,,
270,62.248,26.7328,22.1245,11.7577,0.688,,
271,62.481,26.8555,22.0871,11.6848,0.6746,,
272,62.714,26.771,22.1516,11.7185,0.6843,,
273,62.947,26.8438,21.9497,11.7337,0.6734,,
274,63.18,26.9602,22.245,11.765,0.6825,,
275,63.413,26.8686,22.077,11.8075,0.6897,,
276,63.646,26.9589,22.23,11.8051,0.6873,,
277,63.879,26.8241,22.138,11.765,0.6821,,
278,64.112,26.8014,22.0674,11.7678,0.6814,,
279,64.345,26.8367,22.211,11.7472,0.6815,,
280,64.578,26.7216,22.0317,11.7836,0.6786,,
281,64.812,26.7323,22.082,11.7468,0.6969,,
282,65.045,26.9411,22.0803,11.8551,0.6803,,
283,65.278,26.9461,22.0668,11.7513,0.6741,,
284,65.511,26.8835,22.0905,11.7337,0.6929,,
285,65.744,26.9131,22.1516,11.833,0.6865,,
286,65.977,26.8014,22.0973,11.8092,0.6916,,
287,66.21,26.8181,22.138,11.7618,0.6866,,
288,66.443,26.9111,22.1822,11.8221,0.692,,
289,66.676,26.8332,22.1765,11.7784,0.6859,,
290,66.909,26.8385,22.1245,11.7946,0.6864,,
291,67.142,26.7818,22.1276,11.7488,0.6859,,
292,67.375,26.8276,22.0668,11.8111,0.6868,,
293,67.608,26.796,22.1276,11.8119,0.6877,,
294,67.842,26.756,22.0685,11.8342,0.6659,,
295,68.075,26.8332,22.1465,11.7488,0.6653,,
296,68.31,26.7748,22.0905,11.7197,0.6869,,
297,68.543,26.8206,22.1092,11.787,0.7001,,
298,68.776,26.7172,21.9446,11.7796,0.6887,,
299,69.009,26.8421,22.245,11.7037,0.6918,,
300,69.242,26.9616,22.0685,11.8002,0.6917,,
301,69.475,26.8363,22.1431,11.8157,0.6828,,
302,69.708,26.9326,22.2399,11.744,0.6754,,
303,69.941,26.7748,22.0719,11.8285,0.6739,,
304,70.174,26.8084,22.1013,11.7403,0.6884,,
305,70.407,26.7393,21.9751,11.7573,0.6826,,
306,70.64,26.7978,22.0712,11.7739,0.6794,,
307,70.873,26.8363,22.2416,11.7589,0.674,,
308,71.106,26.7907,22.1483,11.7327,0.6923,,
309,71.34,26.7996,22.1177,11.7731,0.6836,,
310,71.573,26.75,22.1245,11.7171,0.6756,,
311,71.806,26.8802,22.1686,11.7428,0.6874,,
312,72.039,26.9184,22.1364,11.6481,0.6865,,
313,72.272,26.8899,22.1907,11.85,0.6933,,
314,72.505,26.8084,22.1974,11.8838,0.6817,,
315,72.738,26.972,22.1669,11.7424,0.6973,,
316,72.971,26.7553,22.0651,11.8172,0.7499,,
317,73.204,26.9411,22.293,11.318,0.7913,,
318,73.437,26.7146,22.0243,11.1428,0.7885,,
319,73.67,26.8226,22.0862,11.0975,0.7756,,
320,73.903,26.8757,22.0736,11.0841,0.7868,,
321,74.136,26.819,22.184,11.1229,0.7906,,
322,74.37,26.7822,22.1991,11.1153,0.796,,
323,74.603,26.8573,22.3655,11.055,0.7886,,
324,74.838,26.9131,22.267,11.0493,0.7812,,
325,75.071,26.7316,22.2602,11.2008,0.7824,,
326,75.304,26.8045,22.043,11.1132,0.7857,,
327,75.537,26.8486,22.1703,11.0655,0.8874,,
328,75.77,26.8259,22.2042,10.5068,0.8802,,
329,76.003,26.6968,22.2076,10.4547,0.8717,,
330,76.236,26.834,22.2127,10.3822,0.8784,,
331,76.469,26.7535,22.2823,10.3376,0.8798,,
332,76.702,26.8243,22.2423,10.3178,0.8591,,
333,76.935,26.8084,22.3621,10.4093,0.8698,,
334,77.168,26.8155,22.2874,10.3866,0.8715,,
335,77.401,26.8084,22.1957,10.402,0.8784,,
336,77.634,26.681,22.2404,10.3494,0.8772,,
337,77.868,26.8608,22.3315,10.3328,0.8854,,
338,78.101,26.8668,22.2534,10.4269,0.873,,
339,78.334,26.8491,22.3095,10.3134,0.8796,,
340,78.567,26.8032,22.2331,10.4793,0.8694,,
341,78.8,26.7099,22.1211,10.3862,0.8895,,
342,79.033,26.7588,22.1262,10.5264,0.8711,,
343,79.266,26.7328,22.2246,10.332,0.8588,,
344,79.499,26.7386,22.2314,10.315,0.8823,,
345,79.732,26.7323,22.3381,10.2883,0.8845,,
346,79.965,26.9323,22.4486,10.2215,0.8747,,
347,80.198,27.0859,22.6276,10.4724,0.8835,,
348,80.431,27.7417,23.1308,10.7115,0.8665,,
349,80.664,27.9789,23.3476,11.0016,0.8584,,
350,80.898,28.5487,23.6807,11.091,0.8834,,
351,81.131,29.0061,24.161,11.2674,0.8678,,
352,81.366,29.5629,24.6311,11.5041,0.8763,,
353,81.599,30.1023,24.906,11.7942,0.8853,,
354,81.832,30.3713,25.1758,11.924,0.8831,,
355,82.065,30.9859,25.6832,12.1236,0.8854,,
356,82.298,31.0075,25.819,12.2582,0.878,,
357,82.531,31.4144,26.189,12.4059,0.8827,,
358,82.764,31.7512,26.3519,12.5224,0.8718,,
359,82.997,32.1865,26.7134,12.7971,0.8738,,
360,83.23,32.376,26.9738,12.8983,0.8832,,
361,83.463,32.4964,26.9611,12.9691,0.8706,,
362,83.696,32.6735,26.9569,12.8987,0.8735,,
363,83.929,32.6894,26.9798,12.9484,0.8599,,
364,84.162,32.3672,26.9118,12.8639,0.8778,,
365,84.396,32.4947,26.7694,12.9634,0.8845,,
366,84.629,32.3973,26.71,12.9576,0.8785,,
367,84.862,32.6541,26.99,12.8829,0.8807,,
368,85.095,32.5758,26.9815,13.0181,0.8769,,
369,85.328,32.5222,26.8669,13.0783,0.8609,,
370,85.561,32.2432,26.6794,12.95,0.8686,,
371,85.794,32.4272,26.878,13.0128,0.8792,,
372,86.027,32.7172,27.0545,12.9671,0.863,,
373,86.26,32.5017,26.8516,12.9124,0.8686,,
374,86.493,32.5775,26.8583,12.9254,0.8681,,
375,86.726,32.4344,26.7577,12.9181,0.8761,,
376,86.959,32.4955,26.86,13.0949,0.8767,,
377,87.192,32.6647,27.0058,13.0293,0.8876,,
378,87.426,32.5199,26.7643,12.9771,0.8806,,
379,87.659,32.3977,26.8256,13.0471,0.856,,
380,87.894,32.5956,27.0884,13.0569,0.8812,,
381,88.127,32.3925,26.8101,12.9744,0.8746,,
382,88.36,32.4311,26.9461,12.9759,0.8834,,
383,88.593,32.6089,26.8763,12.9503,0.879,,
384,88.826,32.5789,26.8067,12.961,0.8715,,
385,89.059,32.5827,26.8356,12.8857,0.8582,,
386,89.292,32.5907,27.0698,12.9549,0.8986,,
387,89.525,32.5234,26.9051,12.8424,0.8762,,
388,89.758,32.592,27.0359,12.9035,0.8778,,
389,89.991,32.4415,26.8474,12.8364,0.8734,,
390,90.224,32.5566,26.9024,12.9549,0.9001,,
391,90.457,32.6054,27.0528,12.8513,0.8687,,
392,90.69,32.6037,27.133,12.8845,0.8938,,
393,90.924,32.4628,26.8746,12.9909,0.8689,,
394,91.157,32.6682,27.0613,12.9742,0.8471,,
395,91.39,32.5184,26.7361,13.0099,0.8896,,
396,91.623,32.4728,26.8979,12.95,0.8802,,
397,91.856,32.3069,26.7609,13.0362,0.8868,,
398,92.089,32.3122,26.7327,13.0298,0.8693,,
399,92.322,32.5533,26.8032,13.0512,0.8747,,
400,92.555,32.4885,27.0256,12.8941,0.8667,,
401,92.788,32.507,26.6674,12.9023,0.872,,
402,93.021,32.5339,26.7524,12.8675,0.8737,,
403,93.254,32.4486,26.9663,12.8283,0.8801,,
404,93.487,32.6159,26.8797,12.8683,0.8868,,
405,93.72,32.5779,26.9644,12.9189,0.8792,,
406,93.954,32.5705,26.9153,13.0164,0.8783,,
407,94.187,32.5513,26.7812,12.9448,0.8828,,
408,94.422,32.422,26.8814,12.9225,0.8635,,
409,94.655,32.4752,26.9187,12.9173,0.8829,,
410,94.888,32.5533,27.0681,12.8412,0.8971,,
411,95.121,32.3995,26.8457,12.953,0.8855,,
412,95.354,32.435,26.9934,12.9124,0.8748,,
413,95.587,32.5248,26.8763,13.0047,0.8851,,
414,95.82,32.6289,27.027,12.8825,0.9494,,
415,96.053,32.485,26.9564,12.49,0.969,,
416,96.286,32.5248,26.9475,12.3929,0.9797,,
417,96.519,32.4079,26.8831,12.3577,0.9821,,
418,96.752,32.5356,27.0394,12.3347,0.9742,,
419,96.985,32.3955,27.0137,12.2137,0.9737,,
420,97.218,32.5182,27.0012,12.308,0.9801,,
421,97.452,32.6647,27.0562,12.24,1.0031,,
422,97.685,32.4203,26.8729,12.3342,0.9707,,
423,97.918,32.4155,27.0273,12.1939,1.0776,,
424,98.151,32.6151,27.0273,11.7373,1.0735,,
425,98.384,32.5316,27.0647,11.7302,1.074,,
426,98.617,32.4344,27.0799,11.6593,1.0585,,
427,98.85,32.3205,26.879,11.7035,1.0652,,
428,99.083,32.5177,26.9577,11.6934,1.0805,,
429,99.316,32.471,27.0321,11.6529,1.0646,,
430,99.549,32.5318,27.0816,11.7678,1.0745,,
431,99.782,32.4344,27.0261,11.7205,1.0665,,
432,100.015,32.5618,27.0002,11.7416,1.0605,,
433,100.248,32.569,26.9438,11.725,1.0667,,
434,100.482,32.4645,26.9136,11.708,1.1097,,
435,100.715,32.3282,26.9832,11.2087,1.1592,,
436,100.95,32.2963,27.1444,10.9704,1.1596,,
437,101.183,32.5,27.1292,11.0825,1.1504,,
438,101.416,32.3424,26.9374,10.9761,1.1514,,
439,101.649,32.3424,26.9153,11.0731,1.1488,,
440,101.882,32.4685,27.1716,11.0384,1.1633,,
441,102.115,32.3725,27.0171,11.1013,1.1765,,
442,102.348,32.5434,27.0935,11.0428,1.1715,,
443,102.581,32.2662,26.9085,11.0643,1.1632,,
444,102.814,32.4327,26.9983,11.0683,1.1711,,
445,103.047,32.2414,26.8967,11.0137,1.1808,,
446,103.28,32.2662,26.9268,10.7188,1.256,,
447,103.513,32.4415,27.0392,10.506,1.253,,
448,103.746,32.3282,27.0738,10.4501,1.2528,,
449,103.98,32.4964,27.0782,10.4032,1.2716,,
450,104.213,32.3335,27.1512,10.3256,1.2485,,
451,104.446,32.4117,27.0184,10.4226,1.2658,,
452,104.679,32.3831,27.0171,10.4775,1.2672,,
453,104.912,32.2148,26.9,10.4793,1.2661,,
454,105.145,32.2538,26.9934,10.4901,1.2571,,
455,105.378,32.2656,27.0765,10.4513,1.2591,,
456,105.611,32.4716,27.0681,10.3514,1.2481,,
457,105.844,32.0732,26.8103,10.4048,1.2497,,
458,106.077,32.2308,27.0019,10.3696,1.267,,
459,106.31,32.3016,26.8667,10.423,1.2432,,
460,106.543,32.2627,26.8763,10.4335,1.2338,,
461,106.776,32.2963,27.0471,10.3943,1.2506,,
462,107.01,32.2945,27.0409,10.4084,1.2556,,
463,107.243,32.245,27.0647,10.4089,1.2561,,
464,107.478,32.1812,26.8377,10.3894,1.2585,,
465,107.711,32.2045,26.9119,10.3054,1.2496,,
466,107.944,32.2833,27.0884,10.3559,1.2549,,
467,108.177,32.3707,27.1359,10.3121,1.2628,,
468,108.41,32.5947,27.2615,10.4853,1.2515,,
469,108.643,33.1074,27.6145,10.6326,1.2618,,
470,108.876,33.8974,28.4325,10.9607,1.2498,,
471,109.109,34.1982,28.4919,11.2334,1.2532,,
472,109.342,35.0217,29.0285,11.5117,1.2641,,
473,109.575,35.9939,30.0057,11.8326,1.2647,,
474,109.808,37.0281,31.023,12.2266,1.2606,,
475,110.041,37.4424,31.2038,12.4718,1.2528,,
476,110.274,37.8072,31.5813,12.7441,1.2537,,
477,110.508,38.0068,31.5359,12.7263,1.2616,,
478,110.741,38.1152,31.791,12.8438,1.2446,,
479,110.974,38.3401,31.8674,12.967,1.2481,,
480,111.207,38.4336,31.9438,13.0286,1.2548,,
481,111.44,38.193,31.7978,12.9598,1.2831,,
482,111.673,38.3958,32.0371,12.9392,1.2673,,
483,111.906,38.4603,31.875,13.0803,1.2557,,
484,112.139,38.3304,31.9166,12.9737,1.2415,,
485,112.372,38.2581,31.8107,12.9403,1.2548,,
486,112.605,38.2701,31.7181,13.0892,1.2656,,
487,112.838,38.3169,31.7862,13.0637,1.2306,,
488,113.071,38.3867,32.0575,13.0184,1.2703,,
489,113.304,38.2942,31.9347,13.0285,1.243,,
490,113.538,38.3833,31.9726,12.9739,1.2484,,
491,113.771,38.193,31.6977,13.0103,1.2605,,
492,114.006,38.16,31.8267,13.071,1.2609,,
493,114.239,38.3063,31.8182,12.9952,1.2438,,
494,114.472,38.151,31.7164,13.0832,1.2703,,
495,114.705,38.3833,32.0897,12.8662,1.2533,,
496,114.938,38.3439,31.8895,12.944,1.2613,,
497,115.171,38.2873,31.937,12.9867,1.2741,,
498,115.404,38.3572,31.881,12.978,1.2444,,
499,115.637,38.3355,31.8742,13.0127,1.248,,
500,115.87,38.2288,31.7449,13.0791,1.2552,,
501,116.103,38.3854,31.9098,12.9541,1.2593,,
502,116.336,38.2099,31.9197,12.897,1.268,,
503,116.569,38.3872,31.9013,13.1124,1.2605,,
504,116.802,38.2891,31.9686,12.9048,1.2566,,
505,117.036,38.3218,31.9115,12.9569,1.2536,,
506,117.269,38.2611,31.7265,12.9289,1.2419,,
507,117.502,38.3401,31.864,13.1483,1.2615,,
508,117.735,38.4233,31.9726,12.9835,1.2678,,
509,117.968,38.1262,31.8267,12.9807,1.2403,,
510,118.201,38.2047,31.92,13.0324,1.2449,,
511,118.434,38.2809,32.0354,12.967,1.2475,,
512,118.667,38.2116,31.903,12.8485,1.2534,,
513,118.9,38.2994,32.0325,12.8457,1.2637,,
514,119.133,38.394,32.1593,12.922,1.2424,,
515,119.366,38.3269,31.9251,12.9861,1.252,,
516,119.599,38.4801,31.9743,12.9573,1.2414,,
517,119.832,38.2856,31.8802,12.8888,1.2316,,
518,120.066,38.3837,31.8776,13.0455,1.2481,,
519,120.299,38.5042,32.1949,12.9064,1.2586,,
520,120.534,38.32,32.0303,12.961,1.2506,,
521,120.767,38.3786,31.881,12.9231,1.2549,,
522,121,38.5615,32.0507,13.0039,1.2422,,
523,121.233,38.4566,31.9115,13.0338,1.2732,,
524,121.466,38.256,31.8905,12.9703,1.2442,,
525,121.699,38.2805,31.881,12.9976,1.2508,,
526,121.932,38.4126,31.8878,12.9128,1.2427,,
527,122.165,38.3379,31.8623,12.9509,1.2598,,
528,122.398,38.1806,31.9028,13.0989,1.2484,,
529,122.631,38.4113,31.9404,12.9487,1.2595,,
530,122.864,38.0963,31.7505,12.9007,1.2593,,
531,123.097,38.3528,32.1287,12.9676,1.245,,
532,123.33,38.3218,31.8735,13.1285,1.251,,
533,123.564,38.4354,31.9166,13.1452,1.2435,,
534,123.797,38.4688,31.9387,12.9567,1.2542,,
535,124.03,38.3496,31.9817,12.9274,1.2579,,
536,124.263,38.2785,31.8267,13.036,1.2536,,
537,124.496,38.193,31.8216,13.0303,1.2466,,
538,124.729,38.3414,31.9438,12.9733,1.2517,,
539,124.962,38.4221,32.1389,12.9063,1.2604,,
540,125.195,38.3218,32.0524,13.0225,1.2634,,
541,125.428,38.4009,32.0043,13.067,1.2555,,
542,125.661,38.191,31.8991,12.912,1.2634,,
543,125.894,38.2227,31.9686,12.9436,1.2505,,
544,126.127,38.2151,31.8929,13.0443,1.2624,,
545,126.36,38.3596,31.9761,12.999,1.2464,,
546,126.594,38.3803,32.1695,12.9347,1.2123,,
547,126.827,38.1738,31.7927,13.4319,1.1481,,
548,127.062,38.3579,31.9268,13.4923,1.165,,
549,127.295,38.1445,31.7418,13.5864,1.1484,,
550,127.528,38.3267,31.9042,13.5415,1.1498,,
551,127.761,38.413,32.1389,13.5133,1.1522,,
552,127.994,38.5825,32.0422,13.5128,1.1624,,
553,128.227,38.6006,31.9285,13.5147,1.1656,,
554,128.46,38.4804,31.9726,13.4926,1.1518,,
555,128.693,38.382,31.7622,13.5013,1.1913,,
556,128.926,38.4286,31.8877,13.4554,1.1732,,
557,129.159,38.5334,31.9115,13.5286,1.1393,,
558,129.392,38.4181,32.2111,13.4267,1.1392,,
559,129.625,38.0567,31.8148,13.791,1.0609,,
560,129.858,38.3252,31.9667,14.1102,1.07,,
561,130.092,38.3751,31.7961,14.1177,1.0533,,
562,130.325,38.573,31.9675,14.0892,1.0735,,
563,130.558,38.5539,31.9013,14.0873,1.0787,,
564,130.791,38.5197,31.9421,14.0999,1.0676,,
565,131.024,38.6646,32.0982,14.0462,1.0461,,
566,131.257,38.5868,31.9743,14.1098,1.0735,,
567,131.49,38.4489,32.1644,14.1306,1.0121,,
568,131.723,38.5627,31.9217,14.4984,0.9784,,
569,131.956,38.5868,31.9141,14.6856,0.9759,,
570,132.189,38.687,32.066,14.8229,0.9705,,
571,132.422,38.4629,31.9986,14.644,0.9534,,
572,132.655,38.6401,32.0235,14.5247,0.974,,
573,132.888,38.8071,31.9517,14.6892,0.9755,,
574,133.122,38.6866,31.8674,14.6578,0.9661,,
575,133.355,38.6677,31.8962,14.602,0.9703,,
576,133.59,38.6677,32.1254,14.8145,0.9672,,
577,133.823,38.37,31.8301,14.7584,0.9851,,
578,134.056,38.6188,31.8895,14.7241,0.9703,,
579,134.289,38.7882,32.0167,14.5911,0.9617,,
580,134.522,38.5176,31.8368,14.5994,0.9683,,
581,134.755,38.37,31.7486,14.7434,0.9133,,
582,134.988,38.6684,31.8063,15.0387,0.8837,,
583,135.221,38.5782,31.8148,15.2039,0.877,,
584,135.454,38.7056,32.0005,15.2901,0.8679,,
585,135.687,38.7027,32.0116,15.2514,0.8918,,
586,135.92,38.8157,32.0494,15.2367,0.8833,,
587,136.153,38.7658,32.0846,15.2075,0.8667,,
588,136.386,38.3441,31.493,15.2893,0.862,,
589,136.62,38.5971,31.8878,15.2299,0.8807,,
590,136.853,38.7486,31.8929,15.3057,0.8628,,
591,137.086,38.6684,31.7876,15.4114,0.8705,,
592,137.319,38.8966,31.9353,15.2938,0.8665,,
593,137.552,38.8288,31.9624,15.3532,0.8803,,
594,137.785,38.7709,31.8318,15.2576,0.8864,,
595,138.018,38.6092,31.8555,15.3011,0.8696,,
596,138.251,38.5696,31.9081,15.2973,0.8864,,
597,138.484,38.6608,31.9404,15.3153,0.8627,,
598,138.717,38.573,31.8453,15.2028,0.8799,,
599,138.95,38.6419,31.8389,15.2407,0.8784,,
600,139.183,38.4147,31.7944,15.1736,0.8858,,
601,139.416,38.6298,31.852,15.261,0.8712,,
602,139.65,38.5438,31.9081,15.3001,0.8689,,
603,139.883,38.8002,32.0999,15.2299,0.8846,,
604,140.118,38.7847,32.0303,15.2279,0.8849,,
605,140.351,38.7382,32.049,15.2651,0.8816,,
606,140.584,38.7582,31.9522,15.2473,0.9373,,
607,140.817,38.5076,31.6553,14.8062,0.9613,,
608,141.05,38.2923,31.7605,14.7832,0.9722,,
609,141.283,38.7899,32.1203,14.7094,0.9693,,
610,141.516,38.6054,32.0286,14.7278,0.977,,
611,141.749,38.6987,31.9811,14.695,0.9625,,
612,141.982,38.7021,31.8708,14.6541,0.9741,,
613,142.215,38.5403,31.7995,14.6473,0.9662,,
614,142.448,38.7761,32.0456,14.6529,0.9605,,
615,142.681,38.6172,31.9353,14.6225,0.9975,,
616,142.914,38.5472,31.8315,14.5016,1.0655,,
617,143.148,38.5404,32.0167,14.1565,1.0515,,
618,143.381,38.6748,32.0846,14.0229,1.0688,,
619,143.614,38.2656,31.7707,14.1302,1.0744,,
620,143.847,38.4356,31.9421,14.2263,1.0586,,
621,144.08,38.2771,31.8929,13.9703,1.0583,,
622,144.313,38.2082,31.7825,14.1692,1.0733,,
623,144.546,38.5042,31.9998,13.9178,1.0763,,
624,144.779,38.5962,32.0524,14.1885,1.0556,,
625,145.012,38.6023,32.0494,13.989,1.0836,,
626,145.245,38.425,32.0133,13.8826,1.1468,,
627,145.478,38.296,32.0053,13.7046,1.1452,,
628,145.711,38.3751,31.9064,13.6718,1.1652,,
629,145.944,38.5524,31.9175,13.5472,1.1599,,
630,146.178,38.5644,31.9748,13.5776,1.1554,,
631,146.411,38.3459,31.9811,13.5871,1.1614,,
632,146.646,38.4629,31.9217,13.6573,1.1726,,
633,146.879,38.3028,31.8148,13.5254,1.1824,,
634,147.112,38.2751,31.8233,13.4382,1.1859,,
635,147.345,38.2237,31.9013,13.1543,1.2685,,
636,147.578,38.0613,31.847,12.9511,1.2671,,
637,147.811,38.5002,32.1593,12.9289,1.267,,
638,148.044,38.4727,32.1186,12.8542,1.2511,,
639,148.277,38.3745,31.9556,12.9861,1.2428,,
640,148.51,38.4164,32.134,13.0103,1.2526,,
641,148.743,38.5661,32.0863,13.0552,1.2423,,
642,148.976,38.3579,32.0456,13.0184,1.2396,,
643,149.209,38.2787,31.9868,12.9682,1.2598,,
644,149.442,38.4491,31.9968,12.9126,1.2697,,
645,149.676,38.3501,31.9794,12.9909,1.2555,,
646,149.909,38.4336,31.959,12.9939,1.2593,,
647,150.142,38.384,32.0744,12.8877,1.2479,,
648,150.375,38.2512,31.6637,12.9476,1.2397,,
649,150.608,38.2427,31.8759,12.8339,1.2575,,
650,150.841,38.1875,31.8767,12.8846,1.2575,,
651,151.074,38.3267,31.8165,12.8958,1.2846,,
652,151.307,38.282,32.0083,12.4629,1.3462,,
653,151.54,38.3545,31.8652,12.3064,1.3487,,
654,151.773,38.4828,32.2458,12.2659,1.3634,,
655,152.006,38.3187,32.1641,12.2853,1.3523,,
656,152.239,38.3114,32.0247,12.3719,1.3536,,
657,152.472,38.6241,32.1453,12.3112,1.3562,,
658,152.706,38.2733,31.9794,12.2942,1.3745,,
659,152.939,38.3614,31.9981,12.2218,1.3566,,
660,153.174,38.5788,32.0795,12.3031,1.3362,,
661,153.407,38.3338,31.9641,12.3642,1.3455,,
662,153.64,38.4513,32.2441,12.3448,1.4516,,
663,153.873,38.2768,32.049,11.7319,1.4562,,
664,154.106,38.1644,31.993,11.6424,1.4347,,
665,154.339,38.4027,32.0269,11.8338,1.4453,,
666,154.572,38.4766,32.1186,11.7642,1.4374,,
667,154.805,38.3579,32.1763,11.7437,1.4548,,
668,155.038,38.2279,32.0832,11.7035,1.4497,,
669,155.271,38.2151,32.0592,11.6873,1.4496,,
670,155.504,38.2611,31.9441,11.7472,1.443,,
671,155.737,38.3304,32.0592,11.7379,1.4409,,
672,155.97,38.2254,32.1542,11.7513,1.4622,,
673,156.204,38.3648,32.0626,11.7937,1.4529,,
674,156.437,38.275,32.0218,11.8076,1.436,,
675,156.67,38.2847,32.0558,11.7869,1.4342,,
676,156.903,38.2209,31.9149,11.7861,1.439,,
677,157.136,38.3935,32.0867,11.7015,1.4474,,
678,157.369,38.2611,31.8895,11.7297,1.4581,,
679,157.602,38.4775,32.1016,11.7921,1.4481,,
680,157.835,38.3132,31.9675,11.8184,1.4626,,
681,158.068,38.3631,32.1039,11.7128,1.4375,,
682,158.301,38.4044,32.2017,11.7322,1.439,,
683,158.534,37.95,31.8727,11.7816,1.4688,,
684,158.767,38.222,32.0066,11.6627,1.4374,,
685,159,38.203,32.0072,11.7432,1.4438,,
686,159.234,38.2168,32.1338,11.7043,1.4618,,
687,159.467,38.3407,32.0948,11.7828,1.5007,,
688,159.702,38.1428,31.9489,11.3264,1.5502,,
689,159.935,38.2908,32.088,11.0901,1.5545,,
690,160.168,37.9568,31.8487,11.1654,1.5515,,
691,160.401,38.1531,31.9765,11.0225,1.5409,,
692,160.634,37.9658,31.9115,10.9826,1.5615,,
693,160.867,38.012,31.8759,10.9593,1.5513,,
694,161.1,38.0079,31.7769,11.0886,1.5255,,
695,161.333,38.2478,32.0999,11.0036,1.5492,,
696,161.566,38.2409,32.1979,11.0347,1.5463,,
697,161.799,38.0671,31.9624,11.0857,1.5421,,
698,162.032,38.001,31.8501,11.006,1.5478,,
699,162.265,38.1893,32.1169,11.0614,1.5373,,
700,162.498,37.9242,31.9423,11.0663,1.5591,,
701,162.732,38.191,31.8708,10.633,1.6483,,
702,162.965,38.001,32.0643,10.4681,1.6388,,
703,163.198,37.9509,32.0032,10.3417,1.6368,,
704,163.431,38.024,31.9214,10.4049,1.6506,,
705,163.664,38.1568,32.0116,10.4263,1.6493,,
706,163.897,38.0551,32.1457,10.3305,1.6377,,
707,164.13,38.025,32.0269,10.347,1.6393,,
708,164.363,38.0361,31.9794,10.368,1.6313,,
709,164.596,37.9845,31.9065,10.3413,1.6584,,
710,164.829,37.9504,31.7231,10.4295,1.6415,,
711,165.062,38.1342,32.0306,10.298,1.6505,,
712,165.295,37.8812,31.9748,10.389,1.6491,,
713,165.528,37.7728,31.7937,10.124,1.7438,,
714,165.762,38.1617,32.2255,9.766,1.7299,,
715,165.995,37.9896,32.0218,9.7041,1.7282,,
716,166.23,38.0929,32.0626,9.7534,1.7307,,
717,166.463,37.8915,31.8664,9.7215,1.7439,,
718,166.696,37.8971,31.8606,9.6385,1.7277,,
719,166.929,38.0464,32.0286,9.691,1.7438,,
720,167.162,37.9792,32.0626,9.7364,1.739,,
721,167.395,38.1669,32.1864,9.7457,1.7339,,
722,167.628,38.0246,31.9777,9.6895,1.7234,,
723,167.861,38.1497,32.1508,9.7316,1.765,,
724,168.094,38.2323,32.3709,9.7247,1.737,,
725,168.327,38.308,32.2543,9.8206,1.7539,,
726,168.56,38.2116,32.2825,9.7166,1.7399,,
727,168.793,38.394,32.178,9.8024,1.7355,,
728,169.026,38.2168,32.1847,9.8072,1.7478,,
729,169.26,38.1669,32.2323,9.7085,1.7171,,
730,169.493,38.2925,32.273,9.7358,1.742,,
731,169.726,38.3591,32.1211,9.8651,1.7406,,
732,169.959,38.0051,32.161,9.7551,1.7205,,
733,170.192,38.095,32.0195,9.6608,1.7499,,
734,170.425,38.0034,31.9794,9.7883,1.7381,,
735,170.658,38.1969,31.9896,9.7959,1.72,,
736,170.891,38.1479,32.0354,9.806,1.7354,,
737,171.124,38.0912,32.1133,9.7579,1.7457,,
738,171.357,37.9948,32.1169,9.6948,1.7489,,
739,171.59,38.1359,32.0362,9.4051,1.8344,,
740,171.823,38.0172,32.0507,9.132,1.8445,,
741,172.056,37.9446,31.9423,9.1093,1.8258,,
742,172.29,37.8778,31.8504,9.0353,1.8112,,
743,172.523,37.7452,31.808,9.0207,1.8514,,
744,172.758,37.8971,31.9077,8.9981,1.8125,,
745,172.991,37.8055,31.9064,9.0376,1.8279,,
746,173.224,37.8365,31.864,9.0535,1.81,,
747,173.457,37.8812,31.825,9.1469,1.823,,
748,173.69,38.0575,32.049,9.1372,1.8244,,
749,173.923,38.0894,32.1338,8.9672,1.8323,,
750,174.156,37.8284,32.0218,9.1672,1.8364,,
751,174.389,37.7366,31.92,9.0207,1.8185,,
752,174.622,37.9514,32.0118,9.1235,1.845,,
753,174.855,37.9466,31.8097,9.0385,1.839,,
754,175.088,37.9225,31.9723,9.0762,1.8358,,
755,175.321,38.1204,32.1228,9.045,1.852,,
756,175.554,38.2654,32.2878,9.1186,1.8249,,
757,175.788,37.8932,31.9794,8.9823,1.8442,,
758,176.021,38.0378,32.1067,8.9758,1.8401,,
759,176.254,38.0899,31.9709,9.0681,1.8425,,
760,176.487,38.0808,32.1761,9.1613,1.8281,,
761,176.72,37.8437,31.8962,8.9645,1.833,,
762,176.953,37.8898,31.8979,8.9695,1.8209,,
763,177.186,37.8914,31.9404,8.9564,1.8239,,
764,177.419,37.9569,32.0083,9.0851,1.8131,,
765,177.652,37.9965,32.0607,9.1328,1.816,,
766,177.885,38.1411,32.2255,9.0203,1.8369,,
767,178.118,38.0998,32.2881,8.9734,1.8311,,
768,178.351,38.2013,32.2153,9.0915,1.8333,,
769,178.584,37.9758,32.0757,9.0664,1.8342,,
770,178.818,38.0855,32.1348,9.0778,1.8489,,
771,179.051,37.7952,31.9149,8.996,1.8399,,
772,179.286,38.2598,32.3035,9.0713,1.8373,,
773,179.519,38.1032,32.0213,9.0988,1.8476,,
774,179.752,37.7482,31.7944,9.1777,1.8545,,
775,179.985,37.8657,32.0269,9.0291,1.8424,,
776,180.218,37.9506,31.9573,9.1417,1.8446,,
777,180.451,38.1101,31.8979,9.069,1.8257,,
778,180.684,37.9658,32.0931,9.0223,1.8396,,
779,180.917,37.9311,31.9624,9.1526,1.8483,,
780,181.15,37.6971,31.8445,9.1093,1.8412,,
781,181.383,37.9329,31.9522,9.1142,1.8279,,
782,181.616,37.9414,32.0024,9.0462,1.8402,,
783,181.849,38.1686,32.1271,9.0822,1.8365,,
784,182.082,38.0567,32.1058,9.1838,1.8372,,
785,182.316,38.16,32.0812,9.1219,1.8387,,
786,182.549,37.9345,31.9624,9.0229,1.8326,,
787,182.782,37.9105,31.8589,8.9819,1.8445,,
788,183.015,38.0929,32.1389,9.0327,1.836,,
789,183.248,37.7826,31.9217,8.9952,1.8512,,
790,183.481,37.654,31.8182,8.961,1.8427,,
791,183.714,38.0995,32.144,9.1174,1.8456,,
792,183.947,38.1221,32.1572,9.0681,1.8386,,
793,184.18,37.8743,31.9855,9.0147,1.8342,,
794,184.413,37.821,31.9998,9.147,1.8322,,
795,184.646,37.8038,31.978,9.1029,1.8493,,
796,184.879,38.0843,32.1254,9.0822,1.8278,,
797,185.112,37.9741,31.9742,8.9997,1.8398,,
798,185.346,37.9569,32.015,9.0822,1.855,,
799,185.579,37.9776,32.3222,8.939,1.8304,,
800,185.814,37.9931,32.0558,9.0794,1.8163,,
801,186.047,38.2047,32.0795,9.0784,1.827,,
802,186.28,37.8901,32.004,9.0859,1.8218,,
803,186.513,37.9104,31.9387,8.9968,1.8448,,
804,186.746,38.0422,32.1101,9.0774,1.8412,,
805,186.979,37.8278,32.0694,9.1227,1.8279,,
806,187.212,38.0422,31.9098,9.0503,1.8549,,
807,187.445,37.9948,32.0965,9.2339,1.833,,
808,187.678,37.9586,32.2017,8.9912,1.8212,,
809,187.911,37.7967,31.9692,9.1065,1.8553,,
810,188.144,37.895,31.8727,9.0515,1.9068,,
811,188.377,37.9879,32.0269,8.5021,1.9391,,
812,188.61,37.864,31.9479,8.3896,1.9281,,
813,188.844,38.024,32.1559,8.4071,1.9373,,
814,189.077,37.9345,32.1508,8.2765,1.9072,,
815,189.31,37.9028,31.8691,8.3205,1.9268,,
816,189.543,37.9888,32.1555,8.2258,1.9374,,
817,189.776,37.9483,32.1331,8.3795,1.9418,,
818,190.009,37.9905,32.0558,8.433,1.9381,,
819,190.242,37.8303,32.1338,8.282,1.9583,,
820,190.475,37.8451,31.9624,8.358,1.9409,,
821,190.708,37.8141,32.0156,8.4382,1.9353,,
822,190.941,37.6953,31.8318,8.2957,1.9315,,
823,191.174,37.9724,32.1485,8.2008,1.9845,,
824,191.407,37.9328,32.1101,7.955,2.0444,,
825,191.64,37.8326,31.9098,7.7227,2.032,,
826,191.874,37.7952,32.2458,7.755,2.0134,,
827,192.107,37.8399,31.9115,7.7307,2.0499,,
828,192.342,37.802,31.9008,7.6644,2.0336,,
829,192.575,37.7659,31.9098,7.7385,2.0446,,
830,192.808,37.9888,32.1983,7.5845,2.0271,,
831,193.041,37.7607,31.9318,7.6742,2.0234,,
832,193.274,37.8761,32.0778,7.7507,2.0273,,
833,193.507,37.8767,32.0488,7.8021,2.0281,,
834,193.74,37.9219,32.0626,7.7487,2.0245,,
835,193.973,37.6076,31.8301,7.6493,2.012,,
836,194.206,37.8666,32.0381,7.7407,2.0326,,
837,194.439,37.8691,31.9658,7.8117,2.0268,,
838,194.672,37.9277,32.1265,7.7068,2.0282,,
839,194.905,37.6763,31.8063,7.6994,2.0319,,
840,195.138,37.6396,32.0494,7.71,2.0319,,
841,195.372,37.895,32.0626,7.6792,2.0216,,
842,195.605,37.728,31.9879,7.6751,2.0214,,
843,195.838,37.5935,31.8733,7.7483,2.0218,,
844,196.071,37.7636,32.0948,7.536,2.0253,,
845,196.304,37.7597,32.0456,7.7894,2.0218,,
846,196.537,37.8967,32.2238,7.6502,2.0541,,
847,196.77,37.8207,31.7893,7.7068,2.0362,,
848,197.003,37.7762,32.0795,7.7395,2.0431,,
849,197.236,37.802,32.0325,7.7068,2.0209,,
850,197.469,37.7865,31.92,7.6864,2.0403,,
851,197.702,37.8106,31.9213,7.712,2.0298,,
852,197.935,37.7693,31.9573,7.6812,2.0391,,
853,198.168,37.8674,32.0513,7.7391,2.0395,,
854,198.402,37.8386,31.8793,7.725,2.0416,,
855,198.635,37.8812,32.794,7.7183,2.0177,,
856,198.87,37.8735,32.5581,7.6429,2.05,,
857,0,37.6205,31.9964,7.6553,2.0266,,
858,0.233,37.7223,32.0763,7.6877,2.0528,,
859,0.466,37.7444,32.105,7.6215,2.0381,,
860,0.699,37.926,32.0167,7.7473,2.0228,,
861,0.932,37.9634,32.0965,7.6712,2.0462,,
862,1.165,37.7607,32.0609,7.7336,2.0381,,
863,1.398,37.9596,32.2357,7.7226,2.0231,,
864,1.631,38.0154,32.2628,7.7818,2.0321,,
865,1.864,37.8343,32.025,7.7064,2.0414,,
866,2.097,37.8411,32.1406,7.6407,2.0328,,
867,2.33,38.0227,32.1904,7.7622,2.0435,,
868,2.563,37.9667,32.1949,7.8085,2.0388,,
869,2.796,38.0074,32.1302,7.6486,2.0451,,
870,3.03,38.0804,32.1559,7.6872,2.0299,,
871,3.263,37.7648,31.992,7.7016,2.0426,,
872,3.496,38.0141,31.9777,7.7135,2.0368,,
873,3.729,37.9294,32.0015,7.7372,2.0459,,
874,3.962,38.0442,32.0676,7.6778,2.0295,,
875,4.195,37.6714,31.9319,7.6237,2.0269,,
876,4.428,38.0384,32.0286,7.6557,2.047,,
877,4.661,37.7698,32.1525,7.6198,2.0392,,
878,4.894,37.5869,31.7749,7.7762,2.041,,
879,5.127,38.021,32.1589,7.6494,2.0326,,
880,5.36,37.6592,31.8351,7.7662,2.0467,,
881,5.593,37.8416,31.8487,7.6693,2.0375,,
882,5.826,37.7263,31.8144,7.6649,2.0335,,
883,6.06,37.8835,31.9522,7.5112,2.0267,,
884,6.293,37.8683,32.0116,7.641,2.0436,,
885,6.526,37.9841,32.1746,7.6433,2.031,,
886,6.759,37.7452,31.8572,7.6173,2.0243,,
887,6.992,37.7902,32.105,7.6916,2.0409,,
888,7.225,37.7359,31.7825,7.6652,2.0295,,
889,7.458,37.8303,31.8555,7.6065,2.0475,,
890,7.691,37.9412,32.2051,7.7367,2.0181,,
891,7.924,37.9414,31.9592,7.6423,2.0402,,
892,8.157,37.9548,32.015,7.7475,2.0243,,
893,8.39,38.0448,32.1415,7.6102,2.0368,,
894,8.623,37.7711,32.049,7.7155,2.0337,,
895,8.856,37.7022,31.9892,7.6669,2.035,,
896,9.09,37.926,31.9064,7.6792,2.0322,,
897,9.323,37.8852,32.0167,7.6541,2.0477,,
898,9.558,37.8343,32.0524,7.686,2.0482,,
899,9.791,37.8564,32.1508,7.7014,2.0342,,
900,10.024,37.8638,31.8895,7.6797,2.035,,
901,10.257,37.673,31.7707,7.7283,2.026,,
902,10.49,37.6658,31.7809,7.6242,2.0139,,
903,10.723,37.8021,31.9539,7.7142,2.0114,,
904,10.956,37.857,31.92,7.684,2.0194,,
905,11.189,37.9862,32.1831,7.6364,2.0411,,
906,11.422,37.9209,32.1152,7.7914,2.0314,,
907,11.655,37.8605,32.1016,7.7415,2.0293,,
908,11.888,37.7865,31.9723,7.8021,2.0315,,
909,12.121,38.0346,31.9811,7.6824,2.0448,,
910,12.354,37.8313,32.1772,7.7934,2.0435,,
911,12.588,37.6196,31.8946,7.7658,2.0437,,
912,12.821,37.7121,31.9743,7.6635,2.0343,,
913,13.054,37.7792,32.0083,7.5783,2.0531,,
914,13.287,37.6695,31.7995,7.7191,2.0333,,
915,13.52,37.7886,32.1814,7.5541,2.0387,,
916,13.753,37.78,31.8474,7.7473,2.0379,5.9326,
917,13.986,37.7406,31.8657,7.6159,2.0385,5.8749,
918,14.219,37.6731,31.8905,7.4939,2.0557,5.7826,
919,14.452,38.0023,32.1772,7.4979,2.0453,5.8251,
920,14.685,37.8347,31.9947,7.7491,2.0505,5.84,
921,14.918,37.6816,31.8067,7.6533,2.0387,5.8749,
922,15.151,37.8547,31.9507,7.7124,2.0448,5.904,
923,15.384,37.8513,31.9573,7.609,2.0413,5.894,
924,15.618,37.8002,31.9472,7.6289,2.024,5.853,
925,15.851,37.9548,32.0264,7.7096,2.0228,5.9284,
926,16.086,37.5817,32.0727,7.6207,2.0516,5.509,
927,16.319,37.6953,31.8301,7.7014,2.0151,5.8652,
928,16.552,37.7959,31.9573,7.6485,2.0601,5.8386,
929,16.785,37.7138,31.9025,7.5568,2.0432,5.8113,
930,17.018,37.7138,32.0761,7.7275,2.0337,5.6377,
931,17.251,37.9446,32.032,7.7072,2.0152,5.9126,
932,17.484,37.6251,31.881,7.8488,2.025,5.7441,
933,17.717,37.7711,32.1423,7.7255,2.0249,5.6288,
934,17.95,37.9022,32.0268,7.7914,2.0387,5.8754,
935,18.183,38.0206,32.0015,7.9685,2.0494,6.0191,
936,18.416,37.9965,31.9084,8.1325,2.037,6.0881,
937,18.649,38.0636,31.9285,8.5716,2.0265,6.1351,
938,18.882,38.2246,31.9028,8.943,2.0342,6.3218,
939,19.116,38.5403,31.9008,9.4594,2.0259,6.6395,
940,19.349,38.678,31.8284,9.9863,2.0247,6.8496,
941,19.582,39.0349,31.8962,10.7645,2.0104,7.1387,
942,19.815,39.0756,31.2938,11.5786,2.0463,7.7818,
943,20.048,39.3749,31.3108,12.308,2.0234,8.0641,
944,20.281,39.733,31.2021,13.0306,2.0277,8.5309,
945,20.514,40.2092,31.0155,13.7511,2.0393,9.1937,
946,20.747,40.5745,30.8882,14.5264,2.0314,9.6863,
947,20.98,40.9566,30.3895,15.5966,2.0289,10.5671,
948,21.213,41.6175,30.0006,16.4258,2.0251,11.6169,
949,21.446,42.1502,29.9308,17.1041,2.0335,12.2194,
950,21.679,42.7585,29.7616,17.9398,2.0413,12.9969,
951,21.912,43.3488,29.5661,18.674,2.0465,13.7827,
952,22.146,43.5312,29.6222,18.7506,2.0308,13.909,
953,22.379,43.4681,29.4643,18.8212,2.0406,14.0038,
954,22.614,43.5105,29.483,18.7023,2.0375,14.0275,
955,22.847,43.3849,29.388,18.7723,2.0274,13.9969,
956,23.08,43.5159,29.6035,18.7997,2.0265,13.9124,
957,23.313,43.6017,29.5916,18.7771,2.0312,14.0101,
958,23.546,43.5193,29.5577,18.8687,2.0248,13.9616,
959,23.779,43.4813,29.4219,18.8851,2.0483,14.0594,
960,24.012,43.6628,29.7919,18.8073,2.0397,13.8709,
961,24.245,43.7119,29.7223,18.9948,2.0355,13.9896,
962,24.478,43.4451,29.3763,18.9645,2.0343,14.0688,
963,24.711,43.5973,29.7715,18.8889,2.02,13.8258,
964,24.944,43.5243,29.6951,18.8487,2.0358,13.8292,
965,25.177,43.5002,29.5654,18.7511,2.0313,13.9348,
966,25.41,43.6241,29.7887,18.7865,2.038,13.8354,
967,25.644,43.5009,29.6859,18.8621,2.0489,13.815,
968,25.877,43.6672,29.7031,18.8101,2.0168,13.9641,
969,26.11,43.6038,29.5492,18.9569,2.0227,14.0546,
970,26.343,43.6155,29.5475,18.8215,2.0317,14.068,
971,26.576,43.5255,29.6867,18.9174,2.0152,13.8388,
972,26.809,43.5054,29.6731,18.8419,2.0383,13.8323,
973,27.042,43.6095,29.6782,18.8412,2.037,13.9313,
974,27.275,43.4159,29.4711,18.9761,2.0425,13.9448,
975,27.508,43.3109,29.6451,18.8448,2.0185,13.6658,
976,27.741,43.6379,29.6635,18.8117,2.0243,13.9744,
977,27.974,43.5329,29.6417,18.8787,2.05,13.8912,
978,28.207,43.3522,29.593,18.8845,2.0393,13.7592,
979,28.44,43.452,29.4609,18.8679,2.0356,13.9911,
980,28.674,43.5415,29.5611,18.8105,2.0245,13.9804,
981,28.907,43.5226,29.6154,18.8747,2.0348,13.9072,
982,29.142,43.4692,29.4711,18.7638,2.0332,13.9981,
983,29.375,43.4107,29.5526,18.7227,2.023,13.8581,
984,29.608,43.2983,29.3201,18.6868,2.0544,13.9782,
985,29.841,43.3092,29.4728,18.7082,2.0424,13.8364,
986,30.074,43.4816,29.7155,18.7067,2.0309,13.7661,
987,30.307,43.2834,29.3931,18.7554,2.0274,13.8903,
988,30.54,43.2849,29.469,18.7558,2.0305,13.8159,
989,30.773,43.5174,29.8954,18.7945,2.0321,13.622,
990,31.006,43.4537,29.6958,18.8041,2.0368,13.7579,
991,31.239,43.5976,29.722,18.9089,2.0495,13.8756,
992,31.472,43.5312,29.6996,18.9055,2.0205,13.8316,
993,31.705,43.4503,29.4355,18.925,2.0317,14.0148,
994,31.938,43.3849,29.55,18.8275,2.0214,13.8349,
995,32.172,43.3229,29.612,18.7389,2.0417,13.7109,
996,32.405,43.3866,29.4639,18.8658,2.0442,13.9227,
997,32.638,43.5217,29.6171,18.7566,2.0291,13.9046,
998,32.871,43.674,29.6343,18.7463,2.0383,14.0397,
999,33.104,43.4663,29.5169,18.8975,2.037,13.9494,
1000,33.337,43.3142,29.543,18.796,2.0371,13.7712,
1001,33.57,43.5522,29.5689,18.8058,2.0502,13.9833,
1002,33.803,43.44,29.5237,18.9474,2.0441,13.9163,
1003,34.036,43.5002,29.6451,18.8963,2.027,13.8551,
1004,34.269,43.3608,29.4423,18.8105,2.0363,13.9185,
1005,34.502,43.3642,29.529,18.8471,2.0504,13.8352,
1006,34.735,43.3677,29.4728,18.757,2.0535,13.8949,
1007,34.968,43.3677,29.5793,18.8288,2.0269,13.7884,
1008,35.202,43.4296,29.6001,18.8871,2.0349,13.8295,
1009,35.435,43.23,29.5362,18.7538,2.0237,13.6938,
1010,35.67,43.4382,29.4491,18.8328,2.0365,13.9891,
1011,35.903,43.5346,29.6222,18.8198,2.0424,13.9124,
1012,36.136,43.5675,29.7477,18.8759,2.0304,13.8198,
1013,36.369,43.5054,29.6945,18.8689,2.0198,13.8109,
1014,36.602,43.5751,29.6408,18.8556,2.0434,13.9343,
1015,36.835,43.5673,29.7203,18.9677,2.0523,13.847,
1016,37.068,43.6343,29.7134,18.8322,2.0335,13.9209,
1017,37.301,43.4768,29.5492,18.777,2.0283,13.9276,
1018,37.534,43.752,29.8744,18.8731,2.0475,13.8776,
1019,37.767,43.514,29.6205,18.7838,2.059,13.8935,
1020,38,43.6654,29.6582,18.8081,2.0369,14.0072,
1021,38.233,43.5157,29.6018,18.9063,2.0304,13.9139,
1022,38.466,43.5656,29.7804,18.9138,2.0249,13.7852,
1023,38.7,43.5019,29.8071,18.8807,2.0195,13.6948,
1024,38.933,43.8318,29.8218,18.7584,2.0297,14.01,
1025,39.166,43.6839,29.8037,18.8209,2.0213,13.8802,
1026,39.399,43.631,29.7681,18.7758,2.0204,13.8629,
1027,39.632,43.8252,29.6612,18.8727,2.0479,14.164,
1028,39.865,43.5449,29.7528,18.7973,2.0183,13.7921,
1029,40.098,43.5045,29.5509,18.8424,2.0222,13.9536,
1030,40.331,43.5054,29.5746,18.8763,2.0562,13.9308,
1031,40.564,43.6826,29.7917,18.8791,2.0428,13.8909,
1032,40.797,43.3608,29.5729,18.828,2.0455,13.7879,
1033,41.03,43.5105,29.5901,18.7767,2.027,13.9204,
1034,41.263,43.5518,29.7117,18.8412,2.0229,13.8401,
1035,41.496,43.5187,29.6883,18.9414,2.0433,13.8304,
1036,41.73,43.5122,29.7274,18.84,2.0351,13.7848,
1037,41.963,43.5759,29.7427,18.8727,2.0285,13.8332,
1038,42.198,43.5002,29.5254,18.9381,2.0389,13.9748,
1039,42.431,43.5484,29.6256,18.8449,2.0402,13.9228,
1040,42.664,43.6286,29.6951,18.8671,2.0366,13.9335,
1041,42.897,43.5983,29.6799,18.8931,2.0352,13.9184,
1042,43.13,43.5102,29.5763,18.7826,2.0353,13.9339,
1043,43.363,43.5484,29.6052,18.9716,2.0387,13.9432,
1044,43.596,43.4376,29.6154,18.8288,2.0393,13.8222,
1045,43.829,43.2076,29.5882,18.7159,2.0346,13.6194,
1046,44.062,43.5518,29.7786,18.6554,2.065,13.7732,
1047,44.295,43.5501,29.7936,18.9214,2.0363,13.7565,
1048,44.528,43.4933,29.6451,18.781,2.043,13.8482,
1049,44.761,43.4384,29.7138,18.7375,2.0199,13.7246,
1050,44.994,43.4692,29.4679,18.8237,2.0346,14.0013,
1051,45.228,43.3763,29.4609,18.9757,2.0269,13.9154,
1052,45.461,43.4856,29.5322,18.9336,2.0287,13.9534,
1053,45.694,43.5942,29.7308,18.8404,2.029,13.8634,
1054,45.927,43.3625,29.6782,18.8851,2.0367,13.6843,
1055,46.16,43.4548,29.7698,18.8109,2.0431,13.685,
1056,46.393,43.3956,29.5138,18.7209,2.0455,13.8818,
1057,46.626,43.2047,29.4484,18.7279,2.0335,13.7563,
1058,46.859,43.2865,29.6985,18.6604,2.0321,13.588,
1059,47.092,43.4623,29.6094,18.7814,2.0306,13.8529,
1060,47.325,43.4864,29.7444,18.7965,2.0336,13.742,
1061,47.558,43.5312,29.5586,18.7706,2.0468,13.9726,
1062,47.791,43.5432,29.7019,18.866,2.0503,13.8413,
1063,48.024,43.6723,29.521,18.8815,2.0457,14.1513,
1064,48.258,43.5535,29.7019,18.834,2.033,13.8516,
1065,48.491,43.3281,29.5051,18.8608,2.0371,13.823,
1066,48.726,43.3143,29.4847,18.8233,2.0195,13.8296,
1067,48.959,43.2283,29.5826,18.7728,2.0276,13.6457,
1068,49.192,43.5427,29.6765,18.7802,2.0356,13.8662,
1069,49.425,43.489,29.668,18.9575,2.044,13.821,
1070,49.658,43.4713,29.6033,18.856,2.041,13.868,
1071,49.891,43.2971,29.3262,18.6848,2.0458,13.9709,
1072,50.124,43.2773,29.5792,18.6964,2.0397,13.6981,
1073,50.357,43.4744,29.7494,18.779,2.0412,13.725,
1074,50.59,43.631,29.6958,18.8168,2.0227,13.9352,
1075,50.823,43.5639,29.7308,18.765,2.0267,13.8331,
1076,51.056,43.4245,29.741,18.7989,2.0475,13.6835,
1077,51.289,43.3849,29.6137,18.8711,2.0286,13.7712,
1078,51.522,43.4555,29.5718,18.9162,2.0397,13.8837,
1079,51.756,43.4348,29.5967,18.9262,2.056,13.8381,
1080,51.989,43.4004,29.8064,18.7958,2.052,13.594,
1081,52.222,43.3785,29.578,18.6565,2.0269,13.8005,
1082,52.455,43.4021,29.7002,18.6954,2.043,13.7019,
1083,52.688,43.1455,29.3864,18.7678,2.0361,13.7591,
1084,52.921,43.082,29.5516,18.8358,2.0345,13.5304,
1085,53.154,43.3155,29.4508,18.7478,2.0445,13.8647,
1086,53.387,43.2524,29.4019,18.7393,2.0402,13.8505,
1087,53.62,43.3453,29.5849,18.749,2.0427,13.7604,
1088,53.853,43.4245,29.6222,18.6792,2.0155,13.8023,
1089,54.086,43.3773,29.5661,18.7534,2.0282,13.8112,
1090,54.319,43.4795,29.3985,18.8015,2.0222,14.081,
1091,54.552,43.489,29.6658,18.8452,2.0317,13.8232,
1092,54.786,43.3384,29.5662,18.8069,2.0284,13.7722,
1093,55.019,43.4795,29.5713,18.9174,2.0392,13.9082,
1094,55.254,43.526,29.6222,18.9094,2.0345,13.9038,
1095,55.487,43.6147,29.78,18.7439,2.0311,13.8347,
1096,55.72,43.5808,29.5899,18.8137,2.0533,13.9909,
1097,55.953,43.4038,29.6052,18.6823,2.026,13.7986,
1098,56.186,43.4663,29.707,18.8735,2.0277,13.7593,
1099,56.419,43.6706,29.5085,18.9822,2.0584,14.1621,
1100,56.652,43.4976,29.5568,18.855,2.0431,13.9408,
1101,56.885,43.5295,29.7936,18.8372,2.0332,13.7359,
1102,57.118,43.5484,29.6319,18.8912,2.0323,13.9165,
1103,57.351,43.5257,29.8682,18.8388,2.0303,13.6575,
1104,57.584,43.5639,29.6094,18.8735,2.0327,13.9545,
1105,57.817,43.5002,29.78,18.7925,2.0396,13.7202,
1106,58.05,43.2696,29.4195,18.7933,2.0157,13.8501,
1107,58.284,43.3023,29.4656,18.894,2.0222,13.8367,
1108,58.517,43.2954,29.6357,18.6989,2.0358,13.6597,
1109,58.75,43.5026,29.7562,18.7391,2.0488,13.7464,
1110,58.983,43.5312,29.651,18.8339,2.0434,13.8802,
1111,59.216,43.3874,29.5713,18.927,2.0436,13.8161,
1112,59.449,43.3832,29.5551,18.9176,2.0478,13.8281,
1113,59.682,43.4854,29.6595,18.8887,2.0325,13.8259,
1114,59.915,43.3488,29.5848,18.8775,2.038,13.764,
1115,60.148,43.1422,29.3048,18.7718,2.0413,13.8374,
1116,60.381,43.1766,29.6069,18.775,2.0315,13.5697,
1117,60.614,43.1491,29.5793,18.8105,2.0305,13.5698,
1118,60.847,43.4331,29.4202,18.8464,2.0566,14.0129,
1119,61.08,43.5036,29.657,18.9062,2.0285,13.8466,
1120,61.314,43.4124,29.6154,18.8009,2.0278,13.797,
1121,61.547,43.3145,29.5814,18.7023,2.0274,13.7331,
1122,61.782,43.2524,29.5135,18.7051,2.0412,13.7389,
1123,62.015,43.3337,29.522,18.7202,2.0371,13.8117,
1124,62.248,43.1047,29.3279,18.7708,2.0343,13.7768,
1125,62.481,43.2421,29.4898,18.7095,2.0219,13.7523,
1126,62.714,43.346,29.6782,18.7403,2.0207,13.6678,
1127,62.947,43.1371,29.3625,18.7201,2.0422,13.7746,
1128,63.18,43.1417,29.5288,18.759,2.0268,13.6129,
1129,63.413,43.2667,29.5775,18.7351,2.036,13.6892,
1130,63.646,43.3574,29.5361,18.7095,2.0203,13.8213,
1131,63.879,43.3264,29.4915,18.7881,2.0193,13.8349,
1132,64.112,43.2747,29.5586,18.7542,2.0305,13.7161,
1133,64.345,43.2937,29.4677,18.7845,2.0196,13.826,
1134,64.578,43.2954,29.3935,18.6133,2.0355,13.9019,
1135,64.812,43.5054,29.6137,18.7586,2.0363,13.8917,
1136,65.045,43.4864,29.7647,18.8141,2.0215,13.7217,
1137,65.278,43.5255,29.7823,18.7932,2.0298,13.7432,
1138,65.511,43.3453,29.6652,18.8032,2.0391,13.6801,
1139,65.744,43.4224,29.7155,18.6521,2.017,13.7069,
1140,65.977,43.3212,29.5118,18.826,2.0624,13.8094,
1141,66.21,43.1723,29.5138,18.8381,2.0189,13.6585,
1142,66.443,43.3057,29.3489,18.86,2.0398,13.9568,
1143,66.676,43.2599,29.568,18.7043,2.0199,13.6919,
1144,66.909,43.2954,29.6137,18.7646,2.0465,13.6817,
1145,67.142,43.5725,29.8425,18.7219,2.0457,13.73,
1146,67.375,43.5759,29.6799,18.8771,2.025,13.896,
1147,67.608,43.3006,29.7109,18.6628,2.0247,13.5897,
1148,67.842,43.4623,29.6408,18.9071,2.0412,13.8215,
1149,68.075,43.5346,29.8442,18.8318,2.0383,13.6904,
1150,68.31,43.4227,29.4287,18.753,2.0367,13.994,
1151,68.543,43.6602,29.7817,18.6571,2.0351,13.8785,
1152,68.776,43.5827,29.5706,18.7987,2.0479,14.0121,
1153,69.009,43.1698,29.5186,18.7209,2.0426,13.6512,
1154,69.242,43.4625,29.629,18.8432,2.0231,13.8335,
1155,69.475,43.6155,29.7953,18.9509,2.0244,13.8202,
1156,69.708,43.262,29.5254,18.8249,2.0275,13.7366,
1157,69.941,43.2713,29.5475,18.7283,2.0136,13.7238,
1158,70.174,43.2283,29.4797,18.7387,2.0432,13.7486,
1159,70.407,43.1784,29.5356,18.7235,2.0242,13.6428,
1160,70.64,43.23,29.5943,18.6628,2.0396,13.6357,
1161,70.873,43.3719,29.5809,18.6936,2.0323,13.791,
1162,71.106,43.3436,29.6658,18.6912,2.0467,13.6778,
1163,71.34,43.2254,29.5594,18.6189,2.0235,13.666,
1164,71.573,43.0803,29.3727,18.7815,2.0333,13.7076,
1165,71.806,43.1627,29.3167,18.761,2.0352,13.846,
1166,72.039,43.1595,29.4191,18.631,2.0372,13.7404,
1167,72.272,43.1264,29.5305,18.7838,2.0484,13.5959,
1168,72.505,43.4675,29.612,18.6918,2.0322,13.8555,
1169,72.738,43.2315,29.6018,18.7143,2.0454,13.6297,
1170,72.971,43.3987,29.6137,18.6752,2.017,13.785,
1171,73.204,43.4296,29.7071,18.7865,2.0396,13.7225,
1172,73.437,43.44,29.6459,18.7353,2.0312,13.7941,
1173,73.67,43.261,29.6601,18.7678,2.0308,13.6009,
1174,73.903,43.3901,29.724,18.6964,2.0079,13.6661,
1175,74.136,43.409,29.6075,18.773,2.0603,13.8015,
1176,74.37,43.495,29.6816,18.7841,2.0247,13.8134,
1177,74.603,43.6568,29.7545,18.7965,2.0476,13.9023,
1178,74.838,43.2937,29.4372,18.8448,2.0204,13.8565,
1179,75.071,43.4864,29.6256,18.7971,2.0215,13.8608,
1180,75.304,43.5789,29.7087,18.8675,2.0281,13.8702,
1181,75.537,43.4332,29.7664,18.8136,2.0411,13.6668,
1182,75.77,43.1589,29.3675,18.82,2.0441,13.7914,
1183,76.003,43.1956,29.4491,18.8626,2.0207,13.7465,
1184,76.236,43.2639,29.5237,18.7674,2.0337,13.7402,
1185,76.469,43.3315,29.7342,18.7347,2.0296,13.5973,
1186,76.702,43.4985,29.7673,18.7554,2.0293,13.7312,
1187,76.935,43.4761,29.629,18.8137,2.0317,13.8471,
1188,77.168,43.2342,29.6037,18.6457,2.022,13.6305,
1189,77.401,43.1732,29.3421,18.7203,2.043,13.8311,
1190,77.634,43.2094,29.4317,18.8101,2.0284,13.7777,
1191,77.868,43.1103,29.6578,18.6501,2.0306,13.4525,
1192,78.101,43.4468,29.6612,18.8061,2.0371,13.7856,
1193,78.334,43.535,29.78,18.8899,2.0352,13.755,
1194,78.567,43.4709,29.6612,18.8145,2.04,13.8097,
1195,78.8,43.4337,29.7272,18.7432,2.0361,13.7065,
1196,79.033,43.4245,29.741,18.7841,2.0369,13.6835,
1197,79.266,43.2639,29.6222,18.747,2.0442,13.6417,
1198,79.499,43.2747,29.4779,18.6956,2.0346,13.7968,
1199,79.732,43.2352,29.5323,18.6767,2.0318,13.7029,
1200,79.965,43.1312,29.3897,18.7722,2.0397,13.7415,
1201,80.198,43.0046,29.4985,18.7718,2.0438,13.5061,
1202,80.431,43.4176,29.7325,18.7538,2.035,13.6851,
1203,80.664,43.2644,29.4508,18.7617,2.0331,13.8136,
1204,80.898,43.168,29.332,18.7798,2.0494,13.836,
1205,81.131,43.2524,29.5662,18.7247,2.0418,13.6862,
1206,81.366,43.3436,29.7885,18.8711,2.0341,13.5551,
1207,81.599,43.3608,29.668,18.8772,2.023,13.6928,
1208,81.832,43.351,29.5843,18.8384,2.0339,13.7667,
1209,82.065,43.4348,29.5797,18.8975,2.0231,13.8551,
1210,82.298,43.1837,29.3506,18.7822,2.0431,13.8331,
1211,82.531,43.1784,29.4656,18.6261,2.0184,13.7128,
1212,82.764,43.1131,29.5344,18.7538,2.0337,13.5787,
1213,82.997,43.5152,29.7036,18.8404,2.0327,13.8116,
1214,83.23,43.347,29.7917,18.7861,2.037,13.5553,
1215,83.463,43.4227,29.5729,18.8923,2.0304,13.8498,
1216,83.696,43.5776,29.7635,18.8855,2.0325,13.8141,
1217,83.929,43.3247,29.5373,18.8915,2.0365,13.7874,
1218,84.162,43.2851,29.4665,18.8424,2.019,13.8186,
1219,84.396,43.2627,29.5713,18.7818,2.0422,13.6914,
1220,84.629,43.1388,29.4656,18.7902,2.0377,13.6732,
1221,84.862,43.2563,29.3964,18.7383,2.0351,13.8599,
1222,85.095,42.9374,29.225,18.6954,2.0275,13.7124,
