,Time (sec),PT1 (psi),PT2 (psi),V (V),I (A),Flow Rate (GPM),GV,DP
1026,381.117,37.2107,30.8542,14.5064,0.8887,26.8024,0,6.3565
1027,381.736,37.364,30.8695,14.4158,0.8815,27.396,0,6.4945
1028,382.355,37.129,30.808,14.4578,0.878,26.7156,0,6.321
1029,382.976,37.3557,30.9525,14.4701,0.8827,26.9898,0,6.4032
1030,383.596,37.2341,30.82,14.5279,0.8867,27.2632,0,6.4141
1031,384.218,37.2707,30.9679,14.4353,0.8737,26.586,0,6.3028
1032,384.84,37.3132,30.9046,14.4211,0.8976,27.1751,0,6.4086
1033,385.462,37.3167,30.851,14.4765,0.8941,27.1312,0,6.4657
1034,386.085,37.3285,30.8837,14.3851,0.8977,27.0874,0,6.4448
1035,386.709,37.2813,30.8441,14.4944,0.8869,27.3582,0,6.4372
1036,387.334,37.237,30.8613,14.5429,0.8835,27.0001,0,6.3757
1037,387.959,37.1645,30.7473,14.4858,0.9144,26.9566,0,6.4172
1038,388.584,37.276,30.8975,14.3678,0.8989,26.9132,0,6.3785
1039,389.211,37.1352,31.0036,14.4349,0.887,27.1823,0,6.1316
1040,389.838,37.0283,30.7168,14.517,0.8758,26.8266,0,6.3115
1041,390.465,37.2628,30.9713,14.3568,0.8621,27.4064,0,6.2915
1042,391.094,37.1334,30.6336,14.587,0.887,27.3624,0,6.4998
1043,391.724,37.2574,30.9069,14.481,0.8795,27.3184,0,6.3505
1044,392.353,37.1865,30.8135,14.5401,0.8952,27.2746,0,6.373
1045,392.983,37.802,31.3764,14.5457,0.8995,27.2308,0,6.4256
1046,393.613,37.6396,31.2412,14.6857,0.8916,27.4962,0,6.3984
1047,394.245,38.392,31.5025,14.8229,0.8836,27.7606,0,6.8895
1048,394.877,38.333,31.791,14.8556,0.8761,27.7161,0,6.542
1049,395.509,38.1214,31.7503,14.8987,0.8982,27.3644,0,6.3711
1050,396.143,38.296,31.7074,14.9865,0.8983,27.0136,0,6.5886
1051,396.778,38.5281,31.847,14.8605,0.8827,26.9704,0,6.6811
1052,397.412,38.5089,32.0015,14.8972,0.8699,27.5393,0,6.5074
1053,398.047,38.2925,31.5721,14.9306,0.8911,27.4954,0,6.7204
1054,398.684,38.4007,31.6145,14.9186,0.884,27.4515,0,6.7862
1055,399.321,38.3291,31.6451,14.9777,0.8854,26.7986,0,6.684
1056,399.959,38.4164,31.7452,14.9394,0.8909,27.364,0,6.6712
1057,400.596,38.1934,31.679,14.9023,0.8966,27.3205,0,6.5144
1058,401.234,38.525,32.0133,14.9162,0.8905,27.277,0,6.5117
1059,401.873,38.238,31.5534,14.8428,0.8875,27.8388,0,6.6846
1060,402.512,38.335,31.8385,14.8459,0.8815,27.4925,0,6.4965
1061,403.152,38.2574,31.7622,14.9535,0.9022,27.1472,0,6.4952
1062,403.793,38.3343,31.7545,14.9633,0.8829,27.1042,0,6.5798
1063,404.434,38.3621,31.9404,14.8285,0.8948,27.0612,0,6.4217
1064,405.076,38.2574,31.7028,15.028,0.8855,27.0183,0,6.5546
1065,405.72,38.2392,31.5824,14.7826,0.8833,27.5749,0,6.6568
1066,406.364,38.3169,31.6298,14.8843,0.8971,26.9327,0,6.6871
1067,407.008,38.3379,31.6162,14.9003,0.8876,27.4876,0,6.7217
1068,407.653,38.1651,31.6637,14.9627,0.8693,27.4441,0,6.5014
1069,408.298,38.4112,31.808,14.8851,0.8926,27.4008,0,6.6032
1070,408.944,38.3763,31.8313,14.8847,0.8812,27.3575,0,6.545
1071,409.59,38.3505,31.8878,14.92,0.8943,27.3143,0,6.4627
1072,410.237,38.3738,31.8419,14.907,0.8843,27.2713,0,6.5319
1073,410.886,38.1598,31.5229,14.9865,0.8784,27.2282,0,6.6369
1074,411.534,38.2681,31.7707,14.8136,0.9022,27.1853,0,6.4974
1075,412.183,38.2803,31.7336,14.8795,0.8997,27.7326,0,6.5467
1076,412.833,38.3059,31.6773,14.9272,0.8898,27.3943,0,6.6286
1077,413.484,38.2803,31.7791,14.8416,0.8846,27.3512,0,6.5012
1078,414.135,38.3641,31.7707,14.8907,0.8856,27.3082,0,6.5934
1079,414.788,38.392,31.743,14.8055,0.8888,26.972,0,6.649
1080,415.441,38.3931,31.7809,15.0136,0.8781,27.5151,0,6.6122
1081,416.094,38.2471,31.6145,14.7546,0.8765,27.4719,0,6.6326
1082,416.748,38.4199,31.6509,14.9557,0.8971,27.4288,0,6.769
1083,417.402,38.3466,31.623,14.9099,0.8956,27.3858,0,6.7236
1084,418.057,38.2244,31.6841,14.8119,0.8865,27.3429,0,6.5403
1085,418.713,38.3466,31.7129,14.7726,0.9036,27.0096,0,6.6337
1086,419.371,38.3134,31.6824,14.9051,0.8811,27.5472,0,6.631
1087,420.028,38.2646,31.7825,14.8605,0.8808,27.7936,0,6.4821
1088,420.686,38.3408,31.7758,14.8959,0.8876,27.4611,0,6.565
1089,421.344,38.3528,31.7046,14.8404,0.9079,27.7068,0,6.6482
1090,422.003,38.2977,31.8501,14.848,0.8764,27.6635,0,6.4476
1091,422.663,38.3152,31.7231,14.9531,0.8856,27.6203,0,6.5921
1092,423.323,38.3763,31.7355,15.0118,0.8851,27.5773,0,6.6408
1093,423.985,38.1668,31.6468,14.9949,0.8852,27.2474,0,6.52
1094,424.646,38.2384,31.711,14.919,0.8764,27.4914,0,6.5274
1095,425.309,38.2523,31.6739,14.9717,0.8917,27.1626,0,6.5784
1096,425.972,38.4286,31.7185,14.9254,0.8624,27.4058,0,6.7101
1097,426.635,38.4286,31.8233,14.9653,0.8883,27.3632,0,6.6053
1098,427.299,38.333,31.6587,14.8117,0.891,27.3207,0,6.6743
1099,427.964,38.3528,31.7253,14.934,0.8961,27.2782,0,6.6275
1100,428.63,38.3431,31.6281,14.8734,0.8872,27.2358,0,6.715
1101,429.296,38.4007,31.7035,14.8109,0.8894,27.7601,0,6.6972
1102,429.963,38.3361,31.6128,14.8831,0.8929,27.1514,0,6.7233
1103,430.63,38.3757,31.6943,14.8831,0.8926,27.1093,0,6.6814
1104,431.298,38.2541,31.8031,14.7913,0.9092,27.6313,0,6.451
1105,431.967,38.3396,31.8131,14.9539,0.8999,27.5885,0,6.5265
1106,432.636,38.3194,31.7741,14.9042,0.8903,27.2647,0,6.5453
1107,433.306,38.3047,31.7937,14.8161,0.8802,27.5032,0,6.511
1108,433.977,38.2576,31.825,14.8802,0.8885,26.9003,0,6.4326
1109,434.649,38.3798,31.7588,14.7917,0.8644,27.4182,0,6.621
1110,435.321,38.399,31.6875,15.006,0.8606,27.3759,0,6.7115
1111,435.994,38.2157,31.7693,14.994,0.8777,27.3337,0,6.4464
1112,436.667,38.3518,31.791,14.903,0.9054,27.2915,0,6.5608
1113,437.341,38.4077,31.808,14.8087,0.8897,27.2495,0,6.5997
1114,438.017,38.4339,31.7758,14.7866,0.9027,27.2074,0,6.6581
1115,438.693,38.2031,31.6892,14.8572,0.8766,27.7199,0,6.5139
1116,439.369,38.3728,31.7449,14.9115,0.8894,27.6772,0,6.6279
1117,440.046,38.4251,31.7148,14.9511,0.8887,27.3583,0,6.7103
1118,440.724,38.3099,31.696,14.8241,0.877,27.5921,0,6.6139
1119,441.402,38.3204,31.8453,14.9084,0.8911,27.5498,0,6.4751
1120,442.081,38.3222,31.6824,14.8711,0.888,27.5074,0,6.6398
1121,442.762,38.3675,31.8674,14.854,0.8727,27.1905,0,6.5001
1122,443.442,38.1738,31.6375,14.9115,0.8832,27.423,0,6.5363
1123,444.124,38.5299,31.8793,14.9119,0.8932,27.6547,0,6.6506
1124,444.807,38.385,31.7435,14.8508,0.901,27.3389,0,6.6415
1125,445.49,38.1843,31.6587,14.8815,0.8824,27.297,0,6.5256
1126,446.173,38.5229,31.8182,14.9322,0.8831,27.8003,0,6.7047
1127,446.857,38.3396,31.7537,14.8352,0.8821,27.7577,0,6.5859
1128,447.541,38.3344,31.7825,14.9597,0.8925,27.7153,0,6.5519
1129,448.226,38.1406,31.5755,14.957,0.8927,27.4016,0,6.5651
1130,448.912,38.2227,31.7333,14.7762,0.8787,27.0889,0,6.4894
1131,449.598,38.3326,31.6688,14.8599,0.8841,27.5885,0,6.6638
1132,450.285,38.406,31.7223,14.8249,0.8814,27.2763,0,6.6837
1133,450.973,38.2262,31.6039,14.9418,0.8899,27.5044,0,6.6223
1134,451.661,38.3214,31.7231,14.832,0.8944,27.4625,0,6.5983
1135,452.35,38.3,31.5823,14.8759,0.9035,27.4206,0,6.7177
1136,453.041,38.3885,31.6621,15.018,0.8824,26.842,0,6.7264
1137,453.732,38.2856,31.6874,14.882,0.8746,27.3371,0,6.5982
1138,454.423,38.406,31.6528,15.0227,0.8912,27.8308,0,6.7532
1139,455.115,38.3012,31.8402,14.951,0.8775,27.5213,0,6.461
1140,455.81,38.1651,31.7978,14.9641,0.8864,27.2125,0,6.3673
1141,456.503,38.4042,31.5704,14.8161,0.8722,27.1712,0,6.8338
1142,457.198,38.2977,31.7204,14.8883,0.8877,27.6618,0,6.5773
1143,457.893,38.279,31.727,14.8975,0.8902,27.3543,0,6.552
1144,458.589,38.2384,31.4957,14.8969,0.8942,27.3128,0,6.7427
1145,459.285,38.2663,31.7147,14.976,0.8962,27.2714,0,6.5516
1146,459.982,38.5405,31.8436,14.8604,0.8851,26.9657,0,6.6969
1147,460.679,38.3082,31.696,14.9701,0.8982,27.4528,0,6.6122
1148,461.377,38.207,31.713,14.8354,0.8863,27.4113,0,6.494
1149,462.077,38.3311,31.7147,14.8895,0.8802,27.3698,0,6.6164
1150,462.777,38.5369,31.6705,14.897,0.8947,27.3284,0,6.8664
1151,463.477,38.3675,31.5416,14.9869,0.8974,27.2871,0,6.8259
1152,464.179,38.275,31.7571,14.8815,0.9047,27.2458,0,6.5179
1153,464.881,38.385,31.6584,14.8957,0.8882,27.2047,0,6.7266
1154,465.584,38.2855,31.6145,14.7832,0.878,27.1636,0,6.671
1155,466.287,38.282,31.7073,14.958,0.8896,27.6442,0,6.5747
1156,466.993,38.3623,31.7707,14.9434,0.8924,27.6024,0,6.5916
1157,467.697,38.406,31.7862,14.8783,0.8961,27.3009,0,6.6198
1158,468.402,38.3222,31.7554,14.8924,0.8986,27.5194,0,6.5668
1159,469.108,38.2436,31.5494,14.8281,0.8819,26.9595,0,6.6942
1160,469.815,38.4985,31.8216,14.9286,0.894,27.4367,0,6.6769
1161,470.523,38.3214,31.6773,14.9734,0.887,27.3954,0,6.6441
1162,471.231,38.2419,31.7707,14.84,0.9007,27.3542,0,6.4712
1163,471.941,38.2907,31.7724,14.8372,0.8875,27.0554,0,6.5183
1164,472.65,38.4932,31.9498,14.8863,0.8688,27.2721,0,6.5434
1165,473.36,38.2873,31.679,14.9165,0.8964,27.4881,0,6.6083
1166,474.072,38.385,31.7588,14.89,0.8643,27.7033,0,6.6262
1167,474.784,38.385,31.6519,14.8137,0.8882,27.4056,0,6.7331
1168,475.497,38.3274,31.5416,14.9716,0.8788,27.1088,0,6.7858
1169,476.21,38.3291,31.7282,14.8684,0.8873,27.3236,0,6.6009
1170,476.924,38.2632,31.7435,14.8676,0.894,27.0277,0,6.5197
1171,477.638,38.4653,31.8445,14.9248,0.8902,27.4965,0,6.6208
1172,478.353,38.2907,31.6875,14.9923,0.8901,27.2012,0,6.6032
1173,479.069,38.37,31.7321,14.7459,0.8877,27.4143,0,6.6379
1174,479.787,38.1057,31.6315,14.8336,0.8987,27.3733,0,6.4742
1175,480.504,38.3951,31.5738,14.9083,0.885,27.3325,0,6.8213
1176,481.222,38.2523,31.758,14.9446,0.8808,27.2917,0,6.4943
1177,481.941,38.4444,31.6892,14.9045,0.872,27.251,0,6.7552
1178,482.66,38.3431,31.7893,14.9129,0.9029,27.2104,0,6.5538
1179,483.38,38.2314,31.7605,14.8859,0.8725,27.1698,0,6.4709
1180,484.102,38.3483,31.7503,14.9549,0.8857,27.6317,0,6.598
1181,484.825,38.303,31.6247,14.8708,0.9042,27.5905,0,6.6783
1182,485.548,38.5247,31.752,14.9879,0.902,27.5494,0,6.7727
1183,486.272,38.3291,31.6111,14.8666,0.8914,27.2583,0,6.718
1184,486.996,38.2768,31.8419,14.8157,0.8989,27.2178,0,6.4349
1185,487.72,38.399,31.7401,14.8204,0.8734,26.9281,0,6.6589
1186,488.445,38.4242,31.7316,14.9232,0.9128,27.386,0,6.6926
1187,489.171,38.3524,31.6145,14.3552,0.9809,27.3454,0,6.7379
1188,489.899,38.2855,31.8148,14.2047,1.0073,27.553,0,6.4707
1189,490.627,38.2296,31.8114,14.2823,0.9987,27.2642,0,6.4182
1190,491.356,38.1249,31.7605,14.2451,0.9844,27.7188,0,6.3644
1191,492.085,38.172,31.7775,13.8587,1.0763,27.6777,0,6.3945
1192,492.815,38.2209,31.8029,13.7983,1.0921,27.1432,0,6.418
1193,493.545,38.1144,31.7859,13.6845,1.0685,27.8422,0,6.3285
1194,494.276,38.1668,31.7618,13.6779,1.085,27.555,0,6.405
1195,495.009,38.044,31.7384,13.6168,1.0812,27.5142,0,6.3056
1196,495.742,38.0363,31.8606,13.2041,1.1781,27.4735,0,6.1757
1197,496.476,38.3326,31.9607,13.0585,1.1807,27.9228,0,6.3719
1198,497.21,38.0917,31.6824,13.0808,1.163,27.8816,0,6.4093
1199,497.945,38.1389,31.7618,13.1305,1.1908,28.0846,0,6.3771
1200,498.681,37.982,31.5687,13.1467,1.1737,27.7993,0,6.4133
1201,499.418,38.0673,31.8504,13.071,1.1719,27.7583,0,6.2169
1202,500.155,37.9504,31.7113,13.1524,1.1782,27.7174,0,6.2391
1203,500.893,38.1459,31.8219,13.2636,1.1833,27.6765,0,6.324
1204,501.632,38.1109,31.7571,13.1956,1.1787,27.8782,0,6.3538
1205,502.371,38.1825,31.7978,13.2068,1.1757,27.5951,0,6.3847
1206,503.111,38.1825,31.9422,13.0868,1.1638,28.038,0,6.2403
1207,503.853,38.1197,31.7775,13.2381,1.1689,27.9967,0,6.3422
1208,504.594,37.9748,31.8097,13.2278,1.1765,27.9556,0,6.1651
1209,505.336,38.1236,31.8606,13.0961,1.1704,27.9145,0,6.263
1210,506.079,38.104,31.8012,13.0767,1.1727,28.3541,0,6.3028
1211,506.823,38.1005,31.6904,13.1325,1.171,27.5927,0,6.4101
1212,507.568,38.186,31.8725,13.2527,1.1697,27.7917,0,6.3135
1213,508.313,38.0289,31.5926,13.1143,1.1646,28.2295,0,6.4363
1214,509.061,37.9521,31.6417,12.6053,1.2705,27.7102,0,6.3104
1215,509.808,37.9259,31.6922,12.5649,1.2597,27.6696,0,6.2337
1216,510.556,38.1232,31.7876,12.5823,1.2724,27.3909,0,6.3356
1217,511.304,38.2244,31.9573,12.6652,1.285,27.5887,0,6.2671
1218,512.053,38.0638,31.8504,12.2137,1.3705,27.0734,0,6.2134
1219,512.803,37.8869,31.7944,12.0268,1.3735,27.2709,0,6.0925
1220,513.553,38.104,31.864,11.982,1.3668,27.4679,0,6.24
1221,514.305,37.9696,31.8606,12.0118,1.3576,27.1913,0,6.109
1222,515.057,38.1476,31.7881,12.0543,1.3769,27.3877,0,6.3595
1223,515.81,37.9294,31.8216,11.943,1.3837,26.8762,0,6.1078
1224,516.563,38.0421,31.9336,11.9641,1.3731,27.3078,0,6.1085
1225,517.317,38.0027,31.8727,12.0462,1.3672,27.5031,0,6.13
1226,518.072,37.9626,31.9539,11.9618,1.3588,27.6977,0,6.0087
1227,518.829,37.9416,31.8521,11.9232,1.3609,27.4229,0,6.0895
1228,519.585,38.046,31.8352,12.0321,1.3648,27.383,0,6.2108
1229,520.342,38.0115,31.9336,11.8759,1.3732,27.5769,0,6.0779
1230,521.101,38.0184,31.9013,12.0115,1.3435,27.07,0,6.1171
1231,521.861,37.9661,31.9217,11.8953,1.3611,27.2636,0,6.0444
1232,522.62,38.0033,31.8793,11.9871,1.3607,27.6894,0,6.124
1233,523.38,38.1214,31.8633,11.9835,1.3706,27.4168,0,6.2581
1234,524.141,38.0987,31.9291,11.941,1.356,27.377,0,6.1696
1235,524.903,37.987,31.713,12.0676,1.365,27.3373,0,6.274
1236,525.665,38.0045,31.9981,11.9548,1.3749,27.2976,0,6.0064
1237,526.429,37.9067,31.9353,11.9859,1.3811,27.72,0,5.9714
1238,527.194,38.0202,31.8742,11.9827,1.3657,27.2185,0,6.146
1239,527.96,37.9504,31.9268,11.9681,1.3585,27.6396,0,6.0236
1240,528.726,37.9923,31.6468,12.0324,1.3747,27.5996,0,6.3455
1241,529.492,38.0091,31.8606,11.979,1.3674,27.33,0,6.1485
1242,530.259,38.1061,31.8946,12.0094,1.3655,27.5198,0,6.2115
1243,531.027,38.077,31.8657,11.8981,1.3577,27.48,0,6.2113
1244,531.796,37.9083,31.6671,11.9058,1.3654,27.4403,0,6.2412
1245,532.566,37.9225,31.7975,11.9944,1.3774,27.4006,0,6.125
1246,533.337,37.9748,31.7333,12.0482,1.3713,27.361,0,6.2415
1247,534.109,37.8927,31.8182,11.9495,1.358,27.3214,0,6.0745
1248,534.881,38.0952,31.8097,12.0405,1.3625,27.5093,0,6.2855
1249,535.654,38.1319,32.1287,11.9811,1.3602,27.2426,0,6.0032
1250,536.427,38.0935,31.9268,12.0142,1.3739,27.6568,0,6.1667
1251,537.202,38.0289,31.9573,11.9447,1.3639,27.3905,0,6.0716
1252,537.977,38.0052,31.9268,11.8953,1.3505,27.351,0,6.0784
1253,538.753,37.8439,31.7571,11.9378,1.3557,27.0859,0,6.0868
1254,539.529,38.1267,32.0032,11.8941,1.3668,27.4977,0,6.1235
1255,540.306,38.097,31.8606,11.9963,1.3782,27.4582,0,6.2364
1256,541.084,38.0324,31.8595,11.9782,1.3749,27.4187,0,6.1729
1257,541.863,37.8753,31.7321,12.0519,1.3862,27.3793,0,6.1432
1258,542.642,37.9661,31.7062,12.0745,1.3655,27.5641,0,6.2599
1259,543.422,37.9992,31.9251,11.9336,1.3719,27.5245,0,6.0741
1260,544.203,38.1511,31.8742,12.0276,1.3517,27.7085,0,6.2769
1261,544.987,38.0499,32.0218,11.9483,1.3622,27.2224,0,6.0281
1262,545.769,38.0429,31.8097,11.9986,1.3462,27.629,0,6.2332
1263,546.552,38.1468,31.8844,12.0442,1.3519,27.1444,0,6.2624
1264,547.336,38.09,31.92,11.924,1.3689,27.5499,0,6.17
1265,548.121,37.9416,31.8201,12.0175,1.3803,27.5104,0,6.1215
1266,548.909,37.9835,31.713,12.0025,1.3825,27.4709,0,6.2705
1267,549.695,38.0656,31.8623,11.9515,1.3571,27.4317,0,6.2033
1268,550.482,38.2225,31.8436,12.0041,1.377,27.6133,0,6.3789
1269,551.27,37.8369,31.8759,11.9918,1.3636,27.3533,0,5.961
1270,552.059,37.9936,31.8233,12.0575,1.3609,27.7547,0,6.1703
1271,552.849,38.09,31.7995,11.9784,1.3562,27.2752,0,6.2905
1272,553.639,37.9548,31.8284,11.9329,1.3679,27.2362,0,6.1264
1273,554.43,37.9957,31.8182,12.0232,1.3531,27.636,0,6.1775
1274,555.223,38.0603,31.7791,12.0264,1.3537,27.3776,0,6.2812
1275,556.016,37.9853,31.6095,12.0017,1.3811,27.3385,0,6.3758
1276,556.81,37.8561,31.6909,12.1235,1.3485,27.0811,0,6.1652
1277,557.604,38.046,31.8063,11.9455,1.3676,27.4787,0,6.2397
1278,558.399,37.8875,31.7639,12.0219,1.3625,27.4396,0,6.1236
1279,559.196,37.9783,31.8402,11.8872,1.3637,27.8354,0,6.1381
1280,559.993,37.7648,31.7316,12.0357,1.3767,27.3615,0,6.0332
1281,560.79,37.9259,31.7741,11.9058,1.3616,27.3226,0,6.1518
1282,561.589,38.1284,31.9489,11.886,1.3496,27.5003,0,6.1795
1283,562.388,37.9917,31.8199,11.9782,1.3583,27.4612,0,6.1718
1284,563.188,37.8491,31.7825,12.0098,1.3663,27.2063,0,6.0666
1285,563.989,37.912,31.8267,11.9766,1.3558,27.5989,0,6.0853
1286,564.79,38.0289,31.8793,11.8718,1.3566,27.1291,0,6.1496
1287,565.593,38.0062,31.808,12.0438,1.3676,27.5206,0,6.1982
1288,566.396,38.1371,31.9675,11.9701,1.3703,27.4816,0,6.1696
1289,567.2,38.076,31.8691,11.9527,1.3551,27.657,0,6.2069
1290,568.006,38.2244,32.0099,12.0385,1.3486,27.4037,0,6.2145
1291,568.812,37.987,31.8088,11.9188,1.3609,27.3649,0,6.1782
1292,569.618,38.1389,31.9047,12.068,1.3688,27.1127,0,6.2342
1293,570.425,37.9189,31.6654,11.96,1.3615,27.2875,0,6.2535
1294,571.233,37.7723,31.8131,12.0086,1.3725,27.6747,0,5.9592
1295,572.043,37.9451,31.9675,11.9001,1.3848,27.2103,0,5.9776
1296,572.853,37.9643,31.7231,11.9888,1.3626,27.1718,0,6.2412
1297,573.663,37.7007,31.8301,11.9956,1.3617,27.1335,0,5.8706
1298,574.474,38.0778,31.8827,12.0118,1.3583,27.5185,0,6.1951
1299,575.286,37.8805,31.7469,11.9588,1.3647,27.0569,0,6.1336
1300,576.099,37.8875,31.9302,11.9354,1.3741,27.4409,0,5.9573
1301,576.913,37.8893,31.7978,12.0599,1.3757,27.4022,0,6.0915
1302,577.727,38.0202,31.7333,11.9219,1.3659,27.5741,0,6.2869
1303,578.542,37.8194,31.8238,12.0778,1.3557,26.9046,0,5.9956
1304,579.358,38.0795,31.9366,12.0179,1.3502,27.7063,0,6.1429
1305,580.175,38.0343,31.847,11.9584,1.3815,27.6673,0,6.1873
1306,580.994,38.0586,31.9675,11.9794,1.3676,27.419,0,6.0911
1307,581.812,37.8264,31.7367,12.0316,1.3518,27.5895,0,6.0897
1308,582.631,38.0586,32.0184,12.0608,1.3471,27.5507,0,6.0402
1309,583.451,38.0551,31.8689,11.9637,1.3682,27.512,0,6.1862
1310,584.272,37.8869,31.9251,11.9345,1.3686,27.4733,0,5.9618
1311,585.095,38.1319,31.9421,11.8985,1.3703,27.4347,0,6.1898
1312,585.918,37.9137,31.7741,12.0057,1.3536,27.3961,0,6.1396
1313,586.741,37.9329,31.6671,12.007,1.3439,27.3577,0,6.2658
1314,587.567,38.0272,32.665,12.083,1.3687,27.3192,0,5.3622
1315,588.392,37.8247,31.6383,12.0492,1.3657,27.0743,0,6.1864
1316,589.218,37.852,32.0948,11.9669,1.3601,27.4491,0,5.7572
1317,590.045,37.9434,31.713,12.0122,1.3644,27.6167,0,6.2304
1318,590.873,37.9381,31.7768,12.0146,1.3652,27.578,0,6.1613
1319,591.703,37.994,32.0422,11.9653,1.3553,27.3338,0,5.9518
1320,592.532,37.9207,31.7367,12.0295,1.3545,27.5008,0,6.184
1321,593.362,37.9742,31.8487,11.9883,1.3658,27.0524,0,6.1255
1322,594.193,37.8561,31.6807,11.9932,1.3524,27.4239,0,6.1754
1323,595.025,38.013,31.8946,11.977,1.3544,27.3856,0,6.1184
1324,595.858,37.912,31.8436,11.9905,1.3574,27.3473,0,6.0684
1325,596.691,37.8501,31.8691,12.0612,1.3679,27.7167,0,5.981
1326,597.525,37.6606,31.6858,12.0304,1.3685,27.4745,0,5.9748
1327,598.361,37.9783,31.8827,12.0195,1.3705,27.6393,0,6.0956
1328,599.197,37.8229,31.7656,11.9968,1.3627,27.3978,0,6.0573
1329,600.034,37.8177,31.8046,11.9815,1.3769,27.5623,0,6.0131
1330,600.872,37.8927,31.7147,11.9151,1.3713,27.1191,0,6.178
1331,601.71,37.9172,31.8031,12.0074,1.3793,27.4855,0,6.1141
1332,602.549,37.8701,31.8538,12.0721,1.3778,27.0436,0,6.0163
1333,603.389,38.0363,31.7537,12.0138,1.3685,27.409,0,6.2826
1334,604.23,37.9364,31.7223,11.9495,1.3636,27.3709,0,6.2141
1335,605.072,37.7665,31.5874,12.0093,1.3768,27.3328,0,6.1791
1336,605.916,37.8613,31.7673,11.9297,1.3753,27.4954,0,6.094
1337,606.759,37.6775,31.5585,12.0373,1.3602,27.2568,0,6.119
1338,607.603,37.9381,31.9742,11.9111,1.3533,27.4191,0,5.9639
1339,608.448,37.905,31.8402,11.9685,1.3737,27.1811,0,6.0648
1340,609.294,38.0167,31.8419,12.0331,1.3719,27.5426,0,6.1748
1341,610.141,37.8072,31.7758,12.0446,1.3737,27.5043,0,6.0314
1342,610.99,37.8125,31.7113,11.9924,1.3665,27.6651,0,6.1012
1343,611.838,37.8035,31.6909,12.0001,1.3696,27.428,0,6.1126
1344,612.687,37.8772,31.7554,11.9851,1.3669,27.39,0,6.1218
1345,613.537,38.0363,32.1016,12.0596,1.3507,27.3521,0,5.9347
1346,614.388,38.0202,32.0513,11.9997,1.3768,27.7101,0,5.9689
1347,615.24,37.8107,31.7016,12.0171,1.3736,27.474,0,6.1091
1348,616.093,38.1406,32.1885,12.0737,1.3525,27.6334,0,5.9521
1349,616.947,38.0778,32.2186,12.0381,1.3393,27.2009,0,5.8592
1350,617.801,37.9399,31.9122,12.0223,1.3802,27.1633,0,6.0277
1351,618.656,37.9573,31.9183,11.9932,1.3534,27.5189,0,6.039
1352,619.513,38.238,32.0167,12.0405,1.3613,27.4808,0,6.2213
1353,620.37,38.1236,32.0609,11.9103,1.3511,27.4429,0,6.0627
1354,621.229,38.2488,31.9964,12.0555,1.3521,27.4049,0,6.2524
1355,622.088,37.9346,31.7876,11.9269,1.3515,27.1716,0,6.147
1356,622.948,38.1651,32.0558,11.9515,1.3552,27.3293,0,6.1093
1357,623.808,37.994,31.9217,12.0227,1.3533,27.2916,0,6.0723
1358,624.669,38.179,32.1114,12.0122,1.3752,27.254,0,6.0676
1359,625.531,38.1682,32.1624,11.9544,1.3405,27.2164,0,6.0058
1360,626.395,38.3536,32.3358,11.9264,1.3393,27.1789,0,6.0178
1361,627.259,38.2838,32.2068,12.003,1.353,27.1415,0,6.077
1362,628.124,37.9888,31.9197,12.0555,1.344,27.4913,0,6.0691
1363,628.99,38.238,32.0982,12.077,1.3611,27.4534,0,6.1398
1364,629.856,38.1982,32.1135,11.9358,1.3608,27.0296,0,6.0847
1365,630.723,38.1703,31.9047,11.9705,1.3676,27.378,0,6.2656
1366,631.591,38.2923,32.0676,12.0175,1.3574,27.3404,0,6.2247
1367,632.46,37.9102,31.8996,12.0264,1.3731,27.3028,0,6.0106
1368,633.331,38.097,31.8088,12.0001,1.3691,27.2653,0,6.2882
1369,634.203,38.1633,31.9353,12.0697,1.3421,27.6113,0,6.228
1370,635.075,37.9312,31.8689,11.9815,1.3472,27.3819,0,6.0623
1371,635.949,38.2296,32.0914,12.0122,1.3499,27.153,0,6.1382
1372,636.822,38.0394,32.0354,11.9362,1.3575,27.4977,0,6.004
1373,637.698,38.1354,31.9709,12.0053,1.3757,27.2692,0,6.1645
1374,638.573,38.1179,32.0438,12.0418,1.3543,27.4223,0,6.0741
1375,639.45,38.2174,32.2289,11.9993,1.3445,27.3847,0,5.9885
1376,640.327,38.1406,32.1415,12.0365,1.3526,27.727,0,5.9991
1377,641.205,38.1424,32.2425,11.9932,1.3448,27.3097,0,5.8999
1378,642.084,37.9762,32.2119,11.886,1.371,27.2724,0,5.7643
1379,642.964,37.9381,32.1152,11.9873,1.3393,27.6133,0,5.8229
1380,643.845,38.0808,32.0643,11.9944,1.3552,27.1978,0,6.0165
1381,644.726,38.141,32.2713,12.0341,1.3587,27.5378,0,5.8697
1382,645.608,37.9818,32.0439,12.0362,1.3622,27.5002,0,5.9379
1383,646.492,38.1686,32.105,11.8629,1.3615,27.0864,0,6.0636
1384,647.376,38.0751,32.2492,12.0102,1.3613,27.4251,0,5.8259
1385,0,38.0736,32.1847,12.0668,1.3502,,0,5.8889
1386,0.233,38.1445,32.1934,12.0192,1.3534,0,0,5.9511
1387,0.468,38.067,32.1525,12.0656,1.3527,0,0,5.9145
1388,0.703,38.1394,32.1864,12.0859,1.3665,0,0,5.953
1389,0.939,38.0172,32.0473,11.9847,1.3457,129.505,0,5.9699
1390,1.176,38.1617,32.2898,12.0244,1.3517,0,0,5.8719
1391,1.412,38.1049,32.1254,12.0373,1.3334,86.1227,0,5.9795
1392,1.649,38.0808,32.1943,11.9972,1.364,0,0,5.8865
1393,1.885,38.043,31.9064,12.0575,1.3525,0,0,6.1366
1394,2.121,38.191,32.243,11.9353,1.364,114.6678,0,5.948
1395,2.36,38.0602,32.0591,11.9779,1.3547,51.5276,0,6.0011
1396,2.598,37.9716,32.0522,12.0094,1.353,46.8072,0,5.9194
1397,2.836,38.0068,32.1142,12.0559,1.3642,0,0,5.8926
1398,3.074,37.9586,32.0948,12.026,1.3601,0,0,5.8638
1399,3.312,38.0499,31.9441,12.0551,1.3454,0,0,6.1058
1400,3.55,38.1118,32.1271,12.0106,1.3638,0,0,5.9847
1401,3.788,38.214,32.0812,12.043,1.3566,64.2055,0,6.1328
1402,4.027,37.9638,31.9782,12.0196,1.3535,30.1975,0,5.9856
1403,4.268,38.2254,32.2329,11.8985,1.3388,0,0,5.9925
1404,4.507,38.1858,32.0983,12.064,1.3579,26.9814,0,6.0875
1405,4.747,38.1424,32.1525,12.0223,1.3313,25.6173,0,5.9899
1406,4.987,38.1139,32.2034,12.0555,1.3542,0,0,5.9105
1407,5.226,38.1342,32.3188,11.9708,1.3462,0,0,5.8154
1408,5.466,38.1755,32.0371,12.0539,1.3564,22.2476,0,6.1384
1409,5.707,38.2271,32.1727,11.958,1.3626,42.6161,0,6.0544
1410,5.949,38.172,32.3568,12.0012,1.3465,40.8826,0,5.8152
1411,6.191,38.1581,32.1389,11.9831,1.3644,39.2845,0,6.0192
1412,6.433,38.0169,32.1304,11.9406,1.354,18.9033,0,5.8865
1413,6.675,38.172,32.2588,11.938,1.3581,0,0,5.9132
1414,6.916,38.0705,32.1491,11.9722,1.3505,35.1663,0,5.9214
1415,7.158,38.1139,32.066,11.994,1.3621,33.9774,0,6.0479
1416,7.401,38.1893,32.1108,12.0043,1.3571,16.4309,0,6.0785
1417,7.644,38.0447,31.9266,12.081,1.3452,31.8172,0,6.1181
1418,7.887,38.0957,32.1211,12.0191,1.3593,15.4184,0,5.9746
1419,8.13,38.1703,32.1905,11.8658,1.337,29.9152,0,5.9798
1420,8.374,38.0843,32.2174,11.9774,1.3572,29.0435,0,5.8669
1421,8.619,37.9783,31.9794,11.9936,1.3503,28.2179,0,5.9989
1422,8.863,38.1307,32.337,11.9422,1.3597,27.4411,0,5.7937
1423,9.107,38.2443,32.288,11.9098,1.3541,26.7059,0,5.9563
1424,9.352,38.1084,32.1985,11.9997,1.3544,26.0062,0,5.9099
1425,9.597,38.3267,32.3069,12.1097,1.3424,25.3423,0,6.0198
1426,9.842,38.0621,32.0344,11.9196,1.3469,24.7115,0,6.0277
1427,10.087,37.9888,32.1287,11.9681,1.3537,36.1669,0,5.8601
1428,10.334,38.296,32.3155,11.9819,1.3537,35.3025,0,5.9805
1429,10.582,38.2047,32.2742,11.9855,1.3559,34.4751,0,5.9305
1430,10.829,38.1255,32.1474,12.0074,1.3576,22.4592,0,5.9781
1431,11.076,38.1459,32.1584,12.0652,1.3552,21.9583,0,5.9875
1432,11.325,38.0636,32.1417,11.9443,1.3412,42.9511,0,5.9219
1433,11.573,38.193,32.1864,11.9378,1.3727,42.0307,0,6.0066
1434,11.822,38.1307,32.1899,11.9851,1.3415,41.1454,0,5.9408
1435,12.07,38.2255,32.0281,11.8888,1.3357,30.225,0,6.1974
1436,12.319,38.2047,32.2693,11.9252,1.3534,19.7427,0,5.9354
1437,12.568,38.0378,32.0626,11.9248,1.3548,29.0273,0,5.9752
1438,12.817,37.9036,31.949,11.9779,1.3566,37.9512,0,5.9546
1439,13.066,37.8519,31.9541,11.9099,1.3576,37.228,0,5.8978
1440,13.317,37.9862,32.0075,11.9236,1.3462,27.3947,0,5.9787
1441,13.568,38.0172,32.0264,12.0159,1.3428,17.9253,0,5.9908
1442,13.818,37.691,31.9522,11.9912,1.3425,35.202,0,5.7388
1443,14.068,37.8072,32.087,11.9556,1.3674,34.5764,0,5.7202
1444,14.319,38.0132,31.9084,11.9592,1.3473,25.4777,0,6.1048
1445,14.571,37.7967,32.1101,11.8362,1.3605,33.3828,0,5.6866
1446,14.823,37.8893,32.0897,11.9596,1.3606,32.8153,0,5.7996
1447,15.074,38.0708,32.1118,11.9076,1.3302,24.2016,0,5.959
1448,15.326,37.9328,31.9369,11.9317,1.3453,31.7383,0,5.9959
1449,15.579,38,32.1262,11.9677,1.3429,23.4171,0,5.8738
1450,15.832,37.9087,31.9524,12.0312,1.3326,30.7239,0,5.9563
1451,16.084,37.9121,31.9709,11.8828,1.344,30.2425,0,5.9412
1452,16.337,38.0938,32.0367,11.9115,1.3525,29.7742,0,6.0571
1453,16.59,38.046,31.9658,11.8803,1.3354,29.3201,0,6.0802
1454,16.843,38.0045,32.1898,11.9252,1.3565,28.8797,0,5.8147
1455,17.097,37.9122,32.0682,11.8128,1.3588,28.4506,0,5.844
1456,17.351,38.0688,32.1657,11.9099,1.3529,28.0342,0,5.9031
1457,17.605,37.9259,32.0091,11.9629,1.3577,34.5371,0,5.9168
1458,17.859,37.905,32.1171,11.9871,1.3654,27.2367,0,5.7879
1459,18.113,38.0825,32.0213,11.9285,1.3647,26.8548,0,6.0612
1460,18.369,37.9363,32.0522,11.8293,1.3544,33.1007,0,5.8841
1461,18.625,38.0289,31.9964,11.9442,1.3492,26.1166,0,6.0325
1462,18.881,37.9104,31.887,11.9568,1.3368,25.7624,0,6.0234
1463,19.137,38.0603,32.1983,11.9867,1.353,25.4178,0,5.862
1464,19.394,37.9931,32.2325,11.9175,1.3496,25.081,0,5.7606
1465,19.65,38.1445,31.9041,11.9681,1.3375,24.7542,0,6.2404
1466,19.906,37.9225,32.0282,11.9584,1.3427,24.4359,0,5.8943
1467,20.162,37.8106,32.095,11.8573,1.3493,24.1256,0,5.7156
1468,20.419,38.0292,32.1141,11.886,1.3522,23.822,0,5.9151
1469,20.676,38.0412,32.0377,11.9799,1.3429,23.5259,0,6.0035
1470,20.934,37.9643,31.9836,11.9807,1.3449,23.2359,0,5.9807
1471,21.191,37.8846,31.9919,11.9633,1.3712,22.9541,0,5.8927
1472,21.449,38.0309,32.1284,11.9155,1.3555,28.3475,0,5.9025
1473,21.707,38.0341,32.1355,11.8528,1.3453,28.0106,0,5.8986
1474,21.966,37.9102,31.9064,12.0361,1.3532,33.2164,0,6.0038
1475,22.224,37.7609,31.8335,11.9908,1.3362,32.8308,0,5.9274
1476,22.483,37.8811,31.937,11.9285,1.3442,32.4526,0,5.9441
1477,22.743,37.9604,31.9404,11.9341,1.362,21.3877,0,6.02
1478,23.003,37.8812,32.109,11.9928,1.3409,31.719,0,5.7722
1479,23.263,37.9518,32.1211,12.028,1.3662,31.3644,0,5.8307
1480,23.523,37.8037,32.0558,11.8838,1.355,25.8481,0,5.7479
1481,23.783,38.0586,32.1457,11.9533,1.337,30.6787,0,5.9129
1482,24.043,38.2237,32.1056,11.9232,1.3526,20.2313,0,6.1181
1483,24.305,37.891,32.1096,11.9807,1.3622,30.0198,0,5.7814
1484,24.566,37.8811,31.8606,12.0009,1.3645,24.7507,0,6.0205
1485,24.827,37.9393,32.0235,11.9006,1.34,29.3886,0,5.9158
1486,25.089,37.9173,31.8354,11.9665,1.339,29.0817,0,6.0819
1487,25.351,38.2237,32.1847,11.9629,1.3518,28.7812,0,6.039
1488,25.613,37.9655,31.9386,11.9389,1.3543,23.739,0,6.0269
1489,25.875,38.0237,32.0863,11.8771,1.3411,28.1983,0,5.9374
1490,26.137,37.969,31.9671,11.8844,1.3544,27.9156,0,6.0019
1491,26.401,37.9218,32.0066,12.0078,1.3763,27.6365,0,5.9152
1492,26.664,37.8229,32.0931,11.9418,1.3561,27.3639,0,5.7298
1493,26.928,37.9879,31.8853,11.9479,1.3398,27.0956,0,6.1026
1494,27.191,37.98,32.105,11.8836,1.3477,26.8336,0,5.875
1495,27.456,38.1256,32.1108,11.8838,1.3505,31.0037,0,6.0148
1496,27.72,37.9604,32.055,11.9467,1.3373,30.7084,0,5.9054
1497,27.984,38.1224,32.2794,11.9815,1.3541,26.0732,0,5.843
1498,28.249,38.1548,32.0522,11.9192,1.3525,25.8286,0,6.1026
1499,28.514,37.9845,32.1125,11.9484,1.356,25.5885,0,5.872
1500,28.779,38.0739,32.0557,11.9762,1.3653,25.3529,0,6.0182
1501,29.045,37.9172,31.9845,12.0195,1.3458,29.3075,0,5.9327
1502,29.313,37.9879,31.9834,11.9766,1.3555,24.891,0,6.0045
1503,29.579,37.8735,32.0609,11.9746,1.34,24.6672,0,5.8126
1504,29.845,37.9139,31.9438,11.9775,1.3483,24.4473,0,5.9701
1505,30.111,37.9845,31.9272,11.9099,1.3554,24.2314,0,6.0573
1506,30.379,38.097,32.0541,11.8678,1.3506,24.0176,0,6.0429
1507,30.646,37.9225,32.0092,11.9353,1.3425,23.8084,0,5.9133
1508,30.913,37.8881,31.9318,11.9815,1.3613,23.6027,0,5.9563
1509,31.181,37.9335,32.0948,11.8354,1.3492,23.3999,0,5.8387
1510,31.45,37.8175,31.8664,11.85,1.3415,27.0663,0,5.9511
1511,31.718,37.9432,31.9473,11.8829,1.3404,30.6716,0,5.9959
1512,31.986,37.9818,32.055,11.9519,1.3574,26.6128,0,5.9268
1513,32.254,37.9296,31.9369,11.8718,1.3722,22.6214,0,5.9927
1514,32.523,37.8657,32.276,11.8981,1.3566,29.9124,0,5.5897
1515,32.792,37.9853,32.0626,11.873,1.3468,29.667,0,5.9227
1516,33.061,37.9964,31.9696,11.8471,1.355,25.7474,0,6.0268
1517,33.331,38.1563,32.2475,12.0446,1.3459,29.1873,0,5.9088
1518,33.601,38.0673,31.9675,11.918,1.343,25.3337,0,6.0998
1519,33.872,37.9277,32.0522,11.9637,1.3599,28.7211,0,5.8755
1520,34.142,37.8753,31.9302,11.9924,1.352,28.494,0,5.9451
1521,34.413,37.9085,31.9422,12.0264,1.3541,28.2696,0,5.9663
1522,34.684,38.0441,31.961,11.9519,1.3293,28.0487,0,6.0831
1523,34.955,37.8334,32.032,11.9803,1.3478,27.8313,0,5.8014
1524,35.226,37.8657,31.9251,11.9629,1.3559,27.6171,0,5.9406
1525,35.499,37.9036,31.9249,11.8399,1.3432,27.4048,0,5.9787
1526,35.771,37.8456,31.9217,11.943,1.3668,27.1964,0,5.9239
1527,36.043,37.9678,31.9353,11.8844,1.3498,26.9911,0,6.0325
1528,36.317,38.098,32.1951,11.9325,1.3658,26.7875,0,5.9029
1529,36.59,38.1239,32.1084,12.0037,1.3499,26.5876,0,6.0155
1530,36.864,38.0602,32.0591,11.8803,1.3617,26.39,0,6.0011
1531,37.137,38.0275,32.2398,12.0281,1.3501,26.196,0,5.7877
1532,37.411,37.8914,31.9111,11.9572,1.3595,32.5052,0,5.9803
1533,37.685,37.8631,32.0303,11.9066,1.3517,32.2689,0,5.8328
1534,37.959,37.7986,31.8984,11.9964,1.3411,25.6287,0,5.9002
1535,38.234,37.8997,32.0575,12.0037,1.3629,28.625,0,5.8422
1536,38.509,38.0167,32.0325,11.9964,1.3533,31.5784,0,5.9842
1537,38.785,38.0774,32.1779,11.9924,1.361,31.3537,0,5.8995
1538,39.06,38.0189,31.9851,11.9676,1.3541,31.1329,0,6.0338
1539,39.336,38.0059,32.035,11.973,1.3584,24.7316,0,5.9709
1540,39.612,38.0154,32.097,11.9318,1.3503,27.6292,0,5.9184
1541,39.888,37.7434,31.881,11.9778,1.3691,27.438,0,5.8624
1542,40.164,38,32.0867,12.0138,1.3659,27.2494,0,5.9133
1543,40.441,38.0957,32.0591,11.9799,1.3715,24.0558,0,6.0366
1544,40.718,38.117,32.0608,11.9497,1.3583,29.8652,0,6.0562
1545,40.995,37.9936,31.9913,12.007,1.3566,29.6634,0,6.0023
1546,41.272,37.9434,32.1355,11.9994,1.3568,29.4643,0,5.8079
1547,41.55,38.0212,32.1538,11.9616,1.3677,29.2672,0,5.8674
1548,41.828,38.1319,32.0846,11.8807,1.3533,29.0727,0,6.0473
1549,42.106,37.9849,32.1211,11.9693,1.3488,28.8807,0,5.8638
1550,42.385,38.1497,32.0763,11.9963,1.352,28.6906,0,6.0734
1551,42.664,38.1526,31.976,11.9123,1.3514,28.503,0,6.1766
1552,42.943,38.0808,32.128,11.9972,1.3348,28.3178,0,5.9528
1553,43.223,38.1135,32.0694,11.9823,1.3601,28.1344,0,6.0441
1554,43.503,38.1411,32.2878,11.9616,1.3644,25.158,0,5.8533
1555,43.784,38.1824,32.2329,11.9325,1.3637,27.7739,0,5.9495
1556,44.064,38.0184,32.1067,11.9831,1.3564,27.5974,0,5.9117
1557,44.346,38.2,32.1797,11.9515,1.3586,27.4219,0,6.0203
1558,44.627,38.1759,32.0849,12.0207,1.3594,27.2492,0,6.091
1559,44.908,38.1394,32.1828,12.0203,1.3572,27.0787,0,5.9566
1560,45.19,38.098,32.0729,11.9625,1.353,29.6007,0,6.0251
1561,45.472,38.2443,32.3827,11.9677,1.3445,26.7429,0,5.8616
1562,45.755,38.0307,32.0948,11.9806,1.3671,26.5775,0,5.9359
1563,46.038,38.0411,31.9845,12.0029,1.3478,26.4141,0,6.0566
1564,46.321,38.0688,32.116,11.994,1.3645,26.2527,0,5.9528
1565,46.604,38.0447,32.0643,11.9997,1.3435,31.312,0,5.9804
1566,46.888,38.1759,32.122,11.8645,1.3387,25.9352,0,6.0539
1567,47.171,38.1204,32.1637,12.1028,1.334,28.3576,0,5.9567
1568,47.455,38.1015,32.1589,12.0389,1.3564,30.7504,0,5.9426
1569,47.739,38.1873,32.2226,11.9487,1.332,30.5675,0,5.9647
1570,48.023,38.0894,32.0988,12.0507,1.344,27.8545,0,5.9906
1571,48.308,38.117,32.0574,11.9552,1.3599,30.2075,0,6.0596
1572,48.593,38.108,32.2204,12.0017,1.3625,27.5278,0,5.8876
1573,48.878,38.2541,32.2994,11.9766,1.3468,29.8552,0,5.9547
1574,49.163,38.0219,32.0863,11.9115,1.3605,27.2086,0,5.9356
1575,49.449,38.0305,32.0897,11.9422,1.3442,24.592,0,5.9408
1576,49.735,38.1325,32.0874,11.9977,1.3616,29.3407,0,6.0451
1577,50.021,37.9707,32.0195,12.0111,1.3499,29.173,0,5.9512
1578,50.309,38.191,32.1916,11.8872,1.3642,26.5888,0,5.9994
1579,50.596,38.1549,32.1538,12.028,1.3476,28.8415,0,6.0011
1580,50.883,38.083,32.1396,11.9754,1.3562,28.6788,0,5.9434
1581,51.17,38.0051,32.1813,11.9663,1.3518,26.1414,0,5.8238
1582,51.459,38.1075,32.0371,12.0187,1.3449,28.3578,0,6.0704
1583,51.747,38.2128,32.2798,11.9839,1.3404,28.1999,0,5.933
1584,52.035,37.9085,32.0156,12.024,1.3682,28.0439,0,5.8929
1585,52.324,38.0378,32.109,12.0012,1.3632,27.889,0,5.9288
1586,52.614,38.1445,32.1211,11.9568,1.3476,27.7352,0,6.0234
1587,52.903,38.2496,32.1287,11.9726,1.3503,29.8824,0,6.1209
1588,53.192,38.1273,32.2562,11.9803,1.3543,27.4339,0,5.8711
1589,53.482,38.1127,32.015,11.9107,1.3529,27.2851,0,6.0977
1590,53.772,37.9827,32.0557,12.0191,1.3422,27.138,0,5.927
1591,54.064,38.024,32.1865,11.8771,1.3563,29.2407,0,5.8375
1592,54.355,37.982,32.122,11.9827,1.3536,26.8469,0,5.86
1593,54.646,38.1837,32.2441,11.9556,1.336,28.9292,0,5.9396
1594,54.937,38.0963,32.0855,11.9726,1.3588,28.776,0,6.0108
1595,55.229,38.1249,32.0456,11.9891,1.357,30.8257,0,6.0793
1596,55.521,37.9975,32.1033,12.0717,1.3574,28.4733,0,5.8942
1597,55.814,38.0499,32.0558,11.8763,1.3426,28.3239,0,5.9941
1598,56.107,38.1445,32.0643,12.0276,1.3541,28.1759,0,6.0802
1599,56.4,38.1014,32.1004,12.0587,1.3286,25.8734,0,6.001
1600,56.693,38.09,32.071,11.9705,1.3562,27.8847,0,6.019
1601,56.987,38.1239,32.2611,11.9928,1.3568,27.7408,0,5.8628
1602,57.28,38.0603,32.1508,11.8892,1.3498,25.4759,0,5.9095
1603,57.574,38.1319,32.2085,11.9389,1.358,25.3459,0,5.9234
1604,57.868,37.9001,32.1331,12.0345,1.3533,25.2171,0,5.767
1605,58.163,38.1738,32.1262,11.9143,1.3639,29.2707,0,6.0476
1606,58.459,38.2401,32.2968,12.0082,1.3501,27.0423,0,5.9433
1607,58.755,38.055,32.1572,11.8718,1.3587,28.9758,0,5.8978
1608,59.051,38.0929,32.0161,12.0656,1.3654,28.8305,0,6.0768
1609,59.347,38.1167,32.1125,11.9507,1.3452,24.5886,0,6.0042
1610,59.643,38.0957,32.2467,11.9204,1.3479,24.4666,0,5.849
1611,59.939,38.2167,32.217,11.956,1.3469,28.4034,0,5.9997
1612,60.235,38.1979,32.0746,11.9819,1.3611,28.2638,0,6.1233
1613,60.533,38.1005,32.1186,12.0082,1.3652,28.1247,0,5.9819
1614,60.831,38.172,32.1566,11.9896,1.3337,29.986,0,6.0154
1615,61.128,37.9586,32.1284,12.0304,1.3588,29.8403,0,5.8302
1616,61.426,38.1015,32.2825,11.9964,1.3395,27.7158,0,5.819
1617,61.724,38.1651,32.1246,12.06,1.3598,27.582,0,6.0405
1618,62.022,37.9853,32.1284,11.9188,1.3436,27.4495,0,5.8569
1619,62.321,38.2035,32.3145,11.9746,1.3501,27.3178,0,5.889
1620,62.62,38.1187,32.137,11.9394,1.3474,27.1874,0,5.9817
1621,62.919,38.1325,32.0797,12.0195,1.3595,27.0582,0,6.0528
1622,63.218,37.9975,32.0174,11.9859,1.355,28.8538,0,5.9801
1623,63.518,37.9931,32.2223,11.9309,1.3566,30.632,0,5.7708
1624,63.818,37.9032,32.2054,11.9544,1.3588,26.677,0,5.6978
1625,64.118,37.9334,32.0935,11.9499,1.3504,26.5522,0,5.8399
1626,64.419,38.2121,31.9731,11.9568,1.3368,30.2036,0,6.239
1627,64.72,37.9665,32.2458,11.9544,1.3305,28.1841,0,5.7207
1628,65.021,38.0789,32.1287,12.043,1.3498,29.9239,0,5.9502
1629,65.324,38.09,32.0083,12.009,1.3525,29.7851,0,6.0817
1630,65.627,37.973,32.1678,12.0284,1.3633,29.6476,0,5.8052
1631,65.929,37.9381,32.0863,12.0049,1.3432,27.6673,0,5.8518
1632,66.231,38.0774,32.2071,12.0231,1.3729,25.7051,0,5.8703
1633,66.535,38.0062,31.937,11.9779,1.3531,25.5876,0,6.0692
1634,66.838,38.1256,32.1486,11.9794,1.3532,29.1104,0,5.977
1635,67.142,38.1806,32.2439,12.0276,1.3424,28.9786,0,5.9367
1636,67.446,38.0693,32.1915,11.9867,1.3439,27.045,0,5.8778
1637,67.75,38.0537,32.0592,12.0009,1.3508,28.7186,0,5.9945
1638,68.055,38.0376,32.015,12.0511,1.3599,28.5899,0,6.0226
1639,68.36,38.1511,32.2051,12.0223,1.3534,26.6834,0,5.946
1640,68.665,37.9758,32.1297,11.9986,1.3681,28.3359,0,5.8461
1641,68.97,38.2271,32.2278,11.9555,1.3575,26.4474,0,5.9993
1642,69.275,38.0361,32.0607,11.905,1.343,26.331,0,5.9754
1643,69.581,38.1701,32.1797,11.9301,1.3439,27.9628,0,5.9904
1644,69.888,38.2349,32.1067,11.9782,1.3719,27.84,0,6.1282
1645,70.194,38.0673,32.1406,12.0029,1.3597,27.7187,0,5.9267
1646,70.501,38.1843,32.0863,11.9994,1.3406,25.8731,0,6.098
1647,70.808,38.1204,32.2573,11.9839,1.3601,27.4783,0,5.8631
1648,71.115,38.1307,32.2278,11.954,1.3545,27.3597,0,5.9029
1649,71.425,38.117,32.1624,11.9329,1.3658,27.2409,0,5.9546
1650,71.733,38.2244,32.0948,11.956,1.3422,27.124,0,6.1296
1651,72.041,38.2116,32.1194,11.9703,1.3672,28.696,0,6.0922
1652,72.35,38.207,32.1791,11.9066,1.3493,30.2542,0,6.0279
1653,72.659,37.9678,32.1899,12.0195,1.3602,28.4519,0,5.7779
1654,72.968,38.0206,32.0247,12.0943,1.3408,26.6649,0,5.9959
1655,73.277,38.0149,32.0999,11.8946,1.3404,26.5524,0,5.915
1656,73.587,38.2374,32.0983,11.9552,1.3534,29.7457,0,6.1391
1657,73.897,38.0709,32.1211,11.9422,1.3546,26.3297,0,5.9498
1658,74.207,37.9853,31.9709,12.0009,1.3543,26.2197,0,6.0144
1659,74.518,38.1187,32.1847,11.9827,1.3433,26.1102,0,5.934
1660,74.83,38.0193,32.0918,11.9616,1.3575,29.2515,0,5.9275
1661,75.142,38.0533,32.109,11.9293,1.3425,29.1301,0,5.9443
1662,75.454,38.0206,32.0557,11.9235,1.3598,29.0096,0,5.9649
1663,75.766,38.1139,32.2323,11.8949,1.3624,27.2852,0,5.8816
1664,76.079,38.3222,32.1474,11.9119,1.344,27.1729,0,6.1748
1665,76.392,38.1411,32.171,12.0232,1.3423,25.4697,0,5.9701
1666,76.705,38.108,32.1338,11.9151,1.3544,28.5365,0,5.9742
1667,77.019,37.9793,32.0832,11.9766,1.3374,28.4202,0,5.8961
1668,77.333,38.2271,32.2656,11.9358,1.3597,26.7323,0,5.9615
1669,77.647,37.9964,32.1314,11.9952,1.3559,25.0581,0,5.865
1670,77.961,38.1239,32.1228,11.9689,1.3637,28.0768,0,6.0011
1671,78.275,38.1179,32.0926,12.0284,1.3422,27.9641,0,6.0253
1672,78.59,38.0693,32.0643,11.9616,1.3554,26.3047,0,6.005
1673,78.905,37.8984,32.1486,11.9614,1.3501,27.7409,0,5.7498
1674,79.22,38.1302,32.3709,11.937,1.3542,29.1656,0,5.7593
1675,79.537,38.1528,32.3035,11.9738,1.3479,25.9915,0,5.8493
1676,79.853,38.0516,32.1466,12.013,1.3626,27.4115,0,5.905
1677,80.169,38.0785,32.1934,12.0268,1.3664,28.8204,0,5.8851
1678,80.486,38.1634,32.3207,11.9385,1.3589,27.196,0,5.8427
1679,80.803,38.1391,32.1474,11.918,1.3511,25.5843,0,5.9917
1680,81.12,38.0481,32.3328,11.8435,1.3577,26.9834,0,5.7153
1681,81.438,38.117,32.2205,11.9847,1.357,26.878,0,5.8965
1682,81.756,38.0791,31.98,11.8718,1.3554,26.7735,0,6.0991
1683,82.074,38.0619,32.1523,12.0413,1.3491,26.6698,0,5.9096
1684,82.394,38.098,32.0247,11.9119,1.3507,26.5662,0,6.0733
1685,82.713,38.0167,32.0964,11.99,1.3473,27.9339,0,5.9203
1686,83.034,38.0929,32.066,11.9936,1.3548,27.8259,0,6.0269
1687,83.354,38.2856,32.2172,11.8832,1.3617,29.178,0,6.0684
1688,83.675,38.2701,32.2192,12.0587,1.3327,27.6128,0,6.0509
1689,83.995,38.1049,32.1179,12.0207,1.356,27.5076,0,5.987
1690,84.316,38.1598,32.2713,12.0211,1.3634,27.4028,0,5.8885
1691,84.637,38.0917,32.0832,12.0203,1.3393,27.2989,0,6.0085
1692,84.958,38.2701,32.4549,12.0575,1.3496,28.6271,0,5.8152
1693,85.279,38.1428,32.0776,12.0745,1.3618,28.5194,0,6.0652
1694,85.601,37.9621,31.9834,11.9883,1.3642,26.9915,0,5.9787
1695,85.924,38.0499,32.0901,11.9519,1.3654,28.3053,0,5.9598
1696,86.246,38.0743,32.2,12.0156,1.3543,28.1996,0,5.8743
1697,86.569,38.2613,32.2747,11.9645,1.3624,25.285,0,5.9866
1698,86.892,38.203,32.2248,11.9511,1.3564,26.5905,0,5.9782
1699,87.216,38.1789,32.1968,12.0045,1.3636,27.886,0,5.9821
1700,87.54,38.1566,32.1284,12.0596,1.3625,27.7828,0,6.0282
1701,87.864,38.1895,32.1627,11.9569,1.3574,27.6803,0,6.0268
1702,88.188,38.1429,32.2425,11.9754,1.3826,27.5786,0,5.9004
1703,88.513,38.1441,32.1101,11.922,1.369,27.4774,0,6.034
1704,88.839,38.0603,32.0846,11.9633,1.3567,27.3765,0,5.9757
1705,89.164,38.0111,31.9896,11.979,1.3375,27.2767,0,6.0215
1706,89.49,37.9449,32.1297,12.0317,1.3494,28.5363,0,5.8152
1707,89.817,38.2667,32.097,12.0826,1.3414,27.0784,0,6.1697
1708,90.143,38.1843,32.1847,11.9596,1.3451,26.9805,0,5.9996
1709,90.47,38.1843,32.2272,12.0519,1.3568,29.5713,0,5.9571
1710,90.798,37.9364,32.1016,11.96,1.3785,26.7859,0,5.8348
1711,91.125,38.1617,32.2484,11.9831,1.3569,26.6898,0,5.9133
1712,91.454,38.1267,32.2391,11.9927,1.348,26.5937,0,5.8876
1713,91.782,38.1057,32.0235,12.0146,1.3568,26.4987,0,6.0822
1714,92.11,38.1129,32.1331,11.9827,1.3574,29.0448,0,5.9798
1715,92.439,38.0464,32.0969,11.8908,1.3443,26.3104,0,5.9495
1716,92.768,38.2667,32.3379,11.9665,1.3619,28.8388,0,5.9288
1717,93.097,38.1371,32.1881,11.956,1.3505,28.7368,0,5.949
1718,93.427,38.2185,32.087,12.0474,1.3486,28.6353,0,6.1315
1719,93.757,38.1581,32.049,11.9977,1.3565,28.5346,0,6.1091
1720,94.087,38.1773,32.2458,12.0106,1.3608,27.142,0,5.9315
1721,94.418,38.2263,32.0116,11.9523,1.3618,27.0468,0,6.2147
1722,94.749,38.1152,32.1284,12.0272,1.355,25.6689,0,5.9868
1723,95.08,38.2994,32.2398,12.0169,1.3683,25.5795,0,6.0596
1724,95.412,38.2047,32.1968,11.8136,1.3509,26.7651,0,6.0079
1725,95.745,38.1462,32.1297,11.8807,1.3515,27.9421,0,6.0165
1726,96.077,38.0072,32.2526,11.8791,1.3499,27.8455,0,5.7546
1727,96.41,38.275,32.2769,11.8917,1.3456,27.7493,0,5.9981
1728,96.743,38.3449,32.0609,11.9147,1.3517,27.6538,0,6.284
1729,97.076,38.2237,32.3534,11.9151,1.3413,27.559,0,5.8703
1730,97.411,38.1531,32.1348,12.0074,1.3634,27.4642,0,6.0183
1731,97.745,38.069,32.202,12.0393,1.3662,27.3703,0,5.867
1732,98.079,38.2174,32.3218,11.9866,1.3505,28.517,0,5.8956
1733,98.414,38.0912,32.0721,11.9989,1.3627,27.1843,0,6.0191
1734,98.749,38.1528,32.0676,12.0774,1.3692,27.0921,0,6.0852
1735,99.084,37.8962,32.0761,12.0474,1.3569,28.2278,0,5.8201
1736,99.421,38.1101,32.1572,11.9321,1.3562,29.3552,0,5.9529
1737,99.758,38.2047,32.2674,12.0199,1.3471,29.256,0,5.9373
1738,100.094,38.0983,32.1084,12.0547,1.3551,29.1578,0,5.9899
1739,100.432,38.0751,32.1831,11.9479,1.351,29.0597,0,5.892
1740,100.77,37.8986,32.0761,11.9621,1.3591,28.9622,0,5.8225
1741,101.108,38.1476,32.1735,11.9422,1.3697,26.46,0,5.9741
1742,101.447,38.098,32.1523,11.9968,1.3523,27.5703,0,5.9457
1743,101.786,38.0219,32.1171,11.979,1.3493,28.6731,0,5.9048
1744,102.125,38.104,32.1321,11.9341,1.3642,28.578,0,5.9719
1745,102.465,38.0795,32.3188,11.9418,1.3684,27.2963,0,5.7607
1746,102.806,38.0673,32.1389,12.0118,1.3393,26.0229,0,5.9284
1747,103.147,38.2384,32.2289,12.0316,1.3691,28.2948,0,6.0095
1748,103.489,38.0987,32.0761,11.9908,1.3276,28.2013,0,6.0226
1749,103.831,37.994,32.04,11.8722,1.37,25.766,0,5.954
1750,104.172,38.2995,32.0757,12.0345,1.3507,28.0164,0,6.2238
1751,104.514,38.0726,32.0795,11.9329,1.3537,27.9247,0,5.9931
1752,104.856,38.1581,32.1058,12.1041,1.3554,27.8336,0,6.0523
1753,105.198,38.1214,32.1622,12.024,1.3586,27.7432,0,5.9592
1754,105.541,38.1825,32.1979,11.9896,1.3543,27.653,0,5.9846
1755,105.884,38.1394,31.9537,12.0515,1.3501,27.5634,0,6.1857
1756,106.227,38.2296,32.1077,11.9661,1.369,27.4744,0,6.1219
1757,106.571,38.1808,32.1678,12.0345,1.3475,27.3857,0,6.013
1758,106.916,38.1779,32.0778,11.9572,1.3525,27.2974,0,6.1001
1759,107.26,37.8908,31.9539,11.9641,1.3548,28.3436,0,5.9369
1760,107.606,38.1406,32.1033,12.0041,1.362,28.2524,0,6.0373
1761,107.952,38.0499,32.2611,12.1126,1.3522,27.0354,0,5.7888
1762,108.297,38.1406,32.0643,11.8815,1.343,28.0722,0,6.0763
1763,108.643,38.179,32.2136,12.0425,1.3536,26.8634,0,5.9654
1764,108.989,38.1668,32.3137,11.9694,1.3679,27.8939,0,5.8531
1765,109.335,38.1965,32.181,11.971,1.357,28.9179,0,6.0155
1766,109.682,38.076,32.0532,11.9556,1.3381,26.609,0,6.0228
1767,110.029,38.207,32.2306,11.8852,1.3547,27.6303,0,5.9764
1768,110.377,38.1371,32.2441,11.9155,1.3531,28.6449,0,5.893
1769,110.726,38.1284,32.2085,12.0632,1.3298,28.5546,0,5.9199
1770,111.074,38.2349,32.1287,12.0183,1.3626,28.4651,0,6.1062
1771,111.423,38.0882,32.1695,12.0205,1.3672,26.1932,0,5.9187
1772,111.772,38.0184,32.1396,12.0547,1.3421,28.2874,0,5.8788
1773,112.121,37.9897,32.0388,11.9337,1.3453,28.1993,0,5.9509
1774,112.472,38.0307,32.0083,11.9163,1.3568,27.0301,0,6.0224
1775,112.822,38.1144,32.1169,11.9289,1.3687,28.0241,0,5.9975
1776,113.172,38.1703,32.3918,11.9331,1.3637,27.9374,0,5.7785
1777,113.523,38.1319,32.134,11.9972,1.3458,27.8511,0,5.9979
1778,113.874,38.1313,32.2747,11.9641,1.3455,27.7652,0,5.8566
1779,114.226,38.1336,32.1864,11.9503,1.3497,27.6796,0,5.9472
1780,114.578,38.1406,32.1372,11.9806,1.3504,27.5946,0,6.0034
1781,114.93,38.1965,32.2712,12.0082,1.3647,27.5101,0,5.9253
1782,115.282,38.195,32.128,11.9442,1.3395,27.4261,0,6.067
1783,115.635,38.0691,32.1966,11.9689,1.3586,27.3424,0,5.8725
1784,115.988,38.2122,32.1321,11.9448,1.3461,27.2592,0,6.0801
1785,116.341,37.9678,32.1847,12.0138,1.3402,27.1764,0,5.7831
1786,116.697,38.1067,32.1142,11.9434,1.3327,27.0935,0,5.9925
1787,117.051,38.303,32.4189,11.9398,1.3475,28.0505,0,5.8841
1788,117.406,38.0551,31.9329,11.9916,1.3531,27.9657,0,6.1222
1789,117.762,38.1912,32.1338,12.0519,1.3567,27.8812,0,6.0574
1790,118.117,38.2436,32.1983,11.8619,1.3584,28.8269,0,6.0453
1791,118.473,38.2013,32.1528,12.0438,1.3632,28.7403,0,6.0485
1792,118.83,38.1459,31.9811,11.9402,1.3579,28.6539,0,6.1648
1793,119.186,38.2314,31.9149,11.9434,1.3563,27.548,0,6.3165
1794,119.543,38.3447,32.0133,11.9677,1.3527,28.483,0,6.3314
1795,119.901,38.2541,32.071,11.9244,1.3654,26.3695,0,6.1831
1796,120.258,38.1232,32.0306,12.032,1.3444,28.3137,0,6.0926
1797,120.616,38.3194,32.1797,11.8912,1.3531,27.2214,0,6.1397
1798,120.974,38.1616,32.0456,11.9842,1.3488,27.1409,0,6.116
1799,121.332,38.2488,31.9798,11.9871,1.3474,28.063,0,6.269
1800,121.692,38.2611,32.1304,12.0531,1.3664,26.9807,0,6.1307
1801,122.051,38.2122,32.0851,11.9871,1.3513,27.8977,0,6.1271
1802,122.412,38.2227,32.1186,12.0013,1.3385,27.8155,0,6.1041
1803,122.772,38.2942,32.234,11.8973,1.3525,27.7339,0,6.0602
1804,123.132,38.1682,31.9964,12.1235,1.3505,27.6528,0,6.1718
1805,123.493,38.1232,31.9998,12.0093,1.3536,27.572,0,6.1234
1806,0,37.9955,33.1623,11.9608,1.3555,,0,4.8332
1807,0.233,38.0254,32.9976,11.9125,1.3504,0,0,5.0278
1808,0.468,38.1224,32.8178,11.9564,1.3509,259.8402,0,5.3046
1809,0.705,38.203,32.9454,11.9746,1.3598,0,0,5.2576
1810,0.942,38.1944,32.8076,11.9572,1.3359,0,0,5.3868
1811,1.177,38.2805,33.0626,11.8844,1.3317,0,0,5.2179
1812,1.414,38.0998,32.8636,11.9904,1.367,0,0,5.2362
1813,1.65,38.1893,32.9348,11.9762,1.3412,0,0,5.2545
1814,1.886,38.2409,32.9756,12.0163,1.3534,64.4778,0,5.2653
1815,2.123,38.1686,32.7596,12.0017,1.3655,0,0,5.409
1816,2.361,38.2357,33.0655,11.934,1.3612,0,0,5.1702
1817,2.598,38.0384,32.7804,12.13,1.3498,93.6145,0,5.258
1818,2.836,38.3407,33.1347,11.9578,1.3479,0,0,5.206
1819,3.074,38.2271,33.1657,11.9459,1.3717,0,0,5.0614
1820,3.312,38.2133,32.8709,12.0567,1.3545,0,0,5.3424
1821,3.55,38.1067,32.8161,12.0061,1.3509,0,0,5.2906
1822,3.788,38.0327,32.738,12.0357,1.3409,0,0,5.2947
1823,4.026,38.1996,32.7261,12.3544,1.3457,0,0,5.4735
1824,4.265,38.3381,32.5004,13.0443,1.3628,57.0247,0,5.8377
1825,4.505,38.7044,32.7863,13.1924,1.3433,53.9868,0,5.9181
1826,4.746,38.6074,32.9781,13.317,1.3442,51.2453,0,5.6293
1827,4.986,38.4718,32.7733,13.3664,1.3613,48.7787,0,5.6985
1828,5.226,38.8214,32.1729,14.731,1.3495,0,0,6.6485
1829,5.466,39.2838,32.4105,15.1817,1.3677,0,0,6.8733
1830,5.706,39.2511,32.3972,15.3033,1.3408,21.3118,0,6.8539
1831,5.947,39.277,32.4478,15.4924,1.3461,40.8963,0,6.8292
1832,6.189,39.1323,32.3259,15.3616,1.3546,39.2972,0,6.8064
1833,6.431,39.0738,32.3126,15.3448,1.353,37.8184,0,6.7612
1834,6.673,39.1513,32.2725,15.3282,1.3579,36.4469,0,6.8788
1835,6.916,39.091,32.4016,15.3751,1.363,17.5832,0,6.6894
1836,7.158,39.2989,32.3154,15.3384,1.3695,33.9774,0,6.9835
1837,7.401,39.0205,32.1331,15.3624,1.3453,16.4309,0,6.8874
1838,7.644,39.332,32.4188,15.3372,1.3564,31.8172,0,6.9132
1839,7.887,39.0991,32.1338,15.3743,1.337,30.8369,0,6.9653
1840,8.13,38.9981,32.2611,15.3799,1.3667,29.9152,0,6.737
1841,8.374,39.1915,32.3646,15.2834,1.367,43.5653,0,6.8269
1842,8.619,39.0807,32.1589,15.3388,1.3639,28.2179,0,6.9218
1843,8.863,38.9293,32.0663,15.3213,1.3585,27.4411,0,6.863
1844,9.107,39.215,32.1641,15.4359,1.3341,26.7059,0,7.0509
1845,9.352,39.3681,32.3069,15.3141,1.3687,26.0062,0,7.0612
1846,9.597,38.9796,32.152,15.3392,1.3612,38.0135,0,6.8276
1847,9.842,39.1375,32.1716,15.3021,1.3547,37.0672,0,6.9659
1848,10.087,39.2322,32.3001,15.3096,1.3623,24.1113,0,6.9321
1849,10.334,39.3647,32.4567,15.4186,1.3693,23.535,0,6.908
1850,10.582,38.9362,32.6167,14.7447,1.3654,22.9834,0,6.3195
1851,10.829,38.3859,32.9007,12.7271,1.3324,22.4592,0,5.4852
1852,11.076,38.0952,32.8728,12.189,1.3602,43.9166,0,5.2224
1853,11.325,38.1239,32.7785,12.0756,1.3436,21.4755,0,5.3454
1854,11.573,38.1067,32.8181,12.1486,1.3534,31.523,0,5.2886
1855,11.822,38.043,32.9196,11.9612,1.3536,41.1454,0,5.1234
1856,12.07,38.0983,33.035,12.0778,1.3429,40.3,0,5.0633
1857,12.319,38.1232,32.9686,11.8832,1.3453,39.4854,0,5.1546
1858,12.568,38.296,32.9198,11.9871,1.3445,38.7031,0,5.3762
1859,12.817,38.1772,32.8267,11.9156,1.3481,28.4634,0,5.3505
1860,13.066,38.4147,32.85,11.9499,1.3602,37.228,0,5.5647
1861,13.317,38.0952,32.811,11.9718,1.3586,36.5263,0,5.2842
1862,13.568,38.1996,32.8422,11.9952,1.3484,35.8506,0,5.3574
1863,13.818,38.1797,32.911,12.0171,1.3463,35.202,0,5.2687
1864,14.068,38.0411,32.8126,12.0211,1.3429,34.5764,0,5.2285
1865,14.319,38.1325,32.8072,11.9426,1.3501,16.9852,0,5.3253
1866,14.571,38.2157,32.8008,11.9584,1.3468,33.3828,0,5.4149
1867,14.823,37.9879,32.9162,11.9676,1.3603,32.8153,0,5.0717
1868,15.074,37.9765,32.6922,11.9443,1.3516,24.2016,0,5.2843
1869,15.326,38.0027,32.8534,11.9883,1.3542,31.7383,0,5.1493
1870,15.579,38.1101,32.9661,11.9879,1.3483,23.4171,0,5.144
1871,15.832,38.0726,32.8619,11.8965,1.3621,30.7239,0,5.2107
1872,16.084,38.0343,32.9484,12.0159,1.359,30.2425,0,5.0859
1873,16.337,38.1988,33.0074,11.9536,1.3634,29.7742,0,5.1914
1874,16.59,38.1003,33.0282,11.8718,1.3473,21.9901,0,5.0721
1875,16.843,38.1256,32.8594,11.9527,1.3372,28.8797,0,5.2662
1876,17.097,38.1302,32.9705,11.977,1.338,28.4506,0,5.1597
1877,17.351,38.0929,32.9542,12.0078,1.3446,28.0342,0,5.1387
1878,17.605,38.0533,32.9828,11.9552,1.3698,27.6297,0,5.0705
1879,17.859,37.9975,32.775,11.9293,1.3574,20.4275,0,5.2225
1880,18.113,38.0603,32.8381,12.0264,1.3711,26.8548,0,5.2222
1881,18.369,38.1411,32.8783,12.0001,1.365,26.4805,0,5.2628
1882,18.625,38.0324,32.7567,11.8779,1.3479,26.1166,0,5.2757
1883,18.881,38.1773,32.9366,11.9066,1.3444,25.7624,0,5.2407
1884,19.137,38.2667,32.8835,11.9058,1.3475,31.7723,0,5.3832
1885,19.394,38.2564,32.7728,11.9252,1.3367,25.081,0,5.4836
1886,19.65,38.0726,32.916,12.0049,1.3445,30.9428,0,5.1566
1887,19.906,38.1389,32.9404,11.9653,1.3474,30.5449,0,5.1985
1888,20.162,38.0189,32.8415,12.0248,1.3555,24.1256,0,5.1774
1889,20.419,38.1032,32.6811,11.9932,1.3588,29.7775,0,5.4221
1890,20.676,38.1979,32.748,12.0219,1.3592,23.5259,0,5.4499
1891,20.934,38.0533,32.901,11.8993,1.3601,23.2359,0,5.1523
1892,21.191,38.0877,32.8033,11.9151,1.3518,22.9541,0,5.2844
1893,21.449,38.3682,32.9931,11.9912,1.3364,34.017,0,5.3751
1894,21.707,38.1084,32.9007,11.8747,1.3393,28.0106,0,5.2077
1895,21.966,37.8551,32.7905,12.007,1.3388,22.1443,0,5.0646
1896,22.224,38.1339,32.7923,11.8516,1.3464,21.8872,0,5.3416
1897,22.483,38.0169,32.9366,11.9447,1.3545,27.0438,0,5.0803
1898,22.743,38.2977,32.9592,12.0741,1.3632,32.0816,0,5.3385
1899,23.003,38.0464,32.738,11.9321,1.3437,26.4325,0,5.3084
1900,23.263,38.0739,32.9282,11.9556,1.3658,31.3644,0,5.1457
1901,23.523,38.3466,32.9841,11.9457,1.3427,20.6785,0,5.3625
1902,23.783,38.0621,32.626,11.9909,1.3453,30.6787,0,5.4361
1903,24.043,38.0447,32.7819,11.9107,1.3472,25.2891,0,5.2628
1904,24.305,38.1441,32.8427,11.909,1.3551,30.0198,0,5.3014
1905,24.566,38.2613,32.8975,12.0199,1.3473,29.7009,0,5.3638
1906,24.827,38.1988,32.7148,11.9989,1.3284,19.5924,0,5.484
1907,25.089,38.1015,32.9282,11.9111,1.3501,29.0817,0,5.1733
1908,25.351,38.0722,32.7802,11.96,1.3456,28.7812,0,5.292
1909,25.613,38.0808,32.8921,11.9412,1.3496,23.739,0,5.1887
1910,25.875,38.1927,32.8284,12.0205,1.3543,28.1983,0,5.3643
1911,26.137,38.0359,33.0213,11.9321,1.3644,27.9156,0,5.0146
1912,26.401,38.1779,32.9077,11.8779,1.3769,27.6365,0,5.2702
1913,26.664,38.1969,32.7337,12.0207,1.3684,27.3639,0,5.4632
1914,26.928,38.1214,32.7787,11.9738,1.3448,27.0956,0,5.3427
1915,27.191,37.9678,32.8687,11.8225,1.3603,31.3058,0,5.0991
1916,27.456,38.1092,32.6039,12.0084,1.3401,31.0037,0,5.5053
1917,27.72,38.1376,32.8183,11.8945,1.3615,35.0953,0,5.3193
1918,27.984,38.0441,32.6924,11.9519,1.3587,26.0732,0,5.3517
1919,28.249,38.2942,32.9383,11.9256,1.3372,25.8286,0,5.3559
1920,28.514,38.0412,32.7406,11.9555,1.3608,25.5885,0,5.3006
1921,28.779,38.1686,32.8508,12.0033,1.3475,25.3529,0,5.3178
1922,29.045,38.277,32.8783,11.9859,1.3598,25.1207,0,5.3987
1923,29.313,38.2157,32.9841,11.8973,1.352,33.1881,0,5.2316
1924,29.579,38.3579,33.281,11.8391,1.3515,28.7784,0,5.0769
1925,29.845,38.1459,32.8381,12.008,1.354,24.4473,0,5.3078
1926,30.111,38.0586,32.8709,11.9188,1.3393,28.2699,0,5.1877
1927,30.379,38.2768,33.1097,11.9596,1.3606,28.0206,0,5.1671
1928,30.646,38.0516,32.8008,11.9483,1.3553,31.7445,0,5.2508
1929,30.913,38.2237,32.8078,11.9447,1.3401,23.6027,0,5.4159
1930,31.181,38.1797,32.9144,11.9078,1.3471,23.3999,0,5.2653
1931,31.45,38.0998,32.8611,11.9337,1.3593,30.933,0,5.2387
1932,31.718,38.0447,32.8163,11.9215,1.3494,30.6716,0,5.2284
1933,31.986,38.0621,32.978,11.9616,1.344,30.4146,0,5.0841
1934,32.254,37.98,32.9518,11.954,1.3512,30.1619,0,5.0282
1935,32.523,38.0917,33.0316,11.9212,1.3607,26.1734,0,5.0601
1936,32.792,38.0254,32.8577,12.007,1.3572,25.9587,0,5.1677
1937,33.061,38.0938,32.8697,11.9556,1.3592,29.4257,0,5.2241
1938,33.331,38.1476,32.7906,12.0672,1.351,29.1873,0,5.357
1939,33.601,38.0602,32.7991,12.0385,1.3487,25.3337,0,5.2611
1940,33.872,37.8952,32.8267,11.9677,1.3539,25.131,0,5.0685
1941,34.142,38.2667,32.8456,11.9159,1.3441,28.494,0,5.4211
1942,34.413,38.3117,32.901,11.941,1.3428,28.2696,0,5.4107
1943,34.684,38.0861,32.8112,11.9022,1.3527,28.0487,0,5.2749
1944,34.955,38.1773,32.9196,11.9835,1.3477,27.8313,0,5.2577
1945,35.226,38.1617,32.9503,11.9722,1.3512,27.6171,0,5.2114
1946,35.499,38.2839,33.0143,11.922,1.3574,27.4048,0,5.2696
1947,35.771,38.09,33.1063,11.9968,1.3598,27.1964,0,4.9837
1948,36.043,38.172,32.8992,11.9823,1.3584,26.9911,0,5.2728
1949,36.317,37.9137,32.8093,11.9588,1.3598,26.7875,0,5.1044
1950,36.59,38.0254,32.8596,11.9888,1.3692,29.9111,0,5.1658
1951,36.864,38.1144,32.7431,11.9192,1.3575,26.39,0,5.3713
1952,37.137,38.1359,32.5049,11.9542,1.3705,26.196,0,5.631
1953,37.411,38.2771,32.9523,11.9616,1.3461,26.0042,0,5.3248
1954,37.685,38.129,32.9213,11.9127,1.3641,25.8151,0,5.2077
1955,37.959,38.2254,33,11.9851,1.3616,28.8323,0,5.2254
1956,38.234,38.0671,32.9661,12.028,1.3415,28.625,0,5.101
1957,38.509,38.2512,33.0573,12.0235,1.3505,25.2627,0,5.1939
1958,38.785,38.1755,33.2019,11.9434,1.3514,25.0829,0,4.9736
1959,39.06,38.1118,32.8129,11.9398,1.3519,24.9063,0,5.2989
1960,39.336,38.0634,33.1029,11.9556,1.3616,24.7316,0,4.9605
1961,39.612,38.1249,32.9688,12.0384,1.3599,24.5593,0,5.1561
1962,39.888,38.0403,32.9265,11.9095,1.3472,24.3893,0,5.1138
1963,40.164,38.172,33.1038,11.9779,1.3559,24.2217,0,5.0682
1964,40.441,38.1158,33.0197,11.9252,1.3485,24.0558,0,5.0961
1965,40.718,38.0848,33.0604,12.0003,1.3469,26.8787,0,5.0244
1966,40.995,38.1856,32.9637,12.0264,1.3598,29.6634,0,5.2219
1967,41.272,38.1617,32.9368,11.9094,1.3507,29.4643,0,5.2249
1968,41.55,38.205,33.0027,11.8621,1.3528,26.3405,0,5.2023
1969,41.828,38.0272,32.8924,12.0487,1.3561,29.0727,0,5.1348
1970,42.106,38.0269,32.7406,12.0126,1.3541,28.8807,0,5.2863
1971,42.385,38.2684,32.9695,11.8838,1.3466,28.6906,0,5.2989
1972,42.664,38.2961,33.1537,12.0171,1.352,25.6527,0,5.1424
1973,42.943,38.1152,32.9644,11.9712,1.3506,28.3178,0,5.1508
1974,43.223,38.0671,32.1228,11.9718,1.355,28.1344,0,5.9443
1975,43.503,38.0154,31.9327,12.049,1.3553,25.158,0,6.0827
1976,43.784,38.1514,32.4326,11.954,1.3395,27.7739,0,5.7188
1977,44.064,38.1878,32.5174,11.9944,1.3393,27.5974,0,5.6704
1978,44.346,38.0206,32.202,11.9936,1.3467,27.4219,0,5.8186
1979,44.627,38.1662,32.3052,11.941,1.357,27.2492,0,5.861
1980,44.908,38.1302,32.2355,11.9956,1.3434,27.0787,0,5.8947
1981,45.19,38.0877,32.3173,11.9867,1.3469,26.9098,0,5.7704
1982,45.472,38.1187,32.319,12.0041,1.355,29.4172,0,5.7997
1983,45.755,38.0929,32.3121,11.9726,1.3439,29.2352,0,5.7808
1984,46.038,37.9741,32.2157,11.9718,1.3707,26.4141,0,5.7584
1985,46.321,38.1273,32.2439,12.0013,1.3602,31.5033,0,5.8834
1986,46.604,38.3614,32.3792,11.8933,1.3544,26.0933,0,5.9822
1987,46.888,38.0059,31.9834,11.9738,1.3627,25.9352,0,6.0225
1988,47.171,38.0912,32.389,11.9576,1.3469,25.7796,0,5.7022
1989,47.455,38.0865,33.7613,11.956,1.3415,28.1879,0,4.3252
1990,47.739,38.153,32.6012,11.8961,1.3618,28.0202,0,5.5518
1991,48.023,38.3252,33.0363,11.9823,1.3573,25.3223,0,5.2889
1992,48.308,38.2323,33.0693,11.9851,1.3678,27.6902,0,5.163
1993,48.593,38.0098,32.4274,12.0782,1.3432,30.0303,0,5.5824
1994,48.878,38.1302,32.5682,12.0749,1.3662,27.3673,0,5.562
1995,0,38.1669,34.508,11.9952,1.3523,,0,3.6589
1996,0.233,38.0103,32.2915,11.891,1.3718,0,0,5.7188
1997,0.468,38.1587,32.4953,12.0361,1.3638,259.8402,0,5.6634
1998,0.705,38.1354,32.2509,12.077,1.354,0,0,5.8845
1999,0.942,38.2013,32.2611,12.0167,1.3653,0,0,5.9402
2000,1.177,38.1342,32.76,11.9948,1.3504,0,0,5.3742
2001,1.414,38.1772,32.1169,12.0567,1.3631,86.0008,0,6.0603
2002,1.651,38.0289,31.9904,12.0473,1.3529,73.6555,0,6.0385
2003,1.888,38.3132,32.319,12.0761,1.3572,0,0,5.9942
2004,2.124,38.2923,32.4444,12.0276,1.3608,0,0,5.8479
2005,2.361,38.265,32.1457,11.9224,1.3362,51.5058,0,6.1193
2006,2.599,38.1396,32.3844,12.0409,1.3504,0,0,5.7552
2007,2.836,38.0912,32.1661,11.9631,1.3692,0,0,5.9251
2008,3.074,38.2185,32.1016,12.0369,1.3409,39.5593,0,6.1169
2009,3.313,38.2288,32.1657,12.0021,1.3458,73.4109,0,6.0631
2010,3.552,38.2684,32.3001,11.9131,1.3585,68.4714,0,5.9683
2011,3.791,38.0899,32.2949,11.9908,1.3701,0,0,5.795
2012,4.029,38.3734,32.1712,11.9067,1.3472,0,0,6.2022
2013,4.269,38.1806,32.1915,12.0709,1.3428,0,0,5.9891
2014,4.508,38.296,32.2524,11.8981,1.3366,26.9754,0,6.0436
2015,4.748,38.2065,32.3809,11.9329,1.3575,0,0,5.8256
2016,4.988,38.321,32.3324,11.9815,1.3543,0,0,5.9886
2017,5.227,38.3338,32.2934,12.0863,1.3559,0,0,6.0404
2018,5.468,38.2185,32.178,12.0333,1.3677,44.4789,0,6.0405
2019,5.709,38.2121,32.436,11.9479,1.3454,42.6012,0,5.7761
2020,5.95,38.3235,32.1951,12.0312,1.348,20.4378,0,6.1284
2021,6.192,38.1032,32.2209,12.0587,1.3525,39.2782,0,5.8823
2022,6.434,38.0906,32.0643,12.0333,1.3629,37.8008,0,6.0263
2023,6.676,37.981,32.1486,12.0317,1.361,18.2153,0,5.8324
2024,6.918,38.1197,32.2425,12.03,1.3618,35.1562,0,5.8772
2025,7.16,38.2732,32.3448,11.9985,1.3294,33.9679,0,5.9284
2026,7.403,38.3396,32.2713,12.0142,1.3463,32.853,0,6.0683
2027,7.647,38.2558,32.1491,12.0466,1.3529,31.8047,0,6.1067
2028,7.89,38.2865,32.3511,12.0523,1.3678,30.8251,0,5.9354
2029,8.133,38.0722,32.3585,11.9786,1.3568,29.9041,0,5.7137
2030,8.377,38.1583,32.1847,11.9215,1.3615,29.0331,0,5.9736
2031,8.622,38.2581,32.276,11.8718,1.3503,28.2081,0,5.9821
2032,8.866,37.8889,32.0575,11.9924,1.3469,27.4318,0,5.8314
2033,9.11,37.9696,32.2425,12.0329,1.3513,40.0456,0,5.7271
2034,9.356,37.9758,32.0643,11.9034,1.3512,38.9927,0,5.9115
2035,9.603,38.1441,32.1338,11.973,1.3528,25.3265,0,6.0103
2036,9.848,38.0594,32.2742,11.9766,1.3615,37.0446,0,5.7852
2037,10.093,38.2529,32.4196,11.9883,1.3561,24.0969,0,5.8333
2038,10.34,38.4304,32.2577,12.0591,1.3632,35.282,0,6.1727
2039,10.588,38.2157,32.2221,12.0685,1.3621,34.4556,0,5.9936
2040,10.835,38.3039,32.2832,12.1012,1.3534,22.4467,0,6.0207
2041,11.082,38.1445,32.337,11.9509,1.3689,21.9464,0,5.8075
2042,11.33,38.0691,32.1885,12.026,1.3614,21.4661,0,5.8806
2043,11.578,38.2374,32.2243,11.8941,1.3508,21.0062,0,6.0131
2044,11.826,38.2805,32.2519,12.0846,1.3679,30.8486,0,6.0286
2045,12.075,38.0361,32.0522,11.8868,1.3588,30.2125,0,5.9839
2046,12.324,38.0693,32.2492,11.9556,1.3598,29.602,0,5.8201
2047,12.573,38.2873,32.1321,11.9669,1.3688,19.3439,0,6.1552
2048,12.822,38.1376,32.257,12.0381,1.3417,18.9682,0,5.8806
2049,13.072,38.1273,32.1194,11.9932,1.3566,18.6054,0,6.0079
2050,13.322,38.2443,32.1004,11.9722,1.3415,18.2563,0,6.1439
2051,13.573,38.172,32.2136,12.0033,1.3699,35.8374,0,5.9584
2052,13.824,38.1441,32.2153,11.9082,1.3571,35.1867,0,5.9288
2053,14.074,38.0288,32.1245,11.9932,1.3775,25.9212,0,5.9043
2054,14.325,37.9102,32.0524,11.9705,1.3422,25.4671,0,5.8578
2055,14.577,38.1462,32.2,11.8722,1.354,33.3691,0,5.9462
2056,14.828,38.1841,32.3012,11.9418,1.3517,16.4021,0,5.8829
2057,15.079,38.0656,32.0201,11.9434,1.341,32.2582,0,6.0455
2058,15.331,38.0017,32.1813,11.9667,1.3474,31.7279,0,5.8204
2059,15.583,37.994,32.1593,12.0045,1.3484,31.2148,0,5.8347
2060,15.836,38.0778,32.1152,11.9956,1.354,30.7161,0,5.9626
2061,16.089,38.0516,32.3748,11.9475,1.3599,30.2331,0,5.6768
2062,16.343,38.1493,32.2034,11.941,1.3488,29.7632,0,5.9459
2063,16.596,38.0983,32.1559,11.954,1.3546,29.3095,0,5.9424
2064,16.849,38.3,32.256,11.9548,1.3326,28.8694,0,6.044
2065,17.102,38.1701,32.2983,11.9475,1.3499,28.4423,0,5.8718
2066,17.356,38.0091,32.0269,12.0223,1.3526,28.0261,0,5.9822
2067,17.61,38.1239,32.3408,12.0401,1.3633,27.6218,0,5.7831
2068,17.864,38.2698,32.3032,11.9641,1.3371,27.2291,0,5.9666
2069,18.118,38.1841,32.326,12.0086,1.3641,33.5592,0,5.8581
2070,18.373,38.1479,32.0492,11.9685,1.3489,26.4748,0,6.0987
2071,18.628,38.2684,32.3623,12.1053,1.3513,32.6404,0,5.9061
2072,18.884,38.2547,32.2573,12.0604,1.3608,25.7584,0,5.9974
2073,19.14,38.1354,32.2524,11.9803,1.3683,25.4138,0,5.883
2074,19.397,38.1267,32.087,11.9734,1.3546,25.0771,0,6.0397
2075,19.653,38.1092,32.181,11.9491,1.3581,24.7505,0,5.9282
2076,19.909,38.2715,32.102,11.8933,1.3587,30.5403,0,6.1695
2077,20.165,38.0359,32.1039,11.8807,1.3612,30.1525,0,5.932
2078,20.422,38.1302,32.228,11.9928,1.3475,23.8185,0,5.9022
2079,20.679,38.32,32.4081,11.9483,1.3334,29.4031,0,5.9119
2080,20.936,38.2736,32.228,12.0507,1.3521,34.8505,0,6.0456
2081,21.193,38.2684,32.3633,11.9228,1.3405,34.4279,0,5.9051
2082,21.451,38.1982,32.2306,11.9447,1.3578,34.0139,0,5.9676
2083,21.71,38.067,32.0884,12.0854,1.3677,28.0067,0.062893082,5.9786
2084,21.968,38.193,32.2794,11.8921,1.3586,33.2134,1.017388087,5.9136
2085,22.226,38.3039,32.2679,12.0337,1.3589,32.8278,1.971883093,6.036
2086,22.486,38.2262,32.0235,11.9697,1.3557,21.6322,2.933777284,6.2027
2087,22.746,38.2426,32.1847,12.136,1.3503,21.3849,3.895671476,6.0579
2088,23.005,38.3047,32.1067,12.4848,1.3548,31.7162,4.853866075,6.198
2089,23.265,38.5093,32.004,13.0463,1.3491,31.3618,5.815760266,6.5053
2090,23.526,38.4044,31.7012,13.4734,1.3308,20.6759,6.781354051,6.7032
2091,23.786,38.6367,31.7941,14.1994,1.3485,30.6748,7.743248243,6.8426
2092,24.046,39.0704,31.5089,14.9138,1.3615,20.2288,8.705142434,7.5615
2093,24.307,39.3251,31.5005,15.591,1.3486,30.0173,9.670736219,7.8246
2094,24.568,39.7469,31.3515,16.5045,1.3536,24.7487,10,8.3954
2095,24.829,39.9915,30.8871,17.26,1.3624,24.4885,10,9.1044
2096,25.091,40.3542,31.0575,17.9862,1.3614,24.2328,10,9.2967
2097,25.353,40.5349,31.0937,18.1878,1.3486,28.7789,10,9.4412
2098,25.615,40.4954,31.0206,18.1737,1.3588,28.4845,10,9.4748
2099,25.877,40.5556,31.0024,18.2576,1.361,28.1961,10,9.5532
2100,26.139,40.5495,31.0117,18.3396,1.3381,27.9135,10,9.5378
2101,26.402,40.7012,31.1563,18.3815,1.367,27.6354,10,9.5449
2102,26.665,40.5887,31.1071,18.2941,1.3632,27.3629,10,9.4816
2103,26.929,40.7206,31.2768,18.3616,1.355,27.0946,10,9.4438
2104,27.192,40.5233,31.0324,18.3723,1.353,26.8326,10,9.4909
2105,27.456,40.812,31.2003,18.2463,1.3441,26.5746,10,9.6117
2106,27.72,40.7466,31.0418,18.4729,1.3501,26.3215,10,9.7048
2107,27.984,40.7724,31.3243,18.1673,1.3619,26.0732,10,9.4481
2108,28.249,40.6665,31.046,18.3113,1.3613,30.1333,10,9.6205
2109,28.514,40.4954,30.9204,18.3948,1.3556,25.5885,10,9.575
2110,28.779,40.6996,31.2683,18.1473,1.363,25.3529,10,9.4313
2111,29.045,40.5436,31.1401,18.2421,1.3585,33.4943,10,9.4035
2112,29.313,40.6298,30.9713,18.2454,1.3632,33.1881,10,9.6585
2113,29.579,40.4325,30.9951,18.3276,1.3536,28.7784,10,9.4374
2114,29.845,40.6262,31.1608,18.3145,1.3559,24.4473,10,9.4654
2115,30.111,40.6734,31.0662,18.2207,1.3359,28.2699,10,9.6072
2116,30.379,40.6176,31.0036,18.2247,1.3492,32.0235,10,9.614
2117,30.646,40.6507,30.99,18.2542,1.3604,27.7764,10,9.6607
2118,30.913,40.6525,30.7711,18.2845,1.3454,27.5365,10,9.8814
2119,31.181,40.5577,31.0783,18.1808,1.3585,27.2998,10,9.4794
2120,31.45,40.6263,31.08,18.326,1.3408,23.1997,10,9.5463
2121,31.718,40.7223,31.1852,18.3162,1.3539,26.8376,10,9.5371
2122,31.986,40.6752,31.1621,18.2746,1.3347,30.4146,10,9.5131
2123,32.254,40.801,31.0644,18.4162,1.3497,30.1619,10,9.7366
2124,32.523,40.8131,31.2649,18.2602,1.3479,29.9124,10,9.5482
2125,32.792,40.6399,30.9018,18.4011,1.3517,29.667,10,9.7381
2126,33.061,40.6469,31.2989,18.1628,1.3409,25.7474,10,9.348
2127,33.331,40.6996,31.2089,18.3751,1.3601,21.8905,10,9.4907
2128,33.601,40.7345,30.9578,18.4729,1.3484,25.3337,10,9.7767
2129,33.872,40.707,31.1971,18.1752,1.3476,25.131,10,9.5099
2130,34.142,40.8051,31.2692,18.2107,1.3549,28.494,10,9.5359
2131,34.413,40.7852,31.1584,18.2367,1.3516,28.2696,10,9.6268
2132,34.684,40.676,31.0884,18.3604,1.3715,21.0365,10,9.5876
2133,34.955,40.7587,31.2571,18.189,1.3613,24.3523,10,9.5016
2134,35.226,40.7258,31.2636,18.3097,1.3426,27.6171,10,9.4622
2135,35.499,40.546,31.1071,18.2315,1.3593,27.4048,10,9.4389
2136,35.771,40.5728,30.925,18.231,1.3545,27.1964,10,9.6478
2137,36.043,40.6647,31.029,18.4242,1.3549,26.9911,10,9.6357
2138,36.317,40.6537,31.1023,18.2433,1.354,26.7875,10,9.5514
2139,36.59,40.5883,31.043,18.2189,1.3567,26.5876,10,9.5453
2140,36.864,40.738,31.3141,18.184,1.3428,26.39,10,9.4239
2141,37.137,40.6385,31.0121,18.2774,1.3554,26.196,10,9.6264
2142,37.411,40.7497,31.1071,18.2578,1.3444,26.0042,10,9.6426
2143,37.685,40.6864,31.0713,18.2075,1.3505,25.8151,10,9.6151
2144,37.959,40.6589,31.2588,18.3193,1.3659,28.8323,10,9.4001
2145,38.234,40.7921,31.3311,18.2267,1.3412,25.4444,10,9.461
2146,38.509,40.5251,30.7053,18.2925,1.3429,31.5784,10,9.8198
2147,38.785,40.652,31.0093,18.2531,1.3666,28.2183,10,9.6427
2148,39.06,40.6298,31.0664,18.359,1.3538,31.1329,10,9.5634
2149,39.336,40.6922,31.2399,18.3523,1.3587,30.9145,10,9.4523
2150,39.612,40.6996,31.2123,18.2827,1.3391,30.6991,10,9.4873
2151,39.888,40.6391,31.2581,18.3081,1.3573,24.3893,10,9.381
2152,40.164,40.7171,31.1954,18.2363,1.361,27.2494,10,9.5217
2153,40.441,40.676,31.141,18.4374,1.3579,24.0558,10,9.535
2154,40.718,40.6158,31.1343,18.2544,1.3501,23.8922,10,9.4815
2155,40.995,40.6063,31.0644,18.3787,1.3604,23.7307,10,9.5419
2156,41.272,40.6385,31.1818,18.3167,1.3548,23.5715,10,9.4567
2157,41.55,40.7018,31.0076,18.2689,1.3795,26.3405,10,9.6942
2158,41.828,40.6577,31.0494,18.2681,1.3658,26.1654,10,9.6083
2159,42.106,40.528,31.0816,18.3632,1.3657,28.8807,10,9.4464
2160,42.385,40.6244,31.0145,18.235,1.3397,28.6906,10,9.6099
2161,42.664,40.577,31.1309,18.2087,1.3587,25.6527,10,9.4461
2162,42.943,40.6382,31.0437,18.2876,1.3481,28.3178,10,9.5945
2163,43.223,40.6769,31.0324,18.3995,1.3517,28.1344,10,9.6445
2164,43.503,40.6123,30.9478,18.3145,1.3652,27.9533,10,9.6645
2165,43.784,40.5163,30.9323,18.1884,1.3455,27.7739,10,9.584
2166,44.064,40.5006,31.0273,18.259,1.3583,27.5974,10,9.4733
2167,44.346,40.6944,30.9917,18.2738,1.3686,30.1641,10,9.7027
2168,44.627,40.738,31.1614,18.2279,1.3358,27.2492,10,9.5766
2169,44.908,40.6416,31.2034,18.2059,1.358,27.0787,10,9.4382
2170,45.19,40.6967,31.0179,18.1972,1.3683,26.9098,10,9.6788
2171,45.472,40.6244,31.0214,18.3752,1.3476,29.4172,10,9.603
2172,45.755,40.6298,31.1937,18.2787,1.3469,26.5775,10,9.4361
2173,46.038,40.6507,31.1716,18.2363,1.3428,29.0555,10,9.4791
2174,46.321,40.6717,31.2335,18.2794,1.3744,26.2527,10,9.4382
2175,46.604,40.7243,31.0403,18.2464,1.3487,28.7026,10,9.684
2176,46.888,40.6604,31.1326,18.1481,1.362,25.9352,10,9.5278
2177,47.171,40.7156,31.1232,18.2718,1.3332,25.7796,10,9.5924
2178,47.455,40.7153,31.1173,18.3508,1.3531,25.6254,10,9.598
2179,47.739,40.6469,31.0477,18.3584,1.3503,28.0202,10,9.5992
2180,48.023,40.8482,31.2874,18.2901,1.3665,25.3223,10,9.5608
2181,48.308,40.6595,30.9646,18.3456,1.3513,25.1729,10,9.6949
2182,48.593,40.5829,31.0613,18.3468,1.3615,25.0252,10,9.5216
2183,48.878,40.6926,30.9591,18.1481,1.3485,29.8552,10,9.7335
2184,49.163,40.5504,31.061,18.1311,1.3701,29.6821,10,9.4894
2185,49.449,40.5948,31.0868,18.2397,1.349,29.5104,10,9.508
2186,49.735,40.6787,31.1414,18.1815,1.3485,24.4506,10,9.5373
2187,50.021,40.7101,31.1784,18.1922,1.3605,26.7419,10,9.5317
2188,50.309,40.5745,31.0231,18.3126,1.3468,29.006,10,9.5514
2189,50.596,40.6411,30.9255,18.2311,1.347,26.438,10,9.7156
2190,50.883,40.5986,31.0239,18.3859,1.351,28.6788,10,9.5747
2191,51.17,40.7747,31.1784,18.284,1.3621,28.5179,10,9.5963
2192,51.459,40.5797,30.8975,18.3389,1.3603,28.3578,10,9.6822
2193,51.747,40.7304,31.1418,18.3657,1.3497,28.1999,10,9.5886
2194,52.035,40.5076,31.0343,18.267,1.3461,25.7069,10,9.4733
2195,52.324,40.7188,31.102,18.3546,1.3395,27.889,10,9.6168
2196,52.614,40.656,31.1495,18.2806,1.3554,27.7352,10,9.5065
2197,52.903,40.6449,31.1156,18.4577,1.345,25.2851,10,9.5293
2198,53.192,40.8672,31.2975,18.1409,1.3542,27.4339,10,9.5697
2199,53.482,40.5582,30.9035,18.3034,1.3571,27.2851,10,9.6547
2200,53.772,40.642,31.1003,18.3069,1.3547,27.138,10,9.5417
2201,54.064,40.5251,31.2276,18.1916,1.3519,26.9914,10,9.2975
2202,54.355,40.738,31.2819,18.2822,1.3576,26.8469,10,9.4561
2203,54.646,40.7206,31.1326,18.2255,1.3597,28.9292,10,9.588
2204,54.937,40.6468,31.1232,18.3237,1.3611,26.5625,10,9.5236
2205,55.229,40.7642,31.1886,18.2575,1.3385,26.422,10,9.5756
2206,55.521,40.7555,31.1818,18.2893,1.3646,26.2831,10,9.5737
2207,55.814,40.5763,31.1143,18.2657,1.3454,26.1451,10,9.462
2208,56.107,40.6019,31.0104,18.3899,1.3519,26.0086,10,9.5915
2209,56.4,40.4822,31.0145,18.279,1.3596,28.0296,10,9.4677
2210,56.693,40.5687,30.9578,18.3213,1.3551,27.8847,10,9.6109
2211,56.987,40.7415,30.9476,18.2425,1.3618,27.7408,10,9.7939
2212,57.28,40.5848,30.9302,18.3123,1.3534,27.5989,10,9.6546
2213,57.574,40.5745,31.1418,18.2684,1.3421,25.3459,10,9.4327
2214,57.868,40.5745,31.0059,18.3748,1.3559,29.4199,10,9.5686
2215,58.163,40.5298,31.0128,18.2177,1.35,29.2707,10,9.517
2216,58.459,40.7118,31.1886,18.3612,1.3278,29.1225,10,9.5232
2217,58.755,40.4265,30.937,18.3822,1.3594,28.9758,10,9.4895
2218,59.051,40.5986,31.0472,18.1693,1.3366,28.8305,10,9.5514
2219,59.347,40.6779,31.0918,18.2259,1.3601,28.6868,10,9.5861
2220,59.643,40.5324,31.1003,18.3161,1.3537,24.4666,10,9.4321
2221,59.939,40.8971,31.2106,18.2027,1.346,28.4034,10,9.6865
2222,60.235,40.6036,31.0206,18.3276,1.3599,28.2638,10,9.583
2223,60.533,40.7311,31.0902,18.2173,1.359,28.1247,10,9.6409
2224,60.831,40.6503,30.9647,18.2063,1.3518,27.9869,10,9.6856
2225,61.128,40.6473,31.1132,18.2853,1.3564,27.8509,10,9.5341
2226,61.426,40.6692,31.1433,18.2502,1.3445,27.7158,10,9.5259
2227,61.724,40.6331,31.1958,18.2118,1.3363,23.6417,10,9.4373
2228,62.022,40.7764,31.1396,18.3173,1.3483,27.4495,10,9.6368
2229,62.321,40.7014,31.0869,18.342,1.3401,27.3178,10,9.6145
2230,62.62,40.553,30.8632,18.2143,1.3445,27.1874,10,9.6898
2231,62.919,40.7432,31.129,18.1984,1.3513,27.0582,10,9.6142
2232,63.218,40.6804,31.179,18.2315,1.359,26.9302,10,9.5014
2233,63.518,40.567,31.0944,18.3645,1.3527,26.803,10,9.4726
2234,63.818,40.6839,31.2411,18.2622,1.3628,26.677,10,9.4428
2235,64.118,40.3327,30.8525,18.2059,1.3675,28.4488,10,9.4802
2236,64.419,40.7303,31.0392,18.0906,1.3795,26.4281,10,9.6911
2237,64.72,40.5906,30.917,18.162,1.3404,28.1841,10,9.6736
2238,65.021,40.3967,31.0104,18.2516,1.3594,26.1834,10,9.3863
2239,65.324,40.7468,30.9866,18.3173,1.359,26.062,10,9.7602
2240,65.627,40.6612,31.27,18.1828,1.3524,27.7946,10,9.3912
2241,65.929,40.7243,31.1728,18.3245,1.3462,27.6673,10,9.5515
2242,66.231,40.4605,31.0613,18.2155,1.3608,29.3772,10,9.3992
2243,66.535,40.4675,31.0969,18.2254,1.3561,29.243,10,9.3706
2244,66.838,40.6847,31.1195,18.222,1.3473,27.291,10,9.5652
2245,67.142,40.6647,31.0193,18.2826,1.3543,28.9786,10,9.6454
2246,67.446,40.7691,31.1886,18.3081,1.3497,27.045,10,9.5805
2247,67.75,40.6992,31.0307,18.2147,1.3422,28.7186,10,9.6685
2248,68.055,40.8497,31.2106,18.2738,1.3452,28.5899,10,9.6391
2249,68.36,40.6787,30.9866,18.1301,1.3602,26.6834,10,9.6921
2250,68.665,40.5949,31.0375,18.2769,1.3487,28.3359,10,9.5574
2251,68.97,40.6507,31.0952,18.3158,1.3507,28.2106,10,9.5555
2252,69.275,40.6158,31.0602,18.2726,1.354,28.0864,10,9.5556
2253,69.581,40.674,31.2276,18.2646,1.3532,27.9628,10,9.4464
2254,69.888,40.6211,30.9272,18.2642,1.3437,27.84,10,9.6939
2255,70.194,40.5246,30.8458,18.2909,1.3449,27.7187,10,9.6788
2256,70.501,40.7896,31.0231,18.2297,1.3668,27.598,10,9.7665
2257,70.808,40.6606,31.1519,18.2874,1.3647,27.4783,10,9.5087
2258,71.115,40.7122,31.1195,18.2165,1.349,27.3597,10,9.5927
2259,71.425,40.738,31.0952,18.3448,1.3574,27.2409,10,9.6428
2260,71.733,40.6158,30.9921,18.3445,1.3497,27.124,10,9.6237
2261,72.041,40.5897,30.9459,18.3306,1.3531,27.008,10,9.6438
2262,72.35,40.4403,30.976,18.2183,1.3705,28.5734,10,9.4643
2263,72.659,40.674,31.2021,18.2782,1.3554,26.7783,10,9.4719
2264,72.968,40.5635,30.9153,18.2458,1.345,26.6649,10,9.6482
2265,73.277,40.6451,30.9715,18.3284,1.3497,26.5524,10,9.6736
2266,73.587,40.7587,31.2335,18.3133,1.3615,26.4406,10,9.5252
2267,73.897,40.927,31.2606,18.3669,1.349,29.6209,10,9.6664
2268,74.207,40.5229,31.0575,18.3228,1.3458,26.2197,10,9.4654
2269,74.518,40.4489,30.8097,18.3173,1.3629,26.1102,10,9.6392
2270,74.83,40.4219,31.0053,18.1824,1.3527,27.6265,10,9.4166
2271,75.142,40.5522,31.061,18.2704,1.3446,25.8934,10,9.4912
2272,75.454,40.6124,31.0506,18.2723,1.3527,27.398,10,9.5618
2273,75.766,40.7686,31.2141,18.3622,1.3488,25.6802,10,9.5545
2274,76.079,40.5355,30.9578,18.2043,1.3491,25.5745,10,9.5777
2275,76.392,40.5373,31.0256,18.2563,1.3579,27.0616,10,9.5117
2276,76.705,40.6546,30.9764,18.3572,1.3503,28.5365,10,9.6782
2277,77.019,40.4465,30.951,18.3121,1.3705,28.4202,10,9.4955
2278,77.333,40.6752,30.9951,18.2297,1.3484,26.7323,10,9.6801
2279,77.647,40.6721,30.9917,18.186,1.3553,26.6242,10,9.6804
2280,77.961,40.5163,31.1326,18.2786,1.3575,26.517,10,9.3837
2281,78.275,40.738,31.1358,18.4418,1.3558,26.4106,10,9.6022
2282,78.59,40.6818,30.9035,18.4238,1.3552,27.8521,10,9.7783
2283,78.905,40.6348,31.1797,18.2463,1.351,26.1997,10,9.4551
2284,79.22,40.3767,30.9798,18.335,1.3429,29.1656,10,9.3969
2285,79.537,40.5914,31.1563,18.2869,1.3499,27.5204,10,9.4351
2286,79.853,40.6979,31.1132,18.2418,1.3509,27.4115,10,9.5847
2287,80.169,40.6294,31.2531,18.172,1.3496,27.3035,10,9.3763
2288,80.486,40.8131,31.3328,18.1445,1.3503,28.7068,10,9.4803
2289,80.803,40.5948,30.9577,18.2342,1.3503,27.0893,10,9.6371
2290,81.12,40.6665,31.0749,18.3567,1.3515,26.9834,10,9.5916
2291,81.438,40.7206,31.055,18.1197,1.3573,28.3713,10,9.6656
2292,81.756,40.5418,30.9973,18.2449,1.3671,26.7735,10,9.5445
2293,82.074,40.6211,31.1715,18.1285,1.3526,26.6698,10,9.4496
2294,82.394,40.5848,31.2847,18.3,1.3457,28.0421,10,9.3001
2295,82.713,40.6525,31.0813,18.429,1.367,29.4041,10,9.5712
2296,83.034,40.4168,31.2005,18.2387,1.3419,26.3614,10,9.2163
2297,83.354,40.5931,31.1151,18.3835,1.354,27.7191,10,9.478
2298,83.675,40.436,30.9527,18.2718,1.3432,26.1595,10,9.4833
2299,83.995,40.6857,31.1715,18.2546,1.3556,28.9553,10,9.5142
2300,84.316,40.4273,30.9662,18.2474,1.347,25.9606,10,9.4611
2301,84.637,40.7223,31.1884,18.2992,1.3568,27.2989,10,9.5339
2302,84.958,40.6525,31.2072,18.2323,1.3493,28.6271,10,9.4453
2303,85.279,40.5425,31.0418,18.3649,1.357,27.0934,10,9.5007
2304,85.601,40.6382,30.8923,18.2878,1.3707,25.5709,10,9.7459
2305,85.924,40.6502,31.1986,18.2094,1.356,28.3053,10,9.4516
2306,86.246,40.8532,31.3769,18.3489,1.3567,28.1996,10,9.4763
2307,86.569,40.7826,31.1954,18.2559,1.3456,28.0944,10,9.5872
2308,86.892,40.5547,30.9779,18.186,1.3452,27.99,10,9.5768
2309,87.216,40.6577,30.9272,18.3668,1.3624,27.886,10,9.7305
2310,87.54,40.5126,30.82,18.3101,1.3738,25.0045,10,9.6926
2311,87.864,40.5659,30.999,18.2154,1.3581,26.2963,10,9.5669
2312,88.188,40.5421,31.1088,18.275,1.3578,27.5786,10,9.4333
2313,88.513,40.7276,31.0732,18.2391,1.357,27.4774,10,9.6544
2314,88.839,40.6158,31.231,18.2235,1.3487,27.3765,10,9.3848
2315,89.164,40.6954,31.175,18.2355,1.357,27.2767,10,9.5204
2316,89.49,40.6382,31.0971,18.2732,1.3364,27.1774,10,9.5411
2317,89.817,40.6416,31.1694,18.2799,1.3474,27.0784,10,9.4722
2318,90.143,40.6385,31.2016,18.2409,1.3523,26.9805,10,9.4369
2319,90.47,40.5094,30.9255,18.3145,1.3497,26.883,10,9.5839
2320,90.798,40.7084,31.063,18.2243,1.3348,28.1252,10,9.6454
2321,91.125,40.5694,30.9577,18.2704,1.3436,26.6898,10,9.6117
2322,91.454,40.6507,31.1512,18.3303,1.3541,26.5937,10,9.4995
2323,91.782,40.7363,31.08,18.3452,1.346,26.4987,10,9.6563
2324,92.11,40.6682,31.0206,18.3201,1.3447,27.7246,10,9.6476
2325,92.439,40.7828,31.2301,18.2371,1.3513,26.3104,10,9.5527
2326,92.768,40.5827,30.7592,18.2889,1.3509,27.5279,10,9.8235
2327,93.097,40.7972,31.2038,18.202,1.3544,27.4306,10,9.5934
2328,93.427,40.5949,30.8087,18.3476,1.3451,26.0321,10,9.7862
2329,93.757,40.5349,31.0162,18.2867,1.3593,27.2375,10,9.5187
2330,94.087,40.7484,31.0541,18.2921,1.3579,27.142,10,9.6943
2331,94.418,40.6663,31.0952,18.2718,1.3586,28.3348,10,9.5711
2332,94.749,40.7118,31.1959,18.3704,1.3535,26.9524,10,9.5159
2333,95.08,40.5298,31.0592,18.2337,1.3396,26.8585,10,9.4706
2334,95.412,40.6726,31.116,18.3984,1.352,28.0396,10,9.5566
2335,95.745,40.6193,31.1023,18.2268,1.3578,26.672,10,9.517
2336,96.077,40.6527,31.1275,18.275,1.3399,26.5798,10,9.5252
2337,96.41,40.6246,31.1038,18.1401,1.3656,25.2267,10,9.5208
2338,96.743,40.6996,31.3277,18.2822,1.3517,27.6538,10,9.3719
2339,97.076,40.6961,31.0324,18.2522,1.3516,27.559,10,9.6637
2340,97.411,40.7346,31.1246,18.226,1.3367,26.2158,10,9.61
2341,97.745,40.6731,31.0042,18.3065,1.3401,27.3703,10,9.6689
2342,98.079,40.5146,30.8895,18.4074,1.3291,28.517,10,9.6251
2343,98.414,40.4902,30.9915,18.2886,1.3689,27.1843,10,9.4987
2344,98.749,40.7862,31.0868,18.3476,1.3485,27.0921,10,9.6994
2345,99.084,40.5126,31.1487,18.1941,1.3669,27.0005,10,9.3639
2346,99.421,40.5408,30.8441,18.2446,1.3685,28.1321,10,9.6967
2347,99.758,40.8137,31.0334,18.3763,1.358,26.818,10,9.7803
2348,100.094,40.6023,31.2106,18.2327,1.3545,27.9429,10,9.3917
2349,100.432,40.6391,31.1495,18.2574,1.3303,27.8489,10,9.4896
2350,100.77,40.612,31.1309,18.3129,1.3544,26.5487,10,9.4811
2351,101.108,40.6542,31.0888,18.2331,1.3469,27.6627,10,9.5654
2352,101.447,40.5814,31.0526,18.2299,1.378,27.5703,10,9.5288
2353,101.786,40.6106,31.0888,18.2283,1.3364,27.4784,10,9.5218
2354,102.125,40.6263,31.0982,18.2418,1.3434,27.3872,10,9.5281
2355,102.465,40.5879,31.0324,18.2111,1.3423,28.4831,10,9.5555
2356,102.806,40.6944,31.0715,18.2279,1.3513,27.2058,10,9.6229
2357,103.147,40.656,31.0935,18.3372,1.3533,25.9369,10,9.5625
2358,103.489,40.7694,31.1665,18.338,1.3321,25.8512,10,9.6029
2359,103.831,40.649,31.1621,18.3823,1.3331,25.766,10,9.4869
2360,104.172,40.6281,31.1884,18.281,1.3333,25.6817,10,9.4397
2361,104.514,40.6665,31.149,18.3831,1.3434,25.5977,10,9.5175
2362,104.856,40.6176,31.085,18.2103,1.3479,27.8336,10,9.5326
2363,105.198,40.5844,30.8651,18.3739,1.3542,26.5872,10,9.7193
2364,105.541,40.5792,30.9365,18.3077,1.3565,26.5008,10,9.6427
2365,105.884,40.7188,31.1245,18.2159,1.3597,27.5634,10,9.5943
2366,106.227,40.6804,31.2242,18.261,1.339,27.4744,10,9.4562
2367,106.571,40.649,31.0223,18.3867,1.3573,27.3857,10,9.6267
2368,106.916,40.6139,31.2581,18.2881,1.3472,27.2974,10,9.3558
2369,107.26,40.7516,31.1682,18.2522,1.3555,27.2098,10,9.5834
2370,107.606,40.6001,31.0579,18.2411,1.3534,27.1223,10,9.5422
2371,107.952,40.5495,31.085,18.413,1.349,25.9089,10,9.4645
2372,108.297,40.6141,31.102,18.2841,1.3557,26.9493,10,9.5121
2373,108.643,40.5914,30.9323,18.3696,1.3578,26.8634,10,9.6591
2374,108.989,40.8026,31.2446,18.2977,1.3576,27.8939,10,9.558
2375,109.335,40.5418,31.1328,18.2913,1.3471,27.8056,10,9.409
2376,109.682,40.5931,30.9816,18.2826,1.3604,26.609,10,9.6115
2377,110.029,40.5751,31.0155,18.1752,1.3442,27.6303,10,9.5596
2378,110.377,40.5751,31.2412,18.3073,1.3578,28.6449,10,9.3339
2379,110.726,40.6682,31.0562,18.2083,1.3627,27.4563,10,9.612
2380,111.074,40.6525,31.3125,18.28,1.3588,27.3703,10,9.34
2381,111.423,40.4902,31.0087,18.333,1.3527,27.2846,10,9.4815
2382,111.772,40.5281,31.1557,18.4146,1.366,26.1114,10,9.3724
2383,112.121,40.5441,30.917,18.3105,1.3476,28.1993,10,9.6271
2384,112.472,40.5984,31.1597,18.3177,1.355,28.1113,10,9.4387
2385,112.822,40.6019,31.2072,18.3025,1.343,28.0241,10,9.3947
2386,113.172,40.6263,30.9391,18.3224,1.3705,26.8629,10,9.6872
2387,113.523,40.6246,31.1264,18.3077,1.3745,26.7799,10,9.4982
2388,113.874,40.387,30.8899,18.3528,1.3582,27.7652,10,9.4971
2389,114.226,40.6717,31.1309,18.3572,1.3668,27.6796,10,9.5408
2390,114.578,40.7537,31.248,18.1962,1.3696,26.5333,10,9.5057
2391,114.93,40.8201,31.1283,18.2506,1.3595,27.5101,10,9.6918
2392,115.282,40.6663,31.046,18.2418,1.3538,27.4261,10,9.6203
2393,115.635,40.649,31.1818,18.3436,1.3532,27.3424,10,9.4672
2394,115.988,40.4989,31.1122,18.2832,1.354,27.2592,10,9.3867
2395,116.341,40.6647,31.1733,18.2462,1.3565,29.2669,10,9.4914
2396,116.697,40.6036,31.1054,18.2965,1.3481,27.0935,10,9.4982
2397,117.051,40.6054,30.9934,18.2959,1.3606,27.0116,10,9.612
2398,117.406,40.6595,30.9986,18.1636,1.3592,29.0015,10,9.6609
2399,117.762,40.5757,30.9951,18.2571,1.3509,26.8485,10,9.5806
2400,118.117,40.5547,31.0341,18.2937,1.3519,27.7974,10,9.5206
2401,118.473,40.6089,31.0493,18.1848,1.3559,26.6874,10,9.5596
2402,118.83,40.6926,31.0206,18.1632,1.3503,27.6306,10,9.672
2403,119.186,40.6176,31.1699,18.2923,1.3417,26.5277,10,9.4477
2404,119.543,40.6663,31.1122,18.3755,1.3495,28.483,10,9.5541
2405,119.901,40.5582,30.9968,18.3484,1.3528,28.398,10,9.5614
