,Time (sec),PT1 (psi),PT2 (psi),V (V),I (A),Speed (RPM)
0,0.0,37.6645,32.0863,12.7653,1.2569,3300.0
1,0.844,37.5055,32.1426,12.7228,1.2567,3300.0
2,1.266,37.8163,31.9845,12.9114,1.2569,3300.0
3,1.688,37.9672,32.0761,12.6757,1.2602,3300.0
4,2.11,37.8019,31.8589,12.9678,1.2493,3450.0
5,2.532,37.8809,32.3748,13.0431,1.243,3300.0
6,2.954,37.96,32.1576,12.785,1.2566,3300.0
7,3.377,37.3945,31.8012,12.7676,1.2538,3300.0
8,3.8,37.9349,32.0558,12.772,1.2518,3300.0
9,4.222,37.8196,31.7707,13.0164,1.2609,3300.0
10,4.645,38.0139,32.2832,12.9792,1.2298,3300.0
11,5.068,37.9097,32.0204,12.7041,1.247,3300.0
12,5.49,37.9025,32.2323,12.758,1.2412,3300.0
13,5.912,37.6611,32.4489,12.819,1.2543,3300.0
14,6.334,37.9924,32.0829,12.8392,1.2393,3450.0
15,6.756,37.7731,31.9268,13.0908,1.2526,3300.0
16,7.178,37.7875,32.2391,12.8586,1.2541,3300.0
17,7.601,37.9349,32.0558,12.946,1.2482,3300.0
18,8.024,38.0211,32.5513,12.8991,1.2609,3300.0
19,8.446,37.9089,32.3334,12.7931,1.2543,3300.0
20,8.869,37.712,32.0965,12.7955,1.2511,3300.0
21,9.292,37.6438,31.9025,12.6741,1.2497,3300.0
22,9.714,37.7875,32.0218,12.9143,1.2396,3300.0
23,10.136,38.0067,31.9879,12.6774,1.2531,3300.0
24,10.559,38.0427,32.3443,12.7769,1.2694,3300.0
25,10.982,37.9528,32.1406,12.9776,1.2587,3300.0
26,11.405,37.7156,32.2051,12.7728,1.2401,3300.0
27,11.828,37.7166,32.1121,13.0099,1.2579,3300.0
28,12.252,37.8953,31.9098,12.8926,1.241,3300.0
29,12.676,37.9636,32.1746,12.9533,1.2643,3300.0
30,13.1,37.8091,32.2085,12.5163,1.2362,3300.0
31,13.523,37.8619,31.9947,12.9298,1.2514,3300.0
32,13.947,37.8713,32.015,12.8991,1.251,3300.0
33,14.37,37.8306,32.0878,12.9096,1.2419,3300.0
34,14.793,37.9456,32.032,12.6948,1.2479,3300.0
35,15.216,38.0211,32.2934,12.7453,1.258,3450.0
36,15.64,37.7983,32.2221,12.967,1.2556,3300.0
37,16.063,37.7516,32.4699,12.8473,1.2512,3300.0
38,16.486,38.323,32.2696,12.8934,1.246,3300.0
39,16.909,37.6797,32.0218,12.6126,1.2438,3300.0
40,17.332,37.9384,31.92,12.9355,1.2593,3300.0
41,17.756,37.824,31.9899,13.0067,1.2465,3300.0
42,18.18,37.9241,32.1746,12.9201,1.2403,3300.0
43,18.604,38.0642,32.256,12.8756,1.2556,3450.0
44,19.027,37.6504,32.1915,12.8125,1.2411,3450.0
45,19.451,37.9841,32.2594,12.7495,1.2505,3300.0
46,19.874,37.748,31.7423,12.8659,1.2727,3300.0
47,20.297,37.9097,31.9777,12.4919,1.2512,3300.0
48,20.72,37.7048,32.0015,12.6539,1.2629,3300.0
49,21.144,37.7552,31.9845,12.696,1.2567,3300.0
50,21.567,37.8989,32.2289,12.6757,1.2563,3300.0
51,21.99,38.0031,32.066,12.878,1.2553,3300.0
52,22.413,37.73,31.9641,12.8473,1.2572,3300.0
53,22.836,37.6352,31.904,12.7308,1.2516,3450.0
54,23.26,37.6537,31.7224,12.6984,1.2484,3450.0
55,23.684,37.924,32.0163,12.7842,1.2628,3450.0
56,24.108,37.8522,31.9607,12.6296,1.251,3450.0
57,24.531,37.9183,32.0626,12.892,1.2628,3450.0
58,24.955,37.7961,32.2838,12.9743,1.2718,3450.0
59,25.378,37.9169,32.151,12.8473,1.2463,3300.0
60,25.801,37.7084,32.3884,12.7113,1.2391,3300.0
61,26.224,38.1361,32.4427,12.7494,1.2508,3300.0
62,26.648,38.0678,32.0761,12.8635,1.2495,3300.0
63,27.071,38.0355,32.2662,12.9387,1.2469,3300.0
64,27.494,37.6685,32.0328,12.7032,1.2539,3300.0
65,27.917,38.1828,32.0931,12.7202,1.2492,3300.0
66,28.34,37.8129,32.0659,12.9468,1.258,3300.0
67,28.764,37.8127,31.8929,12.7364,1.2802,3300.0
68,29.188,37.8666,32.3409,12.8295,1.2632,3300.0
69,29.612,38.0427,32.1678,12.9039,1.2751,3300.0
70,30.035,37.8713,31.9675,12.6842,1.273,3300.0
71,30.459,38.0733,32.0252,12.7928,1.2583,3300.0
72,30.882,37.6537,31.9485,12.9784,1.2497,3450.0
73,31.305,37.8306,32.2255,13.0327,1.2568,3300.0
74,31.728,38.0678,32.0727,12.8465,1.2598,3300.0
75,32.152,37.7192,31.9336,12.7931,1.2319,3300.0
76,32.575,37.827,32.2017,12.8643,1.2471,3300.0
77,32.998,38.0103,31.8555,12.7599,1.2536,3300.0
78,33.421,37.7012,32.032,12.984,1.2491,3300.0
79,33.844,37.9492,32.1474,12.7057,1.266,3300.0
80,34.268,37.8055,32.0999,12.6628,1.2617,3300.0
81,34.692,38.0067,31.9064,12.594,1.2503,3300.0
82,35.116,37.9456,32.0083,12.6498,1.274,3300.0
83,35.539,37.9371,32.4291,12.544,1.3509,3300.0
84,35.963,37.9136,32.1881,12.041,1.3447,3150.0
85,36.386,37.9672,32.4502,12.3941,1.3495,3300.0
86,36.809,37.7018,32.2706,12.0579,1.3523,3150.0
87,37.232,37.7055,32.34,12.0511,1.3569,3300.0
88,37.656,37.942,32.4291,12.2671,1.3469,3150.0
89,38.079,37.6388,32.2409,12.1813,1.3588,3150.0
90,38.502,37.7875,32.0592,12.1708,1.345,3300.0
91,38.925,37.9313,32.2017,12.2881,1.3737,3150.0
92,39.348,37.4907,32.0361,12.2226,1.3432,3300.0
93,39.772,37.8234,32.3579,12.276,1.3522,3150.0
94,40.196,37.9349,32.1949,12.102,1.3477,3300.0
95,40.62,37.7911,32.1983,12.1323,1.3563,3300.0
96,41.043,37.6833,32.2764,12.1055,1.3371,3150.0
97,41.467,37.7021,32.0592,12.3023,1.3553,3150.0
98,41.89,37.6222,32.3575,12.1716,1.3512,3300.0
99,42.313,37.6648,32.0163,12.1714,1.3552,3150.0
100,42.736,37.8462,32.1121,12.276,1.3599,3300.0
101,43.16,38.0499,32.3646,12.2121,1.3568,3150.0
102,43.583,37.7983,32.0083,12.0163,1.3493,3150.0
103,44.006,37.7839,32.2968,12.0948,1.3463,3300.0
104,44.429,37.978,32.2357,12.0227,1.3481,3150.0
105,44.852,37.8163,32.2594,12.0066,1.3456,3300.0
106,45.276,37.8018,32.3367,12.3602,1.3474,3150.0
107,45.7,37.7336,31.9336,12.0964,1.352,3300.0
108,46.124,37.9313,32.273,12.3666,1.357,3150.0
109,46.547,37.7115,32.0461,12.3286,1.3424,3150.0
110,46.971,37.7961,32.1576,12.1299,1.3501,3300.0
111,47.394,37.8953,32.4039,12.0252,1.3528,3150.0
112,47.817,37.8306,32.273,12.3522,1.343,3300.0
113,48.24,37.7648,32.4489,12.081,1.3481,3150.0
114,48.664,37.9995,32.0863,12.2669,1.3531,3300.0
115,49.087,38.0822,32.4291,12.4289,1.3459,3150.0
116,49.51,38.0822,32.4189,12.1701,1.3567,3150.0
117,49.933,37.8414,32.1983,12.1409,1.348,3300.0
118,50.356,37.748,32.1338,11.9847,1.3581,3150.0
119,50.78,37.6685,32.4456,12.3391,1.3597,3300.0
120,51.204,37.9528,32.0931,12.0511,1.3497,3150.0
121,51.628,37.9133,32.1542,12.3715,1.3561,3300.0
122,52.051,37.9653,32.3714,12.3071,1.3586,3150.0
123,52.475,38.0546,32.4359,12.0992,1.3562,3300.0
124,52.898,38.0175,32.1005,12.5107,1.3525,3150.0
125,53.321,37.9205,32.5174,11.8539,1.3562,3150.0
126,53.744,38.0463,32.2764,12.1935,1.339,3150.0
127,54.168,37.7408,32.4393,12.0551,1.3623,3150.0
128,54.591,37.6617,32.2323,12.1991,1.3569,3300.0
129,55.014,37.978,32.1678,12.2258,1.3592,3150.0
130,55.437,38.0606,32.273,12.4403,1.3497,3300.0
131,55.86,37.9384,32.3986,12.3553,1.3517,3150.0
132,56.284,37.8166,32.0593,11.9993,1.3478,3300.0
133,56.708,37.8953,32.1915,12.1886,1.3487,3300.0
134,57.132,37.7839,32.2085,12.2954,1.3572,3150.0
135,57.555,37.7538,32.4257,12.2693,1.3457,3300.0
136,57.979,37.6269,32.1644,11.9945,1.3395,3150.0
137,58.402,37.8917,32.2522,11.9823,1.3521,3150.0
138,58.825,38.0499,32.5411,12.085,1.3572,3300.0
139,59.248,37.8522,32.2017,12.0252,1.3399,3150.0
140,59.672,37.9816,32.4699,12.378,1.3463,3300.0
141,60.095,37.8127,32.256,12.063,1.3423,3150.0
142,60.518,37.9869,32.1616,12.0033,1.3504,3150.0
143,60.941,37.7803,32.0931,12.2533,1.3406,3150.0
144,61.364,37.9205,32.3069,12.2266,1.353,3150.0
145,61.788,37.9169,32.2255,12.1724,1.3442,3300.0
146,62.212,37.9061,32.3986,12.1409,1.3602,3150.0
147,62.636,37.8092,32.3697,12.3335,1.3454,3300.0
148,63.059,37.9183,32.385,12.4165,1.3449,3150.0
149,63.483,37.8995,32.2153,12.048,1.3499,3150.0
150,63.906,37.8953,32.2774,12.1789,1.3716,3300.0
151,64.329,37.8666,32.3171,12.0044,1.3523,3150.0
152,64.752,37.9313,32.5106,11.9701,1.3554,3300.0
153,65.176,37.9349,32.5106,12.4022,1.3572,3150.0
154,65.599,38.0283,32.2866,12.2355,1.356,3150.0
155,66.022,37.9672,32.0965,12.314,1.3525,3300.0
156,66.445,37.8378,32.0626,12.1384,1.326,3150.0
157,66.868,37.7911,32.3409,11.9418,1.3588,3300.0
158,67.292,37.7552,31.9064,12.2598,1.3523,3300.0
159,67.716,37.8018,32.0394,12.2024,1.3496,3150.0
160,68.14,37.8342,32.6599,12.119,1.3386,3300.0
161,68.563,37.6786,32.4054,12.0638,1.3547,3150.0
162,68.987,37.6598,32.368,12.3472,1.3471,3300.0
163,69.41,37.9456,32.3027,12.2566,1.357,3150.0
164,69.833,37.6426,32.056,11.9464,1.3298,3150.0
165,70.256,37.9672,32.4597,12.1401,1.3686,3150.0
166,70.68,37.6689,32.1338,12.2517,1.3459,3150.0
167,71.103,37.8163,32.2357,12.4338,1.3397,3300.0
168,71.526,37.9349,32.0388,12.4241,1.3368,3150.0
169,71.949,37.7499,32.3334,12.1271,1.3354,3150.0
170,72.372,37.8091,32.4291,12.259,1.3391,3300.0
171,72.796,37.9384,32.144,12.081,1.3642,3150.0
172,73.22,37.9025,32.2458,12.3553,1.3447,3300.0
173,73.644,37.9203,32.231,12.1263,1.3558,3150.0
174,74.067,37.8384,32.3171,12.1417,1.364,3300.0
175,74.491,38.0123,31.9472,12.3921,1.3414,3150.0
176,74.914,37.7264,32.4039,12.2566,1.3533,3150.0
177,75.337,38.1074,32.3986,12.2715,1.3432,3300.0
178,75.76,38.0202,32.0593,12.0316,1.3571,3150.0
179,76.184,37.8199,32.4223,12.237,1.3501,3300.0
180,76.607,38.1038,32.4054,12.3804,1.3703,3150.0
181,77.03,38.035,32.4522,12.2169,1.3444,3150.0
182,77.453,37.7947,32.385,12.2266,1.3507,3300.0
183,77.876,37.7129,31.9767,12.4524,1.3602,3150.0
184,78.3,37.9492,32.0218,12.0158,1.348,3300.0
185,78.724,37.7228,32.1542,12.3958,1.3491,3300.0
186,79.148,37.8306,32.144,12.2,1.3685,3150.0
187,79.571,37.7303,32.0761,12.222,1.3588,3300.0
188,79.995,38.017,32.1508,12.1835,1.355,3150.0
189,80.418,37.5611,32.5635,12.2784,1.3599,3300.0
190,80.841,37.9025,32.6294,12.356,1.3463,3150.0
191,81.264,37.7623,32.1508,12.2703,1.3435,3150.0
192,81.688,38.0427,32.4936,12.0923,1.3268,3300.0
193,82.111,37.6617,32.161,12.0373,1.3522,3150.0
194,82.534,37.8809,32.2662,12.1465,1.3476,3150.0
195,82.957,37.9564,32.3205,12.1943,1.3306,3300.0
196,83.38,37.5463,32.1644,12.2488,1.3518,3150.0
197,83.804,38.2008,32.3646,12.2464,1.3531,3300.0
198,84.228,38.0499,32.2357,12.191,1.3536,3150.0
199,84.652,38.057,32.3579,12.2258,1.342,3300.0
200,85.075,37.6457,31.9336,12.2984,1.3472,3150.0
201,85.499,37.9512,32.1101,12.0142,1.3559,3150.0
202,85.922,38.0499,32.1763,12.0079,1.3458,3300.0
203,86.345,37.7839,32.1271,12.2548,1.3622,3150.0
204,86.768,37.978,32.1949,12.2776,1.3414,3300.0
205,87.192,37.8163,32.0116,12.0106,1.3484,3150.0
206,87.615,37.8953,32.1033,12.2639,1.3645,3300.0
207,88.038,37.6941,32.1746,12.3043,1.3568,3300.0
208,88.461,37.7659,32.2085,12.3229,1.355,3150.0
209,88.884,37.8306,32.0354,12.0163,1.3607,3300.0
210,89.308,37.8199,32.4393,12.3755,1.3481,3150.0
211,89.732,37.8845,32.2662,12.0638,1.3477,3300.0
212,90.156,37.8881,32.3714,12.2671,1.3615,3150.0
213,90.579,37.7914,32.1983,12.2811,1.3446,3300.0
214,91.003,37.8431,32.4189,12.1764,1.3307,3150.0
215,91.426,37.8342,31.9614,12.1732,1.3566,3150.0
216,91.849,38.0499,32.0999,12.3763,1.3594,3300.0
217,92.272,38.0031,32.0795,12.0357,1.3492,3150.0
218,92.696,37.8881,32.256,12.2992,1.3657,3300.0
219,93.119,37.6759,32.2277,12.064,1.3586,3150.0
220,93.542,37.9888,32.2934,12.0786,1.3519,3150.0
221,93.965,37.9959,32.2119,12.011,1.3559,3300.0
222,94.388,37.942,32.4631,12.0349,1.3616,3150.0
223,94.812,37.8738,32.4223,12.2258,1.3449,3300.0
224,95.236,37.8795,32.2541,12.2792,1.3552,3150.0
225,95.66,37.8953,32.2934,12.3739,1.3499,3300.0
226,96.083,37.5564,32.2458,12.148,1.3532,3150.0
227,96.507,37.6034,32.6939,12.4039,1.364,3300.0
228,96.93,37.8881,32.328,12.3804,1.3562,3150.0
229,97.353,37.9169,32.0694,12.0928,1.3599,3150.0
230,97.776,37.7573,32.1286,12.2331,1.3364,3150.0
231,98.2,37.9995,32.3986,12.3213,1.3583,3150.0
232,98.623,37.7192,32.0422,12.276,1.3436,3300.0
233,99.046,37.6648,32.3201,12.1279,1.3608,3150.0
234,99.469,37.7552,32.5683,12.0098,1.3485,3150.0
235,99.892,37.7623,32.3307,12.0378,1.3612,3300.0
236,100.316,37.7228,32.1881,12.221,1.3529,3150.0
237,100.741,38.0906,32.2376,12.0122,1.369,3300.0
238,101.166,38.0647,32.34,12.2493,1.3478,3150.0
239,101.591,37.9536,32.4721,12.2817,1.3469,3300.0
240,102.016,37.9795,32.34,12.0697,1.3632,3300.0
241,102.44,37.688,31.9709,12.3708,1.3544,3150.0
242,102.865,37.9747,32.3273,12.2945,1.3451,3300.0
243,103.289,37.7944,32.0218,12.1433,1.3378,3150.0
244,103.713,37.7129,32.1553,12.4007,1.3504,3300.0
245,104.137,38.098,32.3895,12.0067,1.3576,3150.0
246,104.561,37.787,32.4258,12.3763,1.3578,3300.0
247,104.985,37.724,32.1881,12.1959,1.3626,3150.0
248,105.409,37.8127,32.3307,12.4241,1.3553,3300.0
249,105.833,38.0424,32.373,12.0244,1.3558,3150.0
250,106.257,38.1498,32.1517,12.2396,1.3592,3300.0
251,106.681,37.7092,32.0791,12.03,1.3364,3150.0
252,107.105,37.7944,32.2508,12.4168,1.3632,3300.0
253,107.529,37.5833,32.2706,12.098,1.3523,3150.0
254,107.954,37.6833,32.2904,12.2825,1.3411,3300.0
255,108.379,37.8721,32.0758,12.0082,1.3666,3300.0
256,108.804,37.6796,32.1881,12.1287,1.3609,3150.0
257,109.229,37.8758,31.6266,12.1538,1.3423,3300.0
258,0.0,37.802,31.4087,12.3019,1.354,3150.0
259,0.422,37.8478,31.3955,12.3019,1.3667,3300.0
260,0.844,37.9492,31.519,12.2153,1.3582,3150.0
261,1.266,37.8666,32.0049,12.2851,1.3419,3150.0
262,1.688,37.8342,31.9166,12.3585,1.3577,3300.0
263,2.11,37.845,31.8929,12.4799,1.3442,3150.0
264,2.532,38.0355,31.8725,12.153,1.3455,3150.0
265,2.954,37.9888,31.7537,11.937,1.3653,3300.0
266,3.377,37.9492,31.696,12.1166,1.3529,3300.0
267,3.8,37.633,31.6722,12.0066,1.3501,3150.0
268,4.222,37.8854,31.9438,12.0693,1.3419,3300.0
269,4.645,37.8881,31.7673,12.3796,1.3537,3150.0
270,5.068,37.8091,31.8687,12.2315,1.352,3150.0
271,5.49,37.7264,31.4991,12.3794,1.3594,3300.0
272,5.912,37.9564,31.8182,12.344,1.3677,3300.0
273,6.334,37.8594,31.8589,12.0033,1.3444,3150.0
274,6.756,37.8845,31.7265,12.0559,1.3404,3150.0
275,7.178,37.8738,31.696,12.2485,1.3497,3300.0
276,7.601,37.9241,31.6281,12.3861,1.3492,3150.0
277,8.024,37.978,31.5636,12.3165,1.3454,3150.0
278,8.446,37.9512,31.6756,12.0787,1.3586,3300.0
279,8.869,37.7875,31.4889,12.1627,1.3516,3150.0
280,9.292,37.8702,31.6623,12.3068,1.3534,3150.0
281,9.714,37.8989,31.9913,12.2773,1.3522,3300.0
282,10.136,37.8306,31.8623,12.1562,1.3655,3300.0
283,10.559,38.1325,31.4991,12.5924,1.3537,3450.0
284,10.982,38.1325,31.6315,13.4509,1.3567,3750.0
285,11.405,38.6931,31.4075,14.5705,1.3581,3900.0
286,11.828,39.1496,30.9459,15.7932,1.3556,4200.0
287,12.252,39.6455,30.6777,17.1261,1.3542,4500.0
288,12.676,40.2313,30.2094,18.7818,1.3499,4800.0
289,13.1,41.3777,29.9344,20.3194,1.3621,5100.0
290,13.523,42.9186,29.1572,21.5657,1.3446,5400.0
291,13.947,43.3839,28.7736,22.1993,1.3491,5250.0
292,14.37,43.504,28.6087,22.4183,1.359,5400.0
293,14.793,43.3435,29.2488,22.5301,1.3572,5400.0
294,15.216,43.3831,29.0757,22.4908,1.3471,5400.0
295,15.64,43.4299,28.6346,22.4585,1.3616,5400.0
296,16.063,43.2537,29.1877,22.7222,1.3723,5400.0
297,16.486,43.4262,28.6313,22.7986,1.3445,5400.0
298,16.909,43.2892,28.6049,22.8277,1.3494,5400.0
299,17.332,43.455,28.6311,22.6411,1.3699,5400.0
300,17.756,43.4298,29.0214,22.5159,1.3395,5400.0
301,18.18,43.7964,28.9298,22.8435,1.3494,5400.0
302,18.604,43.3256,28.665,22.8198,1.3542,5400.0
303,19.027,43.257,28.9773,22.5358,1.3534,5400.0
304,19.451,43.3792,29.1696,22.0467,1.3615,5400.0
305,19.874,43.5268,28.7424,22.0302,1.3684,5250.0
306,20.297,43.4442,28.5835,22.6505,1.3515,5400.0
307,20.72,43.4817,28.7766,22.5041,1.3705,5250.0
308,21.144,43.631,28.8992,22.2687,1.358,5400.0
309,21.567,43.4478,28.7159,22.0144,1.3421,5250.0
310,21.99,43.4077,28.7271,22.7293,1.3576,5250.0
311,22.413,43.4226,29.0519,22.131,1.3391,5400.0
312,22.836,43.615,28.9583,21.9727,1.345,5250.0
313,23.26,43.534,28.7567,22.2498,1.349,5400.0
314,23.684,43.5807,28.9026,22.9938,1.3511,5250.0
315,24.108,43.3507,28.8144,22.1869,1.361,5400.0
316,24.531,43.3181,28.7227,22.175,1.3629,5400.0
317,24.955,43.3698,28.665,22.3319,1.3471,5400.0
318,25.378,43.5089,28.8688,22.7301,1.3596,5250.0
319,25.801,43.5879,28.9942,22.0368,1.3347,5400.0
320,26.224,43.4478,29.0316,21.9861,1.3487,5250.0
321,26.648,43.6167,28.8958,22.7254,1.3594,5400.0
322,27.071,43.6957,29.0282,22.4884,1.3489,5400.0
323,27.494,43.401,28.9739,21.9822,1.3517,5250.0
324,27.917,43.3615,28.5835,22.7143,1.3372,5400.0
325,28.34,43.4873,28.8008,22.4931,1.3679,5400.0
326,28.764,43.2249,28.9399,21.9011,1.3497,5400.0
327,29.188,43.4262,28.7736,22.0577,1.3408,5250.0
328,29.612,43.534,28.6514,22.4624,1.3365,5400.0
329,30.035,43.2946,29.0214,22.5065,1.351,5400.0
330,30.459,43.6753,29.2588,21.9302,1.3562,5400.0
331,30.882,43.2522,28.7471,21.9774,1.3602,5250.0
332,31.305,43.5196,28.7499,22.8476,1.3482,5400.0
333,31.728,43.4334,29.0655,22.4498,1.3646,5250.0
334,32.152,43.4585,29.0723,22.0585,1.3492,5400.0
335,32.575,43.6778,28.7634,22.3364,1.3389,5400.0
336,32.998,43.7065,28.889,22.8293,1.3538,5250.0
337,33.421,43.4442,28.9433,22.1719,1.3519,5400.0
338,33.844,43.207,28.5734,22.3183,1.3555,5400.0
339,34.268,43.455,29.1062,22.697,1.3469,5400.0
340,34.692,43.5915,29.0791,22.4742,1.3539,5400.0
341,35.116,43.0488,28.889,21.8381,1.3594,5400.0
342,35.539,43.4074,28.6345,22.4638,1.3404,5400.0
343,35.963,43.4967,28.9298,22.8324,1.3507,5250.0
344,36.386,43.4262,29.1806,22.2254,1.3415,5400.0
345,36.809,43.2596,28.7007,22.2685,1.3558,5400.0
346,37.232,43.3974,28.7804,22.6647,1.3629,5400.0
347,37.656,43.5304,29.1334,22.2813,1.3678,5400.0
348,38.079,43.3364,28.9264,21.8341,1.4592,5250.0
349,38.502,43.2214,28.7465,21.6381,1.4489,5250.0
350,38.925,43.1207,29.0214,21.4507,1.4436,5250.0
351,39.348,43.437,28.9671,21.7224,1.447,5250.0
352,39.772,43.3831,29.0485,21.4279,1.4463,5250.0
353,40.196,43.3077,28.9451,21.7326,1.4442,5250.0
354,40.62,43.2249,29.1606,21.6728,1.4493,5250.0
355,41.043,43.4732,29.0673,22.0255,1.4597,5250.0
356,41.467,43.6095,29.2522,21.894,1.4506,5250.0
357,41.89,43.3651,28.7887,21.7594,1.4458,5250.0
358,42.313,43.6239,29.0893,22.0242,1.4468,5250.0
359,42.736,43.4442,28.7499,21.9633,1.4387,5250.0
360,43.16,43.3687,28.8211,22.0798,1.4587,5250.0
361,43.583,43.3579,29.13,22.0373,1.4515,5250.0
362,44.006,43.3256,29.0044,21.8389,1.4548,5250.0
363,44.429,43.3447,28.9748,21.8208,1.4359,5250.0
364,44.852,43.2896,28.7193,22.0853,1.449,5250.0
365,45.276,43.4226,28.9331,21.6413,1.4388,5250.0
366,45.7,43.3399,28.6379,21.7035,1.4627,5250.0
367,46.124,43.3939,28.9773,21.7609,1.4458,5250.0
368,46.547,43.5343,28.9946,21.3945,1.4407,5250.0
369,46.971,43.4309,29.3149,21.5143,1.4523,5250.0
370,47.394,43.3974,28.932,21.5066,1.4406,5250.0
371,47.817,43.5376,29.371,21.6106,1.464,5250.0
372,48.24,43.2645,29.035,21.7066,1.4491,5100.0
373,48.664,43.4514,29.354,21.5704,1.4482,5250.0
374,49.087,43.2929,29.1894,21.7161,1.4506,5250.0
375,49.51,43.478,29.272,21.5696,1.4505,5250.0
376,49.933,43.2645,28.9162,21.4594,1.4503,5250.0
377,50.356,43.5951,29.1096,21.5058,1.4607,5250.0
378,50.78,43.2818,29.2258,21.4618,1.4414,5250.0
379,51.204,43.6817,29.3282,21.5625,1.4547,5250.0
380,51.628,43.3507,29.3846,21.6428,1.4619,5250.0
381,52.051,43.539,29.0739,21.4436,1.4533,5250.0
382,52.475,43.3651,29.001,21.4964,1.4445,5250.0
383,52.898,43.4046,28.9193,21.4681,1.4451,5250.0
384,53.321,43.3687,29.1504,21.6057,1.4408,5250.0
385,53.744,43.4406,28.9535,21.6979,1.4367,5250.0
386,54.168,43.3867,29.0723,21.757,1.4358,5250.0
387,54.591,43.3903,28.9875,21.7082,1.4625,5250.0
388,55.014,43.2321,29.1707,21.4995,1.4572,5250.0
389,55.437,43.0337,29.0805,21.3988,1.4447,5250.0
390,55.86,43.2034,28.9637,21.4641,1.4601,5250.0
391,56.284,43.3112,28.9264,21.3334,1.4501,5250.0
392,56.708,43.2321,28.7872,21.4846,1.4485,5250.0
393,57.132,43.2896,29.1402,21.4932,1.453,5250.0
394,57.555,43.1254,28.9162,21.5657,1.4541,5250.0
395,57.979,43.5296,29.097,21.4972,1.4275,5250.0
396,58.402,43.4154,28.8351,21.731,1.4623,5250.0
397,58.825,43.2609,29.0689,21.5397,1.445,5100.0
398,59.248,43.3112,29.0689,21.6043,1.4642,5100.0
399,59.672,43.1818,28.7502,21.942,1.4566,5250.0
400,60.095,43.1207,28.8347,21.7161,1.4625,5250.0
401,60.518,43.204,29.1432,21.9373,1.4486,5250.0
402,60.941,43.3435,29.1164,21.6932,1.4345,5250.0
403,61.364,43.2824,29.1266,21.9396,1.4476,5250.0
404,61.788,43.2896,29.0316,21.694,1.4595,5250.0
405,62.212,43.3364,28.8177,21.3791,1.4533,5250.0
406,62.636,43.3633,28.8691,21.5995,1.4705,5250.0
407,63.059,43.4027,29.2786,21.4271,1.4487,5250.0
408,63.483,43.4826,28.9467,21.3815,1.4524,5250.0
409,63.906,43.631,29.2606,21.6948,1.4641,5250.0
410,64.329,43.0929,29.0111,21.4699,1.4405,5250.0
411,64.752,43.3112,29.1436,21.5444,1.4435,5250.0
412,65.176,43.286,28.9773,21.4736,1.4299,5250.0
413,65.599,43.3399,28.7397,21.7058,1.4348,5100.0
414,66.022,43.3795,29.0587,21.5484,1.4551,5250.0
415,66.445,43.401,29.0485,21.9601,1.4488,5250.0
416,66.868,43.3795,29.0418,21.8231,1.4487,5250.0
417,67.292,43.2249,29.018,21.7515,1.4565,5250.0
418,67.716,43.3373,28.8559,21.7287,1.4531,5250.0
419,68.14,43.4406,29.1504,21.8042,1.4402,5250.0
420,68.563,43.304,29.348,21.7523,1.4452,5250.0
421,68.987,43.4544,29.0044,21.5025,1.4413,5250.0
422,69.41,43.4765,29.6188,21.6562,1.4452,5250.0
423,69.833,43.2753,29.1436,21.5989,1.4618,5250.0
424,70.256,43.2753,28.9705,21.4744,1.4408,5250.0
425,70.68,43.3292,29.2149,21.3177,1.4557,5250.0
426,71.103,43.3148,28.889,21.45,1.4657,5250.0
427,71.526,43.5664,29.0655,21.705,1.4632,5250.0
428,71.949,43.2929,28.8823,21.916,1.4635,5250.0
429,72.372,43.3867,29.2522,21.9688,1.4619,5250.0
430,72.796,43.2932,29.2217,21.8546,1.4499,5250.0
431,73.22,43.3831,29.001,21.7932,1.4406,5250.0
432,73.644,43.4154,29.1538,21.5114,1.4519,5100.0
433,74.067,43.4591,29.3182,21.7113,1.4501,5250.0
434,74.491,43.8257,29.3645,21.35,1.4549,5250.0
435,74.914,43.2824,29.2059,21.6483,1.4568,5250.0
436,75.337,43.4693,29.1809,21.5115,1.4434,5250.0
437,75.76,43.3299,28.8691,21.3437,1.4669,5250.0
438,76.184,43.3579,28.9128,21.642,1.4416,5250.0
439,76.607,43.2681,29.2352,21.531,1.4635,5100.0
440,77.03,43.1099,28.777,21.7594,1.4514,5250.0
441,77.453,43.4909,29.1775,21.7035,1.4405,5250.0
442,77.876,43.1207,28.8517,22.0026,1.4636,5250.0
443,78.3,43.3364,29.2284,21.6129,1.4561,5250.0
444,78.724,43.2249,28.9908,21.9129,1.4555,5250.0
445,79.148,43.401,29.0282,21.7082,1.4489,5250.0
446,79.571,43.2523,29.3065,21.7153,1.4376,5250.0
447,79.995,43.7082,29.113,21.1594,1.5306,5100.0
448,80.418,43.1638,28.7929,21.5767,1.5397,5100.0
449,80.841,42.9967,29.1333,21.0521,1.543,5100.0
450,81.264,43.3507,29.0859,21.102,1.5641,5100.0
451,81.688,43.167,28.9616,21.3358,1.5332,5250.0
452,82.111,43.2596,28.7965,20.9941,1.5434,5100.0
453,82.534,43.3112,29.1198,21.0177,1.6378,5100.0
454,82.957,43.1746,29.0757,20.617,1.6444,5100.0
455,83.38,43.1263,28.9946,20.8335,1.647,5100.0
456,83.804,43.6023,29.3167,20.5682,1.6521,5100.0
457,84.228,43.4118,29.4389,20.7012,1.6412,5100.0
458,84.652,43.2106,28.9875,20.8083,1.6406,5100.0
459,85.075,43.5061,29.1402,20.903,1.6388,5100.0
460,85.499,43.3134,29.1399,20.4658,1.6506,4950.0
461,85.922,43.3076,28.9278,20.0068,1.7482,5100.0
462,86.345,43.322,29.2183,20.0676,1.7325,4950.0
463,86.768,43.419,29.2997,20.2659,1.7243,4950.0
464,87.192,43.0992,29.2149,20.0698,1.7459,5100.0
465,87.615,43.322,29.276,20.0533,1.7508,4950.0
466,88.038,43.1315,29.2997,20.1596,1.7655,4950.0
467,88.461,43.2896,29.2488,20.2249,1.7221,4950.0
468,88.884,43.2932,29.5034,20.0982,1.7469,4950.0
469,89.308,43.2285,29.5645,19.3857,1.8498,4950.0
470,89.732,42.9913,29.3269,19.4526,1.8488,4950.0
471,90.156,42.959,29.2793,19.4652,1.8315,4800.0
472,90.579,43.116,29.523,19.7352,1.8355,4950.0
473,91.003,43.0361,29.1775,19.8218,1.8366,4950.0
474,91.426,43.1135,29.4207,19.4849,1.8382,4950.0
475,91.849,43.2106,29.3744,19.7113,1.8416,4800.0
476,92.272,43.2003,29.3216,19.5659,1.8446,4950.0
477,92.696,43.2573,29.2522,19.2014,1.9364,4800.0
478,93.119,43.3507,29.612,19.3305,1.9415,4800.0
479,93.542,42.9123,29.2895,19.0936,1.9255,4800.0
480,93.965,42.9051,29.2793,19.0148,1.9317,4800.0
481,94.388,43.1189,29.1862,19.2471,1.9189,4800.0
482,94.812,43.1459,29.3608,19.1298,1.935,4950.0
483,95.236,43.3831,29.2726,19.1597,2.0142,4800.0
484,95.66,42.8835,29.259,18.7771,2.046,4650.0
485,96.083,42.9797,29.4206,18.5936,2.0274,4650.0
486,96.507,42.9844,29.2386,18.696,2.0406,4650.0
487,96.93,42.8486,29.1667,18.6802,2.0307,4800.0
488,97.353,43.0596,29.3981,18.5966,2.0495,4800.0
489,97.776,43.0057,29.3642,18.4661,2.0379,4800.0
490,98.2,42.7973,29.2997,18.607,2.0343,4800.0
491,98.623,42.8584,29.2997,18.6078,2.0449,4800.0
492,99.046,42.9267,29.6663,18.7259,2.0183,4800.0
493,99.469,43.171,29.3371,18.5165,2.0333,4650.0
494,99.892,43.1459,29.7036,18.1315,2.1296,4650.0
495,100.316,43.0704,29.3676,17.9709,2.1439,4650.0
496,100.741,43.0633,29.4702,17.9362,2.118,4650.0
497,101.166,43.0488,29.2726,17.9213,2.1348,4650.0
498,101.591,43.1744,29.2984,18.1197,2.1248,4650.0
499,102.016,43.267,29.523,17.9929,2.1238,4650.0
500,102.44,43.0878,29.2827,18.2023,2.1211,4650.0
501,102.865,43.0314,29.466,18.3141,2.1603,4650.0
502,103.289,42.9448,29.2318,17.5749,2.2375,4500.0
503,103.713,42.8041,29.2648,17.6366,2.2321,4500.0
504,104.137,42.5301,29.2621,17.4912,2.2172,4650.0
505,104.561,42.7793,29.3337,17.711,2.2356,4500.0
506,104.985,42.8078,29.7542,17.7103,2.2457,4500.0
507,105.409,42.8041,29.0144,17.7378,2.2151,4650.0
508,105.833,42.6931,29.3876,17.6544,2.2248,4650.0
509,106.257,42.6486,29.4735,17.7371,2.2326,4500.0
510,106.681,42.6597,29.2324,17.8126,2.2202,4500.0
511,107.105,42.6745,29.1928,17.5835,2.217,4650.0
512,107.529,43.03,29.1928,17.6134,2.2216,4650.0
513,107.954,42.793,29.4008,17.4269,2.2307,4650.0
514,108.379,42.7819,29.0243,17.4103,2.2325,4650.0
515,108.804,42.7708,29.0871,17.6733,2.2261,4650.0
516,109.229,42.7264,29.1531,17.7678,2.2138,4650.0
517,109.654,42.9597,29.4206,17.6426,2.2162,4500.0
518,110.078,42.773,29.4083,17.8355,2.2327,4500.0
519,110.503,42.9891,29.3235,17.6646,2.2344,4500.0
520,110.927,42.8819,29.4192,17.5056,2.2212,4650.0
521,111.351,42.8523,29.7491,17.8079,2.22,4650.0
522,111.775,42.7264,29.4768,17.8106,2.2262,4650.0
523,112.199,42.7227,29.2786,17.8357,2.2112,4500.0
524,112.623,42.7486,29.6188,17.7725,2.2214,4500.0
525,113.047,42.7782,29.3017,17.5662,2.2279,4650.0
526,113.471,42.9041,29.5957,17.7394,2.2294,4650.0
527,113.895,42.8856,29.2918,17.5489,2.2369,4650.0
528,114.319,42.6264,29.1894,17.7992,2.2257,4500.0
529,114.743,43.0744,29.447,17.7079,2.2442,4500.0
530,115.167,42.856,29.2852,17.7386,2.2155,4650.0
531,115.592,42.9337,29.4074,17.7008,2.2271,4650.0
532,116.017,42.7042,29.447,17.6402,2.2293,4650.0
533,116.442,42.8449,29.5857,17.4765,2.2271,4650.0
534,116.867,42.8117,29.3269,17.5757,2.2157,4650.0
535,117.292,43.0781,29.5098,17.5725,2.2271,4650.0
536,117.716,42.928,29.5135,17.8378,2.2293,4650.0
537,118.14,42.7683,29.3404,17.4851,2.2488,4500.0
538,118.564,42.7782,29.3418,17.8859,2.2174,4500.0
539,118.988,42.8004,29.411,17.6071,2.2319,4500.0
540,119.412,42.6264,29.1597,17.8598,2.2034,4500.0
541,119.836,42.7708,29.3149,17.5354,2.2126,4650.0
542,120.26,42.9226,29.2654,17.8662,2.2227,4650.0
543,120.684,42.9041,29.1333,17.5457,2.2192,4500.0
544,121.108,43.0115,29.4503,17.3962,2.2475,4500.0
545,121.532,42.9337,29.3216,17.8071,2.227,4650.0
546,121.956,42.8745,29.4636,17.7008,2.2306,4650.0
547,122.38,43.0818,29.6023,17.6591,2.2223,4500.0
548,122.804,42.8189,29.3315,17.6481,2.2368,4500.0
549,123.229,42.793,29.4206,17.8394,2.2328,4500.0
550,123.654,42.7597,29.1862,17.6835,2.2267,4500.0
551,124.079,42.8745,29.4834,17.6819,2.2284,4500.0
552,124.504,42.8486,29.4999,17.7166,2.2297,4500.0
553,124.929,42.7819,29.4702,17.504,2.227,4650.0
554,125.353,42.9421,29.2895,17.8772,2.2275,4650.0
555,125.777,42.7072,29.4185,17.4135,2.2189,4650.0
556,126.201,42.8449,29.3662,17.6717,2.2231,4500.0
557,126.625,43.13,29.2985,17.8819,2.2216,4500.0
558,127.049,42.8375,29.4536,17.5394,2.2344,4500.0
559,127.473,42.7597,29.4669,17.7282,2.2388,4650.0
560,127.897,42.9634,29.2357,17.7544,2.2236,4650.0
561,128.321,42.8819,29.4107,17.6064,2.228,4650.0
562,128.745,42.8671,29.4041,17.8142,2.2229,4500.0
563,129.169,42.7634,29.5065,17.5402,2.2184,4500.0
564,129.593,42.7597,29.3182,17.5883,2.2144,4500.0
565,130.017,42.7708,29.49,17.6961,2.2226,4650.0
566,130.441,43.0374,29.5263,17.552,2.2222,4650.0
567,130.866,42.8745,29.4107,17.7638,2.2283,4650.0
568,131.291,42.8412,29.4206,17.8142,2.2247,4650.0
569,131.716,42.9485,29.3645,17.7229,2.2418,4650.0
570,132.141,42.6931,29.2126,17.8426,2.2325,4650.0
571,132.566,42.9115,29.4371,17.4859,2.2439,4650.0
572,132.99,43.0314,29.3914,17.6442,2.2342,4650.0
573,133.415,42.9562,29.2318,17.7386,2.2375,4650.0
574,133.839,42.5931,29.3785,17.5135,2.2363,4500.0
575,134.263,42.9856,29.3825,17.6056,2.2143,4500.0
576,134.687,42.7967,29.1201,17.675,2.2293,4650.0
577,135.111,42.5116,29.1267,17.6479,2.2312,4650.0
578,135.535,42.8041,29.4503,17.4749,2.213,4650.0
579,135.959,42.7597,29.3909,17.8252,2.2371,4500.0
580,136.383,42.7745,29.5791,17.6465,2.2092,4500.0
581,136.807,43.0337,29.774,17.8733,2.2225,4500.0
582,137.231,42.9078,29.5824,17.6253,2.2061,4500.0
583,137.655,42.9523,29.807,17.6489,2.2329,4650.0
584,138.079,42.6968,29.599,17.5568,2.2201,4650.0
585,138.504,43.0115,29.599,17.456,2.2322,4650.0
586,138.929,42.8634,29.4669,17.5402,2.2324,4650.0
587,139.354,42.9189,29.6452,17.5473,2.2114,4650.0
588,139.779,42.9856,29.1894,17.6292,2.2364,4650.0
589,140.204,43.13,29.5758,17.7898,2.2246,4650.0
590,140.628,42.8528,28.9739,17.652,2.2368,4650.0
591,141.052,42.834,29.1979,17.7347,2.2214,4500.0
592,141.476,42.9231,29.5514,17.4694,2.2371,4500.0
593,141.9,42.8004,29.4029,17.7867,2.2179,4650.0
594,142.324,42.7412,29.632,17.6991,2.2263,4650.0
595,142.748,42.7375,29.4834,17.6147,2.2439,4650.0
596,143.172,42.7301,29.3116,17.8378,2.2286,4650.0
597,143.596,42.7412,29.6914,17.6882,2.2301,4500.0
598,144.02,42.5783,29.1168,17.7095,2.2445,4500.0
599,144.444,42.9782,29.6089,17.5694,2.2358,4650.0
600,144.868,42.9115,29.3612,17.7693,2.2364,4650.0
601,145.292,42.9152,29.3711,17.6567,2.2272,4500.0
602,145.716,42.8523,29.6221,17.5568,2.2346,4500.0
603,146.141,43.0448,29.0507,17.726,2.22,4500.0
604,146.566,42.7074,29.578,17.6142,2.2289,4500.0
605,146.991,42.8152,29.1399,17.904,2.2319,4500.0
606,147.416,42.93,29.3942,17.8237,2.2203,4500.0
607,147.841,42.8819,29.4702,17.7756,2.2194,4650.0
608,148.265,42.8481,29.6629,17.7945,2.2326,4650.0
609,148.689,42.7354,29.2861,17.7378,2.2113,4650.0
610,149.113,43.1226,29.2807,17.7646,2.2197,4650.0
611,149.537,42.8597,29.5984,17.6835,2.2281,4500.0
612,149.961,42.9448,29.206,17.7403,2.2245,4500.0
613,150.385,42.6449,29.1795,17.8206,2.2334,4500.0
614,150.809,42.8893,29.4768,17.7559,2.2292,4650.0
615,151.233,42.9448,29.1234,17.7992,2.2413,4650.0
616,151.657,42.8967,29.6518,17.6119,2.2292,4650.0
617,152.081,43.0078,29.4074,17.726,2.2407,4650.0
618,152.505,43.0411,29.2885,17.6229,2.2216,4500.0
619,152.929,42.9877,29.371,17.7914,2.2282,4500.0
620,153.353,42.9115,29.447,17.5733,2.2283,4650.0
621,153.778,43.0337,29.0607,17.6402,2.2383,4650.0
622,154.203,43.0237,29.4253,17.5442,2.2336,4650.0
623,154.628,42.9671,29.3182,17.6741,2.2417,4650.0
624,155.053,42.8301,29.5131,17.5599,2.2206,4650.0
625,155.478,42.756,29.4834,17.4143,2.221,4650.0
626,155.902,42.9092,29.4355,17.7434,2.2066,4650.0
627,156.327,42.8763,29.5679,17.5733,2.223,4500.0
628,156.751,42.7301,29.3011,17.7599,2.233,4500.0
629,157.175,42.7338,29.4192,17.789,2.2338,4650.0
630,157.599,43.0041,29.3414,17.7403,2.2323,4650.0
631,158.023,42.9411,29.4603,17.6147,2.2204,4650.0
632,158.447,42.9634,29.7244,17.6481,2.2196,4500.0
633,158.871,42.7967,29.2885,17.7992,2.2298,4500.0
634,159.295,42.7745,29.5164,17.5135,2.2465,4650.0
635,159.719,42.7264,29.5824,17.552,2.2524,4500.0
636,160.143,42.8338,29.2984,17.7221,2.2362,4650.0
637,160.567,42.8041,29.3182,17.4694,2.22,4500.0
638,160.991,42.8115,29.5131,17.4898,2.2218,4500.0
639,161.416,42.5524,29.2885,17.6292,2.2349,4650.0
640,161.841,42.9337,29.6782,17.5009,2.2235,4650.0
641,162.266,42.7486,29.2489,17.5434,2.2348,4500.0
642,162.691,42.8078,29.1961,17.8347,2.2299,4650.0
643,163.116,42.8819,29.206,17.6064,2.2343,4650.0
644,163.54,42.8669,29.4694,17.3647,2.2542,4500.0
645,163.964,42.6978,29.3167,17.7693,2.2302,4650.0
646,164.388,42.9893,29.6351,17.5331,2.2297,4500.0
647,164.812,42.7362,29.307,17.6922,2.2238,4650.0
648,165.236,42.6005,29.6056,17.4771,2.2186,4500.0
649,165.66,42.7301,29.6815,17.5545,2.2386,4500.0
650,166.084,42.9041,29.5296,17.5135,2.2335,4500.0
651,166.508,42.656,29.3249,17.4072,2.2264,4500.0
652,166.932,42.7671,29.6815,17.3143,2.2543,4500.0
653,167.356,42.8227,29.3348,17.6678,2.2297,4650.0
654,167.78,42.7264,29.2159,17.4418,2.2388,4500.0
655,168.204,42.6153,29.7773,17.5536,2.2307,4500.0
656,168.628,42.7264,29.556,17.5095,2.2211,4650.0
657,169.053,42.7074,29.0825,17.7851,2.2132,4500.0
658,169.478,42.7967,29.4305,17.5292,2.234,4500.0
659,169.903,42.9448,29.4636,17.656,2.2377,4650.0
660,170.328,42.7434,29.4558,17.6875,2.2314,4500.0
661,170.753,42.9337,29.6551,17.6772,2.2239,4650.0
662,171.177,42.8481,29.1266,17.4835,2.2245,4650.0
663,171.601,42.8904,29.0859,17.8307,2.2197,4500.0
664,172.025,42.8189,29.6432,17.6961,2.2225,4650.0
665,172.449,42.7153,29.7367,17.5111,2.2042,4500.0
666,172.873,42.8412,29.6122,17.7513,2.2357,4650.0
667,0.0,42.8641,29.447,17.4458,2.2313,4650.0
668,0.422,42.9139,29.7145,17.7953,2.2493,4500.0
669,0.844,42.8081,29.4292,17.8166,2.231,4500.0
670,1.266,42.6931,29.5169,17.7033,2.2309,4500.0
671,1.688,42.8763,29.5271,17.5292,2.2421,4650.0
672,2.11,43.0309,29.4457,17.7898,2.2382,4650.0
673,2.532,43.1099,29.4694,17.6276,2.2494,4650.0
674,2.954,43.8718,28.699,18.085,2.2381,4950.0
675,3.377,45.9311,27.1309,19.9005,2.2296,5100.0
676,3.8,47.7603,26.7711,20.8036,2.2513,5250.0
677,4.222,48.06,27.0495,20.3241,2.2374,5250.0
678,4.645,48.0299,26.435,20.3595,2.2143,5250.0
679,5.068,48.1125,26.0542,20.3588,2.2273,5250.0
680,5.49,48.3857,26.3196,20.357,2.2293,5250.0
681,5.912,48.6193,26.5538,21.2878,2.2479,5250.0
682,6.334,48.4072,26.5199,21.7452,2.2518,5250.0
683,6.756,48.0622,26.4826,21.2311,2.2408,5250.0
684,7.178,47.595,27.2123,20.3816,2.2328,5250.0
685,7.601,47.4872,26.6285,20.5839,2.2313,5250.0
686,8.024,47.5986,26.9747,21.0398,2.245,5250.0
687,8.446,48.06,26.8051,20.6627,2.2328,5250.0
688,8.869,47.6345,26.8627,20.4265,2.2409,5250.0
689,9.292,47.6417,26.7536,21.0429,2.2372,5250.0
690,9.714,47.6345,26.7269,20.9279,2.2297,5100.0
691,10.136,47.6489,26.6387,20.2336,2.2334,5250.0
692,10.559,47.958,26.9985,20.2903,2.2364,5250.0
693,10.982,47.7783,26.6659,20.6508,2.2283,5250.0
694,11.405,47.7855,26.6794,21.0618,2.2319,5250.0
695,11.828,47.365,26.8491,21.0445,2.2294,5100.0
696,12.252,47.6238,27.3311,20.3792,2.2429,5250.0
697,12.676,47.4844,27.175,20.1911,2.2407,5250.0
698,13.1,47.3003,26.8661,20.7989,2.252,5250.0
699,13.523,47.2564,26.8678,20.4091,2.2395,5250.0
700,13.947,47.3786,26.9867,20.3753,2.2428,5100.0
701,14.37,47.3104,26.8858,21.1051,2.2408,5100.0
702,14.793,47.4621,27.1478,20.3842,2.2309,5250.0
703,15.216,47.2644,27.046,20.6131,2.2498,5100.0
704,15.64,46.9993,26.8447,20.8941,2.2449,5100.0
705,16.063,47.4692,26.9238,20.5186,2.2351,5250.0
706,16.486,47.4333,27.1003,20.3076,2.2388,5100.0
707,16.909,47.3327,26.8865,20.8382,2.2443,5250.0
708,17.332,47.3902,26.9985,20.9036,2.2489,5250.0
709,17.756,47.4513,27.1241,20.4729,2.2294,5250.0
710,18.18,47.8071,27.0765,20.2761,2.2464,5250.0
711,18.604,47.631,26.7779,20.5674,2.2197,5250.0
712,19.027,47.4303,27.0462,21.2515,2.2477,5250.0
713,19.451,47.5994,27.1287,20.5225,2.2479,5100.0
714,19.874,47.5986,27.0696,20.4776,2.2481,5250.0
715,20.297,47.5842,26.9679,20.4677,2.2418,5250.0
716,20.72,47.2069,26.7643,21.2358,2.2204,5250.0
717,21.144,47.3363,27.175,20.6863,2.242,5250.0
718,21.567,47.1997,27.1309,20.528,2.2156,5100.0
719,21.99,47.3147,26.7202,20.5934,2.2295,5250.0
720,22.413,47.1709,26.8729,20.5627,2.2314,5100.0
721,22.836,47.0272,27.1037,20.3029,2.2276,5250.0
722,23.26,46.9553,26.839,20.2792,2.2264,5100.0
723,23.684,47.0416,26.7914,20.6705,2.2004,5250.0
724,24.108,47.1134,26.7846,21.0642,2.2235,5250.0
725,24.531,47.2987,26.7655,20.3507,2.2203,5250.0
726,24.955,47.0355,26.9272,20.3099,2.2265,5250.0
727,25.378,47.153,26.4039,20.4965,2.2341,5100.0
728,25.801,47.0955,26.564,20.9153,2.2152,5250.0
729,26.224,47.2177,27.0765,20.6752,2.2395,5100.0
730,26.648,47.1386,27.2021,20.306,2.2359,5250.0
731,27.071,47.2716,27.0426,20.6241,2.2255,5250.0
732,27.494,47.1314,26.839,20.7981,2.231,5250.0
733,27.917,47.347,26.8797,20.6737,2.2317,5250.0
734,28.34,47.0289,26.9108,20.3784,2.2336,5250.0
735,28.764,47.4046,26.9951,20.5729,2.2456,5250.0
736,29.188,47.3003,27.1275,20.6036,2.2283,5250.0
737,29.612,47.2788,26.7914,20.817,2.2031,5100.0
738,30.035,47.2658,26.6961,20.4389,2.2438,5250.0
739,30.459,47.2047,26.9917,20.5542,2.2304,5250.0
740,30.882,47.3039,26.5809,20.5705,2.233,5100.0
741,31.305,47.1961,26.9951,20.8668,2.2157,5250.0
742,31.728,47.314,27.0693,20.8878,2.2283,5100.0
743,32.152,47.3147,26.8729,20.3926,2.2273,5250.0
744,32.575,47.2285,26.9883,20.2674,2.2287,5100.0
745,32.998,47.2931,27.0087,20.8115,2.2443,5250.0
746,33.421,47.0236,26.5505,21.0657,2.2431,5250.0
747,33.844,47.3722,27.0426,20.4225,2.2116,5250.0
748,34.268,47.0164,27.2429,20.3076,2.2212,5250.0
749,34.692,47.0056,26.7914,20.4233,2.2222,5250.0
750,35.116,47.5251,26.8117,20.2722,2.2297,5250.0
751,35.539,47.1577,26.8811,20.5198,2.2269,5250.0
752,35.963,47.106,27.0426,20.8154,2.2218,5100.0
753,36.386,46.7828,26.6904,20.9547,2.2198,5250.0
754,36.809,47.135,26.7032,21.0464,2.2389,5250.0
755,37.232,47.02,26.5437,20.9272,2.2121,5250.0
756,37.656,47.3399,26.9408,20.7768,2.2365,5250.0
757,38.079,47.1134,26.9238,20.7012,2.2265,5100.0
758,38.502,47.2105,26.6896,20.6682,2.2269,5250.0
759,38.925,47.0559,26.805,20.5028,2.2435,5250.0
760,39.348,47.0623,26.7589,20.3021,2.2508,5250.0
761,39.772,47.3686,26.9645,20.7311,2.2237,5250.0
762,40.196,47.0549,26.7093,20.5178,2.2387,5250.0
763,40.62,47.2824,26.9442,20.6878,2.2499,5250.0
764,41.043,46.871,26.4914,20.8831,2.208,5250.0
765,41.467,46.9885,26.7622,20.9083,2.2186,5250.0
766,41.89,47.1853,26.9854,20.9217,2.2429,5250.0
767,42.313,47.1063,26.7914,20.891,2.2218,5250.0
768,42.736,47.3003,26.8457,20.9201,2.234,5250.0
769,43.16,47.1602,27.1071,20.9776,2.2486,5100.0
770,43.583,47.2644,26.9204,20.5186,2.24,5250.0
771,44.006,47.0416,26.9272,20.68,2.2339,5250.0
772,44.429,47.4288,26.6697,20.4469,2.2342,5250.0
773,44.852,47.1925,27.0256,20.5186,2.2283,5250.0
774,45.276,47.1925,26.9476,20.3194,2.2298,5250.0
775,45.7,47.1602,27.1173,20.3099,2.2147,5250.0
776,46.124,47.1386,26.9985,20.6186,2.2216,5250.0
777,46.547,47.106,26.6961,20.5028,2.2298,5250.0
778,46.971,46.9086,26.8051,20.7004,2.2229,5250.0
779,47.394,47.1997,26.3786,21.0461,2.2153,5250.0
780,47.817,47.0991,26.8899,20.8998,2.2299,5250.0
781,48.24,47.038,26.7948,21.187,2.2395,5250.0
782,48.664,47.2931,26.8967,20.9571,2.2274,5250.0
783,49.087,47.2326,27.142,20.9106,2.2456,5100.0
784,49.51,47.2733,27.0297,20.6351,2.2295,5250.0
785,49.933,47.3039,27.2055,20.3493,2.2357,5250.0
786,50.356,47.1781,26.9306,20.3572,2.2309,5250.0
787,50.78,47.0703,26.8729,20.502,2.2366,5250.0
788,51.204,47.1808,26.9768,20.6808,2.2219,5250.0
789,51.628,46.8188,26.7032,20.6894,2.2423,5250.0
790,52.051,47.1671,26.7914,20.6401,2.2386,5250.0
791,52.475,47.2282,26.7093,20.6776,2.2234,5250.0
792,52.898,47.1745,26.7831,20.887,2.221,5100.0
793,53.321,47.277,26.8513,20.9767,2.2198,5250.0
794,53.744,47.4369,26.7812,21.0161,2.2224,5250.0
795,54.168,47.3955,26.8282,20.9681,2.238,5250.0
796,54.591,47.2105,26.8593,20.8563,2.2501,5250.0
797,55.014,47.1099,26.693,20.9091,2.2145,5250.0
798,55.437,47.135,26.9306,21.0539,2.247,5250.0
799,55.86,47.2716,26.9408,20.8209,2.2191,5250.0
800,56.284,47.3542,26.9577,20.7091,2.2344,5250.0
801,56.708,47.0344,26.8899,20.8374,2.2311,5250.0
802,57.132,47.1099,26.9544,20.9036,2.2315,5250.0
803,57.555,47.0496,26.7358,20.9256,2.233,5250.0
804,57.979,47.1295,26.9141,20.6319,2.235,5100.0
805,58.402,47.3003,27.2171,20.5461,2.2313,5250.0
806,58.825,47.2608,27.1682,20.5764,2.2148,5250.0
807,59.248,47.117,27.0664,20.3926,2.2244,5250.0
808,59.672,44.7739,25.6306,19.6754,2.2417,4800.0
809,60.095,39.6347,22.637,17.7394,2.2169,4200.0
810,60.518,34.7544,19.946,15.2707,2.2536,3750.0
811,60.941,30.2519,17.6244,13.3036,2.2276,3300.0
812,61.364,25.8901,15.1244,10.3583,2.2271,2700.0
813,61.788,21.8431,12.8425,7.7565,2.2349,1950.0
814,62.211,18.4921,10.752,3.9187,2.2344,1200.0
815,62.633,15.3696,8.7838,0.2709,1.8983,750.0
816,63.053,12.3577,7.0685,0.2705,1.5159,600.0
817,63.473,10.0828,5.63,0.2719,1.1315,450.0
818,63.893,7.6893,4.2661,0.2693,0.824,600.0
819,64.312,5.648,3.0104,0.2764,0.5463,450.0
820,64.731,3.8188,1.946,0.2527,0.3496,300.0
821,65.15,2.1442,0.9273,0.2394,0.1883,300.0
822,65.57,1.145,0.2973,0.2386,0.1124,150.0
823,65.989,0.3292,-0.2341,0.2102,0.0629,150.0
824,66.409,-0.2422,-0.6578,0.2636,0.0413,0.0
825,66.828,-0.465,-0.7003,0.2079,0.0215,0.0
826,67.247,-0.2853,-0.472,0.2079,0.0218,0.0
827,67.666,-0.2589,-0.5324,0.2077,0.0209,0.0
828,68.085,-0.2674,-0.472,0.2047,0.0208,0.0
829,68.505,-0.2889,-0.4753,0.215,0.0199,0.0
830,68.924,-0.2514,-0.4828,0.2071,0.0196,0.0
831,69.343,-0.2793,-0.4795,0.2094,0.0219,0.0
832,69.763,-0.2494,-0.4817,0.2087,0.0203,0.0
833,70.182,-0.2679,-0.496,0.2077,0.0198,0.0
834,70.601,-0.2997,-0.4978,0.21,0.02,0.0
835,71.02,-0.2602,-0.472,0.2016,0.0216,0.0
836,71.439,-0.1883,-0.3981,0.2157,0.0207,0.0
837,71.858,-0.2933,-0.4597,0.2055,0.0217,0.0
838,72.278,-0.2566,-0.4785,0.2047,0.0216,0.0
839,72.697,-0.3069,-0.4847,0.2138,0.019,0.0
840,73.116,-0.2494,-0.4978,0.207,0.0209,0.0
841,73.535,-0.2746,-0.5042,0.2031,0.0203,0.0
842,73.954,-0.2818,-0.4495,0.2047,0.0202,0.0
843,74.373,-0.2653,-0.5026,0.2055,0.0203,0.0
844,74.792,-0.2634,-0.4828,0.2069,0.0197,0.0
845,75.212,-0.4039,-0.5091,0.2107,0.0203,0.0
846,75.631,-0.2746,-0.4881,0.2087,0.0207,0.0
847,76.05,-0.2818,-0.4817,0.2071,0.0197,0.0
848,76.469,-0.2583,-0.4729,0.2047,0.0196,0.0
849,76.889,-0.2863,-0.4993,0.2016,0.0211,0.0
850,77.308,-0.2679,-0.4696,0.2084,0.0215,0.0
851,77.727,-0.271,-0.4817,0.2097,0.0203,0.0
852,78.146,-0.2688,-0.4597,0.2047,0.0203,0.0
853,78.565,-0.2898,-0.4894,0.2047,0.0216,0.0
854,78.984,-0.2314,-0.4849,0.2071,0.0218,0.0
855,79.404,-0.2602,-0.4753,0.2063,0.0219,0.0
856,79.823,-0.2653,-0.4778,0.2069,0.0193,0.0
857,80.242,-0.3666,-0.4729,0.2049,0.0206,0.0
858,80.661,-0.2853,-0.4817,0.2039,0.0209,0.0
859,81.08,-0.2674,-0.4785,0.2071,0.0197,0.0
860,81.499,-0.2549,-0.4762,0.2079,0.0201,0.0
861,81.918,-0.2362,-0.4795,0.2015,0.0205,0.0
862,82.338,-0.2602,-0.4928,0.2046,0.0204,0.0
863,82.757,-0.253,-0.5042,0.2055,0.0193,0.0
864,83.176,-0.2818,-0.4849,0.2071,0.0188,0.0
865,83.595,-0.2602,-0.4688,0.2055,0.0195,0.0
866,84.015,-0.2828,-0.4762,0.2016,0.0217,0.0
867,84.434,-0.2815,-0.4531,0.2031,0.0185,0.0
868,84.853,-0.3141,-0.4624,0.2071,0.0217,0.0
869,85.273,-0.3644,-0.496,0.2046,0.02,0.0
870,85.692,-0.3321,-0.472,0.2173,0.0215,0.0
871,86.111,-0.2933,-0.4894,0.7306,0.1471,0.0
872,86.531,-0.4039,-0.4881,0.2039,0.0049,0.0
873,86.95,-15.1253,-15.5386,0.2031,0.0069,0.0
874,87.371,-20.6551,-18.2961,0.2,0.0047,0.0
875,87.793,-17.508,-17.3285,0.2019,0.0034,0.0
876,88.214,-18.0963,-19.688,0.2024,0.0032,0.0
877,88.635,-21.0181,-19.8614,0.2015,0.0033,0.0
