,Unnamed: 0,Time (sec),PT1 (psi),PT2 (psi),torque (mNm),V (V),I (A),Speed (RPM),Flow Rate (GPM),DP (psi),GV,Speed (rad/s),torque_adj (mNm),turbine power (w),fluid power (w),turbine eff
0,24,865.0,34.5315,29.2457,137.43196919999997,2.189238462,2.978061538,1475.581831,26.86921538,5.2858,0.0,154.5225678247714,158.9665769347714,24.563923666274952,56.04093055282145,0.4383211239349817
1,25,866.0,35.92322143,28.13501786,138.2985929,8.954489286,2.975314286,2983.444786,26.49446786,7.788203571,7.8810810810000005,312.4256070459474,158.8347217508558,49.62403436298527,84.09913327372207,0.5900659427900546
2,0,27.44,35.05889444,28.69797778,75.28552222,12.94653889,1.5601777780000001,3472.774228,26.79613889,6.360916667000001,0.0,363.66806632647416,90.91482050844341,33.06281697472409,68.42014855124086,0.4832321717331973
3,1,142.46200000000002,35.38665,28.58695,53.80105,15.93196429,1.0746714290000001,3994.605107,26.96614286,6.7997,0.0,418.31406812678875,67.6127976362837,28.283384436667163,74.0011661341247,0.3822018748380863
4,2,153.487,35.32588462,28.56745385,57.20699231,15.27848462,1.166530769,3862.325069,26.69427692,6.758430768999999,0.0,404.4617349560381,72.02161421738569,29.129987040698275,72.77589642758132,0.40026971113554444
5,3,164.058,35.26127692,28.67930769,62.07294615,14.71948462,1.261838462,3797.821338,27.15807692,6.581969231,0.0,397.7069200491322,76.5959355352286,30.462733609997645,71.95571227049652,0.42335393047715075
6,4,174.96400000000003,35.16752308,28.69909231,67.41482308,14.08013077,1.364353846,3682.8945380000005,27.40045385,6.468430768999999,0.0,385.67181371019825,81.51619214492379,31.438497671281773,71.24463535171894,0.44127529765682555
7,5,183.445,35.16471667,28.73588333,71.059,13.55520833,1.4514583330000002,3555.237042,27.106925,6.428833332999999,0.0,372.3035520051647,85.6967981298349,31.905222339207093,70.0145197756106,0.4556943679890983
8,6,192.638,35.065325,28.7665,74.99046667,12.871975,1.5560666669999998,3455.686075,26.9369,6.298825,0.0,361.87859913091165,90.71750650266509,32.82872416983381,68.05201556737656,0.48240634602998544
9,7,202.588,34.93809167,28.6703,79.5303,12.37674167,1.645108333,3300.906342,26.96659167,6.267791667000001,0.0,345.6701034121862,94.9910879748349,32.835579203497254,67.76299947287991,0.4845650201278162
10,8,212.31799999999998,34.99176667,28.89785833,83.864675,11.72539167,1.7484166669999999,3243.104308,26.99879167,6.093908333,0.0,339.6170885732045,99.94940245766509,33.94452506730371,65.80178908313586,0.5158602150530774
11,9,220.77700000000002,34.86081818,28.76006364,87.51584545,11.12738182,1.835954545,3124.1353,27.0431,6.100754545,0.0,327.1586832028515,104.1508091736385,34.073841583759034,65.99031326616053,0.5163461104712154
12,10,231.53599999999997,34.85754545,28.86330909,92.05433636,10.4317,1.9412909090000001,3045.9222640000003,26.78419091,5.994236364,0.0,318.96823323512535,109.20645956472771,34.83339146522435,64.11749621618247,0.5432743560007078
13,11,242.106,34.75880909,28.87856364,97.81359091,9.726981817999999,2.034663636,2874.392218,26.84446364,5.880245455,0.0,301.0056488428666,113.6879116089108,34.22070359943066,62.93069847058239,0.5437839469623474
14,12,256.235,34.72992,28.908520000000003,100.68518,9.00665,2.13268,2753.12709,27.026640000000004,5.8214,0.0,288.30679434866295,118.392236404,34.13328615340631,62.66596241435917,0.5446862194138276
15,13,265.22900000000004,34.665209999999995,29.00483,103.05391999999999,8.38317,2.22769,2646.55987,26.686390000000003,5.66038,0.0,277.14710117923187,122.95226985699999,34.0758651742742,60.00786061223103,0.5678566912170291
16,14,276.263,34.62789,28.89368,108.96021,7.64657,2.32785,2518.6041,27.12217,5.73421,0.0,263.7476042939955,127.75947910500001,33.69625653979253,61.85880741779715,0.5447285188058428
17,15,288.228,34.713429999999995,29.06618,113.8345,6.87145,2.4293400000000003,2342.46367,26.79666,5.64725,0.0,245.30222161880084,132.63052210200001,32.534561726082075,60.10277007119159,0.5413155115403993
18,16,298.791,34.54795556,29.07074444,117.6625,6.116188889,2.521411111,2205.078778,27.0547,5.477211111,0.0,230.9153093878594,137.0495026957783,31.64682831644792,58.68042377221111,0.5393081079185167
19,17,399.69599999999997,35.08773333,28.63115556,118.7272,8.942177778,2.515611111,2841.3037670000003,26.74413333,6.456577778,4.38,297.54063436081714,136.7711299557783,40.69496876928803,69.40022810119463,0.5863809079985938
20,18,436.63599999999997,35.1331625,28.641825,119.9478875,8.8907125,2.5234875,2793.402625,26.9868625,6.4913375,4.38,292.5244385063569,137.14915960874998,40.11948090616831,70.43814851323984,0.5695703500586375
21,19,448.48400000000004,35.245025,28.588425,115.8849875,9.4679375,2.4239625,2922.97535,26.86495,6.6566,4.38,306.09326252303924,132.37242737625002,40.51830816369045,72.05120350341637,0.5623543562567866
22,20,458.181,35.236525,28.58945,109.500075,10.2838375,2.3229875,3068.225225,27.0755375,6.647075,4.38,321.3037938468199,127.52610195875,40.97462037384274,72.50381285773277,0.5651374563465136
23,21,471.702,35.3279625,28.6427625,103.9981,10.9711,2.229525,3171.51675,26.45045,6.6852,4.38,332.12045703839624,123.04034123250001,40.864214364298135,71.2685865694631,0.5733832580567478
24,22,482.348,35.3132125,28.4517875,101.496975,11.6372625,2.12965,3356.97695,27.3181125,6.861425,4.38,351.54180374464727,118.246810645,41.568697101195056,75.70053574402806,0.5491202498454494
25,23,491.52,35.410175,28.5778625,95.7569125,12.3032875,2.03675,3433.327588,26.784025,6.8323125,4.38,359.53722385010093,113.788047275,40.91103862457754,73.88135540369525,0.553739687110983
26,24,500.78,35.4510375,28.57235,91.3880875,12.9898125,1.9386125,3583.052112,26.7506375,6.8786875,4.38,375.2163393208725,109.07790852125001,40.92781353612043,74.32889122255781,0.5506312937397806
27,25,515.562,35.4691625,28.4739625,88.995,13.5947625,1.8446125,3680.60505,26.8593,6.9952,4.38,385.43205908776275,104.56635032125,40.30322371561173,75.9920978563974,0.5303607197655329
28,26,526.5930000000001,35.510175,28.4132625,83.003725,14.20925,1.7437,3757.3541630000004,27.2874,7.0969125,4.38,393.4692073975901,99.72302461,39.237939452587064,78.41060970439965,0.5004162013343637
29,27,535.342,35.5759,28.44705,79.1467,14.8208125,1.6460875,3914.819938,26.994525,7.12885,4.38,409.9589847764752,95.03808338875,38.96171618115394,77.94405229610348,0.4998677260599868
30,28,548.192,35.7039625,28.3579,74.9953375,15.4284,1.5518875,3990.2751630000002,26.9182625,7.3460625,4.38,417.8606374519451,90.51692612875,37.8234604523501,80.26723437634364,0.4712191811045807
31,29,562.061,35.666125,28.3321,70.0085,15.9472875,1.4561375,4090.91065,26.8910375,7.334025,4.38,428.39916099489074,85.92137615375,36.80864545579291,80.0452456571439,0.4598479916403106
32,30,574.464,35.75435,28.1335,66.4067875,16.4920125,1.353175,4280.34115,26.9363875,7.62085,4.38,448.2362765444183,80.9796600775,36.29802130897128,83.54098682235247,0.4344935664473056
33,31,738.936,36.64875714,27.68064286,83.16917143,17.49891429,1.747428571,4509.306871,26.62891429,8.968114286,8.76,472.21351075093656,99.9019784937163,47.17506399548233,98.19318676745908,0.48043113324351344
34,32,749.893,36.56658333,27.68023333,86.07306667,16.9837,1.828316667,4370.7974,26.88988333,8.88635,8.76,457.708832882637,103.7842269276651,47.50295737868834,98.19911667485516,0.48374118818170525
35,33,763.0239999999999,36.45261667,27.70328333,91.5482,16.3545,1.9239333330000001,4348.355517,26.57601667,8.749333333,8.76,455.35872439313835,108.3733774973349,49.348762935362465,95.46895147349227,0.5169090282620791
36,34,776.345,36.37778333,27.7941,97.24328333,15.72451667,2.01285,4196.89345,27.0565,8.583683333,8.76,439.4976538451047,112.64095960499999,49.50543747325871,95.24540210184058,0.5197672158528484
37,35,786.7280000000001,36.37095,27.81313333,100.1841,15.09,2.113666667,4048.3126,26.88121667,8.557816667,8.76,423.93830363541304,117.4796857826651,49.804138702324394,94.32590163186946,0.5280006640879784
38,36,797.253,36.22988333,27.88768333,105.56553329999998,14.43158333,2.215016667,3989.47125,26.2209,8.3422,8.76,417.77645187954374,122.3440094376651,51.112446171585134,89.54956730121454,0.5707726760941245
39,37,806.8610000000001,36.18225,27.9097,108.01776670000001,13.71293333,2.318866667,3815.306533,26.8649,8.27255,8.76,399.5379653856594,127.3283213426651,50.87249844521985,90.93502645723599,0.5594378802885558
40,38,817.668,36.1763,27.93016667,111.83816670000002,13.05066667,2.417933333,3685.1742670000003,26.54643333,8.246133333,8.76,385.9105463725446,132.08305569733488,50.972244190713745,89.55200320922891,0.56919155757602
41,39,826.4119999999999,36.0767,27.91278333,116.73378329999998,12.40105,2.51705,3598.95485,27.11593333,8.163916667,8.76,376.88167014806174,136.84018986499999,51.572559299699066,90.50340017410369,0.5698411242062467
42,40,837.441,35.98658333,28.0298,121.5519,11.73496667,2.618116667,3453.082833,26.78261667,7.956783333,8.76,361.6059882664659,141.69091486766507,51.236283299101714,86.97776510241174,0.5890733480996401
43,41,847.518,36.02741667,28.04036667,127.87526670000001,11.06718333,2.720116667,3387.8764170000004,26.9296,7.98705,8.76,354.77758835851785,146.58643546766513,52.005582061289736,87.80964759145027,0.5922536246046083
44,42,858.834,36.04636667,28.14801667,133.33635,10.33925,2.818533333,3223.3282,26.49725,7.89835,8.76,337.546139388591,151.30997287733487,51.0740971957368,85.37751810219932,0.5982148267017982
45,43,869.173,35.87903333,27.9849,136.4033333,9.754866667,2.915733333,3095.7412,26.95965,7.894133332999999,8.76,324.185260007406,155.97511603733489,50.56483354724873,86.81798019014597,0.5824235191431918
46,44,878.455,36.02393333,28.24481667,137.59425,9.028166667,3.00995,2965.726733,26.53556667,7.779116667,8.76,310.5701768767104,160.49707323500002,49.8456044227883,84.12470212302742,0.5925204269952961
47,45,1000.525,37.29376,27.1437,117.62996000000001,15.33816,2.51764,4255.03052,27.003140000000002,10.15006,10.95,445.5857535719226,136.86850709200002,60.98665687285286,113.45639726761864,0.537533875053328
48,46,1017.013,37.29104,27.19612,122.22112,14.55272,2.6224,4004.4114799999998,26.36182,10.09492,10.95,419.34098910478735,141.89649472,59.50301644638703,110.12952876247334,0.5403002910756365
49,47,1032.473,37.12832,27.15604,125.76478,13.948939999999999,2.71814,3979.8565799999997,26.3886,9.97228,10.95,416.76960599273787,146.49156474199998,61.05323171878298,108.83364616862498,0.5609775457140171
50,48,1042.8859,37.12918,27.24292,131.9994,13.3627,2.81834,3912.5792,26.741059999999997,9.88626,10.95,409.724335242096,151.300693802,61.991576189692374,109.28669145845066,0.5672381088895965
51,49,1054.7259,37.144040000000004,27.285020000000003,135.88052,12.708680000000001,2.92536,3794.20986,26.63092,9.85902,10.95,397.3287269577843,156.437150808,62.15697397944556,108.52101224565158,0.572764413943588
52,50,1064.031,37.05428,27.274659999999997,140.17084,12.05238,3.01044,3616.1599,26.2004,9.77962,10.95,378.6833787688245,160.520590932,60.786479736098094,105.86172700265782,0.5742063865496164
53,51,1076.13,36.973620000000004,27.330479999999998,143.8092,11.4411,3.10682,3520.31578,26.349040000000002,9.643139999999999,10.95,368.6466060042339,165.14637794599997,60.880651723685354,104.8980242832784,0.580379393603033
54,52,1087.0019,36.947720000000004,27.433359999999997,152.86632,10.7653,3.2124599999999996,3453.20918,26.82756,9.51436,10.95,361.61921929335085,170.216601438,61.55359452277702,105.30022912998994,0.5845532819001844
55,53,1349.8289,37.635020000000004,26.92912,122.72922,15.36326,2.61636,4273.1815,26.26672,10.7059,12.26,447.48651975053247,141.606603108,63.36704599849386,116.71315815126624,0.5429297518996694
56,54,1372.504,37.624179999999996,26.851740000000003,113.74432,16.38036,2.42794,4481.1479,26.029220000000002,10.77244,12.26,469.2647102067645,132.56332868200002,62.20729201800282,116.41125099971792,0.5343752556885893
57,55,1385.586,37.68646,26.91634,113.93603999999999,16.55592,2.42156,4448.66676,26.49548,10.77012,12.26,465.8632931838438,132.25711866799998,61.61373684968089,118.4697807380759,0.5200797744861394
58,56,1398.7669,37.724340000000005,26.77072,109.56758,17.103920000000002,2.3233200000000003,4599.483520000001,26.711879999999997,10.953619999999999,12.26,481.6567873409377,127.54206039600001,61.43149906118121,121.5695373678051,0.5053198390919429
59,57,1423.723,37.6663,26.8002,112.848575,16.662075,2.4172,4504.21445,26.02635,10.8661,12.26,471.6802336714598,132.04785915999997,62.2843650644048,117.45876061713575,0.5302658119084418
60,58,1435.524,37.638025,26.901999999999997,117.38805,16.01905,2.52175,4332.306325,26.26505,10.736025,12.26,453.6780569389503,137.06576777499998,62.18373119700738,117.04991731266611,0.531258224052401
61,59,1445.7259,37.524125,27.01005,122.217175,15.268325,2.62005,4319.9853,26.06915,10.514075,12.26,452.3878022196015,141.78370576499998,64.14121904157898,113.66001470207222,0.564325274897308
62,60,1455.984,37.456325,26.9872,125.541375,14.6525,2.7174,4183.4327,26.0816,10.469125,12.26,438.08804740298854,146.45604822,64.16064419505774,113.20432698857853,0.566768478748441
63,61,1466.3220000000001,37.408975,26.994125,129.564725,14.0139,2.8176,4162.097275,26.121225,10.41485,12.26,435.8538069241676,151.26517728,65.9295033725471,112.75961598083362,0.5846907405551426
64,62,1478.4589,37.299925,26.970925,134.46725,13.399925,2.9207,3920.2908,26.669925,10.329,12.26,410.53189210475404,156.21349271000003,64.13062073452852,114.13227376359465,0.5618973373593175
65,63,1495.999,37.340275,27.0833,138.01885,12.864625,3.01505,3789.1564,26.338425,10.256975,12.26,396.799529864682,160.74184926499998,63.782290217931575,111.88845223431888,0.5700524848119046
66,64,1508.411,37.297,27.1931,141.57925,12.1142,3.11135,3695.1346,26.23475,10.1039,12.26,386.953590004023,165.363796655,63.988114772347494,109.7011578386426,0.583294798642567
67,65,1520.9229,37.12745,27.1815,149.7431,11.456675,3.206425,3557.589625,26.088225,9.94595,12.26,372.5499139205419,169.92694980250002,63.30627052170163,107.29602298694157,0.590015070077726
68,66,1537.1660000000002,37.26195,27.368025,152.7905,10.8202,3.30605,3413.7937,26.096375,9.893925,12.26,357.49163988454353,174.708481565,62.4568215764104,106.73897140512791,0.5851360637470961
69,67,1549.9289,37.05415,27.2245,158.503525,10.1437,3.404875,3370.90095,26.137425,9.82965,12.26,352.99992161326725,179.45161708749998,63.34640676526154,106.17609666797416,0.5966164584421824
0,0,78.926,36.22820769,30.58350769,138.6313385,3.648484615,3.0189461539999995,1816.4844690000002,27.31895385,5.6447,0.0,190.2218085549851,160.92884634507618,30.612176200427697,61.24393060529499,0.49984016208425797
1,1,106.76700000000001,36.240275,30.62764167,132.59061670000003,4.41145,2.914741667,1948.24855,27.73476667,5.612633333,0.0,204.02011083510524,155.9275207301651,31.812350061611454,61.78924045860292,0.5148525831600868
2,2,121.12,36.21298333,30.58333333,128.3990917,5.15545,2.8144083330000003,2112.785342,28.03064167,5.62965,0.0,221.25036338183122,151.1119922648349,33.43358319994719,62.6558945405487,0.5336063501305556
3,3,130.336,36.22908333,30.470125,124.414625,5.909708332999999,2.714475,2285.440925,27.61968333,5.758958333,0.0,239.33081373297335,146.31566196750003,35.01784644056045,63.29084339616373,0.5532845600013445
4,4,139.491,36.23179167,30.42854167,119.50108329999999,6.651925,2.625925,2419.085292,27.77021667,5.80325,0.0,253.32601910234348,142.0656781525,35.9889326974476,64.17082610927206,0.5608301291955403
5,5,147.74200000000002,36.26830833,30.47015833,115.8783,7.339583332999999,2.521658333,2517.2228920000002,28.16695833,5.79815,0.0,263.6029645306315,137.0613681898349,36.12978297746487,65.02512125540949,0.5556280754256834
6,6,155.086,36.30735,30.39716667,111.808375,8.128483333,2.427025,2679.558742,27.776925,5.910183332999999,0.0,280.6027349703482,132.5194129825,37.18530971955457,65.47837104880793,0.5679021808871274
7,7,163.384,36.306325,30.310925,106.1075,8.759516667,2.331066667,2798.102008,27.65294167,5.9954,0.0,293.016556742768,127.9138640026651,37.480879989723626,66.21115754774695,0.5660810258859315
8,8,172.646,36.398225,30.31161667,102.692475,9.430741667000001,2.228775,2933.09265,27.79024167,6.086608332999999,0.0,307.15274370030073,123.00434475750001,37.78112197932383,67.64247481248194,0.5585413911016773
9,9,181.972,36.40163333,30.20113333,96.59104167,10.15435833,2.128575,3027.75695,27.313000000000002,6.2005,0.0,317.06596600354726,118.1952156975,37.47568024212547,67.83398621859341,0.5524617132385672
10,10,189.995,36.48678333,30.347425,94.16439167,10.69426667,2.0318083330000003,3171.931392,27.82005833,6.139358333,0.0,332.16387824704896,113.55087048483492,37.71749751857113,68.35340186080794,0.5518013221255248
11,11,199.482,36.55801667,30.261125,90.90473333,11.31464167,1.937308333,3244.307975,27.6806,6.296891667000001,0.0,339.74313628654613,109.01531463483491,37.037204897303425,69.90758258522771,0.5298023980753387
12,12,208.13299999999998,36.640025,30.30989167,85.94944167,11.93876667,1.841558333,3336.21195,27.5159,6.330133332999999,0.0,349.36729803207226,104.4197646598349,36.48085104035139,69.88950611646099,0.5219789503099536
13,13,216.912,36.63443333,30.13900833,81.00223333,12.519525,1.741241667,3480.0953170000003,27.77894167,6.495425,0.0,364.43472897288734,99.6050361801651,36.299534364653105,72.55493831101802,0.5003041172614537
14,14,224.771,36.71425,30.21595,76.61213333,13.11635833,1.646625,3591.46625,27.23705833,6.4983,0.0,376.09746579076875,95.0638808625,35.75328468062181,71.1736729792269,0.5023386202234771
15,15,237.78799999999998,36.75626364,30.10654545,71.80420909,13.70464545,1.549745455,3681.2593,28.41803636,6.649718182000001,0.0,385.5005719874715,90.4141180363615,34.85469421876012,76.13147674224261,0.4578223845147156
16,16,245.858,36.82659091,30.11656364,67.87138182,14.23839091,1.4534181819999998,3772.605573,27.72733636,6.710027273,0.0,395.0663313161946,85.79086167054459,33.89308098063719,75.00849800339248,0.45185654802878833
17,17,255.613,36.89927273,30.0915,62.78472727,14.77280909,1.3566909090000001,3892.0536090000005,27.37064545,6.807772727000001,0.0,407.57490038134586,81.1484071847277,33.07405397442028,75.20732596557956,0.4397717050803989
18,18,265.519,36.96829091,29.90203636,57.95985455,15.46428182,1.259754545,3971.5776090000004,27.61560909,7.066254545,0.0,415.9026341779658,76.4959173136385,31.814853514602113,78.98544211907749,0.4027938903809442
19,19,278.224,37.01800909,29.86006364,53.82264545,16.02884545,1.166609091,4114.287590999999,28.04069091,7.157945455,0.0,430.84718852906013,72.0253733052723,31.031929591332588,81.31964406716475,0.3816043460015913
20,20,291.681,37.12708182,29.81086364,50.1418,16.68548182,1.0678181820000001,4150.231182,28.02722727,7.316218182,0.0,434.61119257240045,67.2838739905446,29.24232471592171,83.2101933330737,0.35142719352748714
21,21,339.75800000000004,37.66717,29.45978,50.27987,18.486710000000002,1.0710899999999999,4677.128470000001,27.71783,8.20739,4.38,489.7877474819249,67.44090587699999,33.03172937763634,93.03647625458386,0.3550406325283508
22,22,350.995,37.59966,29.53218,55.223530000000004,17.95482,1.16107,4485.73658,27.720640000000003,8.06748,4.38,469.74523565213786,71.759522971,33.708694028297394,91.35884298301382,0.36897023788452304
23,23,363.092,37.48189,29.59872,60.253980000000006,17.36948,1.26465,4416.24943,27.276159999999997,7.88317,4.38,462.4685583284896,76.730876145,35.485617670060044,87.70715667027902,0.404592042625011
24,24,373.591,37.44036667,29.71803333,64.4746,16.81278889,1.355055556,4336.682956000001,27.33327778,7.722333333,4.38,454.13637666499585,81.0699179268868,36.81679878384496,85.9785175902537,0.4282092761741034
25,25,383.039,37.30705556,29.6004,68.26147778,16.2228,1.4536,4195.083844,27.83442222,7.706655556,4.38,439.3081523481382,85.79958808,37.69245851165614,87.36507645211907,0.4314362219131544
26,26,392.014,37.20446667,29.68442222,71.17737778,15.68243333,1.549044444,4069.8337109999998,27.59175556,7.520044444,4.38,426.1919891066608,90.3804728031132,38.519433480359275,84.36367307598468,0.45658791368253476
27,27,400.47,37.25882222,29.95202222,76.52711111,15.15995556,1.648455556,4037.5714,27.63811111,7.3068,4.38,422.813487803007,95.1517389468868,40.23143861465442,81.9417157879724,0.49097627780647096
28,28,417.124,37.227,29.82008889,81.65015556,14.62862222,1.742266667,3949.3808329999997,27.56636667,7.406911111,4.38,413.57819323345586,99.6542313626651,41.21481695503982,82.92945057878372,0.4969864947541812
29,29,427.37199999999996,37.11261111,30.02438889,85.92417778,14.06218889,1.841688889,3856.688989,28.16773333,7.088222222000001,4.38,403.8715260392777,104.4260307342217,42.17470039085463,80.83377674466617,0.5217460087764306
30,30,436.36400000000003,37.06912222,29.91214444,89.77148889,13.48012222,1.9402,3770.6322560000003,27.83163333,7.156977778,4.38,394.8596860434173,109.15410106,43.10055407490304,80.70164967483426,0.5340727760654858
31,31,447.645,37.03025,30.003025,95.1256625,12.82485,2.03065,3635.088963,27.322,7.027225,4.38,380.6656256085641,113.495275945,43.20375022122004,77.68181025253955,0.556163020413233
32,32,457.735,36.9072,29.9669125,100.3564,12.2339875,2.1298875,3542.0626880000004,27.2406625,6.9402875,4.38,370.9239368820015,118.25820952875,43.86480064702057,76.4203918014967,0.5739934016690225
33,33,468.03,36.8675125,30.00315,102.8708375,11.631775,2.2243,3386.555125,28.0316,6.8643625,4.38,354.63922298399433,122.78956579,43.54599620230765,77.71348139719859,0.5603403092925572
34,34,477.73699999999997,36.9602,30.284275,106.341675,10.8531625,2.3195875,3245.6522,27.65765,6.675925,4.38,339.883903199211,127.36291793875,43.28860567186316,74.40970296885665,0.5817602267540447
35,35,486.10900000000004,36.7591875,30.0033,111.8377125,10.273875,2.41915,3219.00635,27.5998875,6.7558875,4.38,337.09355631544423,132.14144999500002,44.544031315493996,75.21430473755152,0.5922281867913741
36,36,495.38199999999995,36.7135,30.12885,117.349625,9.54925,2.518125,2983.075863,27.4151625,6.58465,4.38,312.38697351977356,136.8917848125,42.76321035729698,72.6688332578706,0.5884670007780177
37,37,570.992,37.9054,29.45284286,116.43318570000001,13.25488571,2.523528571,3868.542043,27.65124286,8.452557143,8.76,405.11277495015946,137.1511308237163,55.561675195548055,95.76185054832345,0.5802067825277715
38,38,581.904,37.70778571,29.40598571,119.7507,12.62848571,2.6158,3717.355457,27.76218571,8.3018,8.76,389.28055270495304,141.57972574000001,55.114233887882875,94.3254812051496,0.5842984650988875
39,39,591.2919999999999,37.70425714,29.48901429,125.92422859999998,12.02647143,2.718257143,3512.903271,27.60704286,8.215242857,8.76,367.87036987781863,146.4971870554279,53.89197438814025,92.75891632285482,0.5809896937623218
40,40,602.57,37.69307143,29.37598571,130.7119,11.30041429,2.818157143,3473.760671,28.11491429,8.317085714,8.76,363.7713663957556,151.2919175254279,55.03566756285886,95.71086050413597,0.575020089391847
41,41,613.134,37.63371429,29.55191429,133.1502,10.54961429,2.9113428569999997,3327.596843,27.72908571,8.0818,8.76,348.4651261377334,155.7643938245721,54.2784591418471,91.55940377012975,0.5928223307145962
42,42,623.881,37.50948571,29.50804286,138.42362859999997,9.9163,3.008085714,3208.5267710000003,28.00852857,8.001442857,8.76,335.99613737006115,160.40759626914422,53.896332751248686,91.50307663320358,0.5890111538795124
43,43,634.775,37.56118571,29.58938571,143.1793286,9.3094,3.1060285710000004,3065.546086,27.48145714,7.9718,8.76,321.0232350671289,165.10839307371634,53.003630481259556,89.42679316305443,0.5927041394027909
44,44,645.8969999999999,37.47651429,29.63052857,148.8504714,8.699071429,3.204785714,2934.618471,26.99278571,7.845985713999999,8.76,307.3125273015946,169.84827177914417,52.196501658256906,86.35935644390938,0.6044104982667242
45,45,679.82,37.82272857,29.4087,115.74822859999999,13.30995714,2.519042857,3841.390814,27.63364286,8.414028571000001,8.76,402.26950490133055,136.93583763457212,55.08511160850831,95.23777032308391,0.5783956451483271
46,46,689.2919999999999,37.95255714,29.41307143,112.7485571,13.91258571,2.4195428569999997,4031.608557,27.13427143,8.539485714,8.76,422.1890603449435,132.16030528457208,55.79663510299436,94.99750504123082,0.5873484264537
47,47,699.788,37.94611429,29.3405,108.26421429999999,14.54535714,2.320314286,4121.165229,27.22125714,8.605614286,8.76,431.5674130953989,127.3978002508558,54.980739088306194,96.08507115759828,0.5722089646801327
48,48,710.3610000000001,37.94584286,29.12841429,102.8208714,15.23082857,2.219171429,4213.5649140000005,27.51722857,8.817428571,8.76,441.2434854706761,122.54341848628371,54.07148509437951,99.66514636619695,0.5425315375116805
49,49,721.0260000000001,37.97737143,29.09541429,97.60084286,15.86768571,2.119285714,4333.811186,27.39572857,8.881957143,8.76,453.8356456141794,117.7493736291442,53.43886300164789,99.99406283174491,0.5344203594524091
50,50,738.693,38.05377143,29.10037143,94.7368,16.44032857,2.011628571,4474.117414,27.76778571,8.9534,8.76,468.5284794353136,112.5823367537163,52.74803105049312,102.21500533503647,0.5160497803389789
51,51,819.96,39.42066667,28.4,93.20345,19.18223333,2.01285,5055.6274,26.8875,11.02066667,10.95,529.424062699287,112.64095960499999,59.634834460425374,123.15297385347033,0.4842338158344434
52,52,833.868,39.3703,28.46518333,98.27695,18.44951667,2.1009,4983.557967,27.53846667,10.90511667,10.95,521.876969332538,116.86694577000002,60.99016747359768,124.75042989456168,0.48889745330053136
53,53,845.7589999999999,39.24728333,28.45796667,102.9024667,17.90623333,2.213466667,4807.120733,27.12088333,10.78931667,10.95,503.40050541518036,122.2696167226651,61.55058685511,121.49262884741151,0.5066199278016641
54,54,856.7310000000001,39.09583333,28.44946667,108.20136670000001,17.32091667,2.312933333,4658.800067,27.20025,10.64636667,10.95,487.8684016102236,127.04354919733491,61.98053328179359,120.15680206412513,0.5158304167309304
55,55,866.7239999999999,39.02471667,28.52868333,113.01578329999998,16.66966667,2.417766667,4570.848833,27.08301667,10.49603333,10.95,478.65816993379593,132.0750565126651,63.218804844254954,117.86786951230404,0.5363531648262773
56,56,892.699,38.93863333,28.61695,115.38158329999999,16.06406667,2.519483333,4460.97685,26.64645,10.32168333,10.95,467.15240279267175,136.9569784123349,63.97978154454633,113.94700677953895,0.5614871627855251
57,57,903.07,38.95571667,28.59656667,120.09896670000002,15.38178333,2.6230833330000003,4314.57955,27.28418333,10.35915,10.95,451.82171340401027,141.92929149233493,64.12673566428398,117.1187849575238,0.5475358687126171
58,58,913.528,38.88853333,28.58673333,126.70745,14.78883333,2.716583333,4218.6203,27.28558333,10.3018,10.95,441.77288425402645,146.41685204233488,64.68299503013732,116.44410899537911,0.5554853361684803
59,59,922.918,38.8498,28.7358,130.22981670000001,14.16413333,2.818133333,4132.27605,27.27626667,10.113999999999999,10.95,432.73093554836777,151.29077475733487,65.46819850057891,114.176117341312,0.5733966088973911
60,60,933.592,38.73611667,28.76698333,135.37485,13.47738333,2.914216667,3954.9042,27.45905,9.969133333,10.95,414.15659887247097,155.9023231976651,64.56797593186171,113.21088320908882,0.5703336472749826
61,61,945.596,38.71156667,28.74373333,138.52151669999998,12.81423333,3.0099166669999997,3883.6546670000002,27.05531667,9.967833333,10.95,406.6953652328466,160.4954734076651,65.27276517574897,111.53103211284228,0.5852430838236017
62,62,961.408,38.7628,28.83676667,140.5250667,12.19843333,3.1116666669999997,3805.008,27.12435,9.926033333,10.95,398.45950553304,165.3789951826651,65.89683264603573,111.32241912501318,0.5919457478913992
63,63,973.758,38.65168333,28.8771,147.6756833,11.61086667,3.209483333,3638.3662329999997,27.02876667,9.774583332999999,10.95,381.0088205200329,170.07373541233488,64.79959333088986,109.14949385926465,0.5936774513534737
64,64,991.29,38.570440000000005,28.9892,150.8817,10.94238,3.3070800000000005,3544.6167600000003,27.137179999999997,9.58124,10.95,371.19139867609385,174.75791672400004,64.8686355385019,107.30499082219517,0.6045258010970759
65,65,1002.716,38.474940000000004,29.0649,154.9708,10.3018,3.4039,3400.1056200000003,27.105999999999998,9.410039999999999,10.95,356.0582275005231,179.40482167,63.87856280886764,105.1631054987092,0.6074237015533143
66,66,1111.4029,39.16026,28.301740000000002,139.04564,13.89696,3.01032,4067.4689,27.59388,10.85852,12.26,425.9443466781195,160.514831496,68.37038503371215,124.44215118123802,0.5494150043592325
67,67,1122.404,39.24216,28.429740000000002,133.60668,14.449079999999999,2.9165,4237.56076,27.15346,10.81242,12.26,443.7563245848138,156.01191245,69.23127286025976,121.91144657385048,0.5678816452917851
68,68,1133.4709,39.24188,28.33158,129.48561999999998,15.133220000000001,2.82078,4330.85844,27.13658,10.9103,12.26,453.5264347764822,151.417802334,68.67197605422912,122.9910509591641,0.5583493719151146
69,69,1144.6109,39.36878,28.372659999999996,123.90388,15.7076,2.72048,4487.42144,27.01776,10.99612,12.26,469.9216737785472,146.603873744,68.8923377321993,123.46112046227991,0.5580083630720606
70,70,1154.425,39.40576,28.27944,120.57094,16.294220000000003,2.6207,4592.02386,26.827059999999996,11.12632,12.26,480.8756135733543,141.81490270999998,68.19532835451679,124.10906365785094,0.5494790335581011
71,71,1164.2929,39.4183,28.2729,116.70808000000001,16.88194,2.5147,4548.74348,27.18174,11.1454,12.26,476.3433027834474,136.72740091,65.12918173046593,125.9755051191837,0.5169987742366907
72,72,1191.4759,39.08582,28.518459999999997,141.9459,13.221379999999998,3.10954,3986.42396,26.70014,10.56736,12.26,417.4573404173298,165.276925162,68.99606561048257,117.02996377871189,0.5895589760323686
73,73,1204.6169,39.09838,28.52202,144.34192,13.198879999999999,3.11062,3999.94976,27.050420000000003,10.576360000000001,12.26,418.8737588795088,165.328760086,69.25187918811132,118.67118375976129,0.5835610381059758
74,74,1214.9160000000002,39.08122,28.58326,146.65313999999998,12.57744,3.2054400000000003,3977.16738,26.736759999999997,10.49796,12.26,416.4879936275919,169.879674432,70.7528447622922,116.3833351191199,0.6079293456393539
75,75,1237.285,38.93658,28.59572,151.3111,11.90484,3.30214,3776.70594,26.6916,10.340860000000001,12.26,395.4957207438447,174.520819942,69.02223746776804,114.36273222167459,0.6035378494978507
76,76,1249.378,38.94678,28.63832,154.91754,11.25118,3.40164,3692.7439799999997,26.88802,10.30846,12.26,386.70324486332487,179.296352292,69.33448122347423,114.82536108730159,0.6038255013259597
0,0,218.957,39.49456667,31.57835,51.13825,17.626825,1.032666667,4429.3524,28.95301667,7.91621667,0.0,463.84069813666196,65.59676648266509,30.42644996082696,93.51532945905583,0.3253632333525456
1,1,230.69299999999998,39.38844167,31.58035,55.57203333,16.99763333,1.133633333,4312.898633,28.72414167,7.80809167,0.0,451.6456881875949,70.4426919073349,31.815138064274993,91.42509343853686,0.3479913103470179
2,2,238.398,39.36255833,31.744725,57.8076,16.37248333,1.226125,4175.4666,28.785025,7.61783333,0.0,437.253839362683,74.8818572125,32.742379564773834,89.23661136536127,0.36691643781403555
3,3,246.265,39.26884545,31.89569091,64.05278182,15.71775455,1.321318182,4052.089882,28.46890909,7.37315454,0.0,424.3338596810189,79.45068254054459,33.713614776720625,85.2265881815136,0.39557625731676777
4,4,255.324,39.22793636,31.74323636,63.68204545,15.77521818,1.315945455,4137.053773,28.38475455,7.4847,0.0,433.23125753038556,79.1928168963615,34.30880365138426,86.3519201137938,0.39731373206493176
5,5,264.54400000000004,39.18494545,31.91880909,68.27891818,15.17418182,1.411954545,4029.666309,28.16137273,7.26613636,0.0,421.9856686102343,83.8008019736385,35.36273745091969,82.99495963345083,0.4260829525925435
6,6,273.988,39.07904545,31.9068,71.93234545,14.58717273,1.514727273,3946.795491,28.97999091,7.17224545,0.0,413.3074568526247,88.7334098858169,36.67417997776853,84.22393508641309,0.43543655304327816
7,7,286.3,39.0251,31.9259,77.20988182,14.06141818,1.6022181819999999,3794.3601729999996,29.04258182,7.0992,0.0,397.34446769831754,92.9325623105446,36.926239503124066,83.48304031982495,0.4423202528520645
8,8,295.643,39.00488,32.03439,81.09342,13.52699,1.70029,3757.68135,28.3834,6.97049,0.0,393.5034703400692,97.639548637,38.42150123109748,79.99909949720856,0.48027417149161955
9,9,304.062,38.92708,32.1048,85.8786,12.98925,1.7914599999999998,3621.1271,28.18948,6.82228,0.0,379.2035427358605,102.015280138,38.684555641520866,77.63515815802938,0.4982865567527659
10,10,315.57,38.84094,32.04266,90.02415,12.44631,1.8993200000000001,3508.9890600000003,29.08019,6.79828,0.0,367.4604746608803,107.192053196,39.3888427472765,79.78462491745262,0.49368963992785936
11,11,323.776,38.91299,32.18533,96.47348000000001,11.76493,1.98836,3441.28191,28.239520000000002,6.72766,0.0,360.37019850113205,111.465554708,40.16886407616075,76.6106656659052,0.5243246971816549
12,12,336.402,38.741609999999994,32.06977,97.89602,11.26695,2.09353,3290.01191,28.79883,6.6718399999999995,0.0,344.52924116228206,116.513220409,40.14221141288648,77.42874185088964,0.5184407037142792
13,13,344.374,38.70082,31.99612,100.43047,11.22494,2.0916,3277.6761,28.61768,6.7047,0.0,343.2374381613555,116.42058948,39.95990488235006,77.35075578136149,0.5166065215354863
14,14,354.366,38.71436667,32.15678889,104.03322220000001,10.57776667,2.1787888890000002,3213.341989,28.52698889,6.55757778,0.0,336.5003858192927,120.60524636422171,40.58371193339146,75.27999124342712,0.5391035687312853
15,15,363.914,38.57123333,32.23518889,107.8563889,9.989644444,2.2859,3089.660411,29.06524444,6.33604444,0.0,323.5484812731193,125.74607626999999,40.684952003212324,73.89952621251744,0.5505441521534534
16,16,377.592,38.66048889,32.19993333,111.92546670000002,9.309311111,2.381733333,2985.270911,28.67528889,6.46055556,0.0,312.6168384085468,130.34562583733492,40.748237449651036,74.46113595181961,0.5472416842528074
17,17,387.648,38.48768889,32.24654444,114.4126222,8.730933333,2.478088889,2816.230967,28.87626667,6.24114445,0.0,294.91501688765305,134.9702396542217,39.80475050695537,72.22701313006091,0.5511061413446241
18,18,407.95599999999996,38.42345,32.501275,137.7041,5.1220875,3.0126,2166.943288,29.059,5.922175,0.0,226.92177021825444,160.62426078,36.449141596196135,68.65217776786581,0.5309247686131957
19,19,416.111,38.4006625,32.405525,140.0079625,5.1567375,3.012175,2152.648325,28.9857,5.9951375,0.0,225.4248051951604,160.6038627775,36.204094480208205,69.39895394784175,0.5216806943144728
20,20,469.43199999999996,38.8604375,32.05715,137.367425,7.607575,3.0102,2690.449088,28.6457375,6.8032875,4.38,281.7431693353334,160.50907206,45.222334669257805,78.65505440214861,0.5749450561440649
21,21,499.841,38.8553625,32.002025,129.18575,8.9569875,2.8169125,3005.5625379999997,28.2808125,6.8533375,4.38,314.7417726165381,151.23218051125002,47.5990845707751,78.2687580335751,0.6081492253953542
22,22,511.681,39.0091875,31.9009,121.5843375,10.2759375,2.6204125,3284.827038,28.8009625,7.1082875,4.38,343.98628263673567,141.80110406125,48.777634659814304,82.9023539696603,0.5883745433533216
23,23,521.961,39.1859125,32.0008875,113.031325,11.5838875,2.3776625,3479.1084,29.0620375,7.185025,4.38,364.331379266442,130.15024498625002,47.4178182677058,84.6239407562099,0.5603357376644761
24,24,533.063,39.3259625,31.9065875,104.92975,12.7880375,2.18255,3644.89525,28.5899125,7.419375,4.38,381.6925375806637,120.785762015,46.103024007119494,86.16364623651738,0.5350635218078825
25,25,545.884,39.3658125,31.7658875,93.7703,13.996525,1.9846625,3846.897675,28.5460625,7.599925,4.38,402.84618203606965,111.28809208625,44.831983003024355,88.27342988881787,0.5078763004846546
26,26,565.36,39.3847875,31.775775,87.084475,15.111875,1.794125,4071.0817130000005,27.895825,7.6090125,4.38,426.32267957034037,102.1431876125,43.54595744281699,86.37296197923926,0.5041619095253879
27,27,578.563,39.506525,31.4573625,76.37125,16.16505,1.603925,4234.5195380000005,28.73885,8.0491625,4.38,443.4378485620732,93.0144815525,41.24614158475725,94.48556566561524,0.43653378475530846
28,28,620.0980000000001,40.9273,30.62388571,77.59975714,19.92314286,1.605528571,5091.3469,28.29028571,10.30341429,8.76,533.1645999880094,93.0914454237163,49.633063261641304,120.75164799274046,0.41103425159568197
29,29,643.5459999999999,40.7938,30.87322857,85.14055714,18.7455,1.802914286,4925.664371,28.48285714,9.92057143,8.76,515.814366143349,102.5650320308558,52.90451698546818,116.83026536129293,0.45283229325777075
30,30,655.0880000000001,40.59488571,30.83138571,95.47821429,17.72288571,1.9804571430000002,4665.4862,28.33294286,9.7635,8.76,488.568571819881,111.08625471542791,54.27325281513614,114.27951395252565,0.4749167277494941
31,31,674.1489999999999,40.3952,30.7823,102.2197,16.58782857,2.1798428569999997,4560.460314,28.6103,9.6129,8.76,477.57028676930304,120.65583187457209,57.621640228728204,113.52397136788592,0.5075724495401895
32,32,687.095,40.26755714,30.9068,111.4136429,15.4132,2.3746571430000003,4301.965843,28.73142857,9.36075714,8.76,450.50080909732844,130.00600197542792,58.56780907743916,110.85334586012755,0.5283359615625748
33,33,701.2410000000001,40.3104,31.19545714,118.0046,14.72951429,2.475928571,4175.9584859999995,28.32682857,9.11494286,8.76,437.30534954409086,134.8665545437163,58.97786577654705,106.26339363060154,0.5550158315249092
34,34,711.779,40.22131429,31.17152857,120.55372859999999,14.08888571,2.616842857,4103.2197289999995,27.71434286,9.04978572,8.76,429.68816473204635,141.6297779745721,60.85663936930109,103.18025471331059,0.589808966244492
35,35,721.4960000000001,40.11745714,31.2494,126.48068570000001,13.33331429,2.7564428569999997,3899.849614,28.16147143,8.86805714,8.76,408.39129611492456,148.3299218545721,60.57664903881417,102.61873989890587,0.5903078628571237
36,36,729.375,40.14738571,31.26262857,128.8599571,12.88741429,2.811285714,3839.459586,27.87531429,8.88475714,8.76,402.0672671783214,150.9621212291442,60.69692753004446,101.77849600641947,0.5963629834559171
37,37,742.352,39.93431667,31.25516667,138.74125,11.60083333,3.0067,3560.6270329999998,28.89316667,8.67915,8.76,372.8679905421369,160.34108851000002,59.786059474062625,102.91076097688169,0.5809505138873983
38,38,762.7710000000001,39.92068333,31.31775,146.00755,10.27365,3.203366667,3327.4222170000003,28.08198333,8.60293333,8.76,348.44683934579683,169.7801641926651,59.159361596544585,99.09049700278311,0.5970235631665366
39,39,806.93,40.86465,30.83756667,146.41365,12.57676667,3.20585,3966.9175170000003,27.91531667,10.02708333,10.95,415.41463048544836,169.89935250499997,70.57867674058149,115.79570551125582,0.609510313262187
40,40,827.3810000000001,40.89635,30.58461667,138.0157833,13.85718333,3.014516667,4133.6716670000005,28.47475,10.31173333,10.95,432.8770842186816,160.7162517876651,69.57038246039994,121.64204005982357,0.5719271267251455
41,41,842.615,40.98245,30.51135,128.53513329999998,15.19138333,2.798166667,4383.275833,28.3017,10.4711,10.95,459.0155713291809,150.3324686326651,69.00494397874894,122.86474194965892,0.5616334099087773
42,42,853.558,41.17165,30.459,120.3191,16.28638333,2.6085833330000003,4531.88135,28.41903333,10.71265,10.95,474.5775046610692,141.2333596423349,67.02617539395867,126.36015919441198,0.5304375668824163
43,43,864.607,41.18856667,30.51768333,116.34191670000001,16.90563333,2.477766667,4696.0146,27.76436667,10.67088334,10.95,491.76549838842305,134.9547745126651,66.366101948118,122.94487484491658,0.5398037293692202
44,44,877.993,41.24836667,30.35131667,111.7545,17.51241667,2.377616667,4837.709017,28.45213333,10.89705,10.95,506.60370302153086,130.14804521766507,65.93348164828276,128.78954246132452,0.5119474794941723
45,45,938.732,41.51345,30.06471667,138.93395,15.25481667,3.008283333,4448.4196329999995,27.53418333,11.44873333,12.26,465.83741410494986,160.41708105233488,74.72827821568382,131.24198299131814,0.5693930898668851
46,46,5.484,41.54133333,30.13703333,138.8957,15.25191429,2.9940428569999997,4475.047067,28.03973333,11.4043,12.26,468.6258324697086,159.7336051345721,74.85529367957658,133.10973832605995,0.5623577554950505
47,47,32.815,41.63742105,30.06410526,129.5737474,16.3956,2.8285052630000003,4610.551247,27.61924211,11.57331579,12.26,482.8157970007845,151.7885786492639,73.28592357616063,133.14416399996335,0.5504253538005676
48,48,43.251000000000005,41.85144737,30.03111579,121.29613159999998,17.53543684,2.629557895,4831.7925,27.61563158,11.82033158,12.26,505.98412681083744,142.2400400378935,71.9712024561121,136.09404569791957,0.5288343225232837
49,49,58.107,41.86729444,30.03626111,116.7691611,18.16802222,2.48975,4931.341161,27.78647222,11.83103333,12.26,516.4088382013356,135.52991817499998,69.9888475862738,137.06532492434914,0.5106240227052535
50,50,66.911,41.98377222,30.05213333,113.13916670000002,18.71998333,2.386566667,5085.996206,27.37214444,11.93163889,12.26,532.6042766232495,130.5776031526651,69.54618987032292,136.21939833626482,0.5105454195197989
51,51,92.275,41.4506375,30.1583875,138.0248813,15.17205,3.014925,4473.473594,27.95275625,11.29225,12.26,468.4610587626495,160.7358498525,75.2984864030164,131.3344054651419,0.5733340485787765
52,52,103.34200000000001,41.40290667,30.211840000000002,146.44212,13.98173333,3.217073333,4188.411553,28.24295333,11.19106667,12.26,438.6094316693295,170.4380197393349,74.75572297271563,131.4548000465967,0.5686800553971176
53,53,114.199,41.31728667,30.35274,155.49746000000002,12.69834,3.406793333,3936.795507,28.01270667,10.96454667,12.26,412.26026097814076,179.54368805533488,74.01872769467025,127.62292756332432,0.5799798602640847
0,0,0.0,42.416000000000004,22.074,135.4,24.3,2.42,5700.0,27.24,20.342,15.0,596.9026034999999,132.182246,78.89992677387745,235.21734816462381,0.33543413098364244
1,1,0.0,41.728,21.921,144.52,23.3,2.62,5760.0,26.996,19.807000000000002,15.0,603.1857888,141.781306,85.52046889670417,226.82790051264448,0.37702799657106933
2,2,0.0,41.507,22.004,153.44,22.2,2.818,5640.0,27.48,19.503,15.0,590.6194182,151.2843754,89.35148978149839,227.26072658420534,0.3931673154639484
3,3,0.0,41.452,22.234,161.2,21.2,3.0180000000000002,5460.0,26.753,19.218,15.0,571.7698623,160.8834354,91.98829970500894,217.9317753926038,0.4220967756505087
4,4,0.0,41.41,22.448,170.4,20.1,3.219,5280.0,27.24,18.962,15.0,552.9203064,170.53049069999997,94.28977116838634,218.86553009665846,0.43081142620651486
5,5,0.0,41.315,22.517,178.8,19.0,3.42,5100.0,26.753,18.798,15.0,534.0707505,180.177546,96.2275572154683,213.0441080852458,0.4516790352961301
6,6,0.0,48.09,21.791,160.8,24.6,3.01,6180.0,27.24,26.299,20.0,647.1680858999999,160.49947299999997,103.8701367293687,305.80269615800773,0.3396639010523935
7,7,0.0,47.7,21.926,169.6,23.7,3.219,6060.0,27.24,25.774,20.0,634.6017153,170.53049069999997,108.21894190917068,299.5818958060644,0.36123325015349617
8,8,0.0,47.465,22.044,178.4,22.8,3.42,5880.0,27.24,25.421,20.0,615.7521594,180.177546,110.94471302489283,295.39914814085296,0.3755756024455152
9,9,0.0,47.157,22.121,187.2,21.8,3.6180000000000003,5820.0,27.483,25.035999999999998,20.0,609.4689741,189.68061540000002,115.60445007449466,293.43170095087834,0.39397396293540665
10,10,0.0,44.992,32.707,122.24,18.9,2.42,4770.0,26.996,12.285,15.0,499.51323135,132.182246,66.02678082656061,138.49701069818434,0.4767379490265504
11,11,0.0,44.756,33.046,131.2,17.6,2.62,4590.0,27.483,11.71,15.0,480.66367544999997,141.781306,68.14912365206112,134.121419962025,0.5081151368018382
12,12,0.0,44.62,33.107,140.0,16.5,2.818,4410.0,27.483,11.513,15.0,461.81411955,151.2843754,69.86526062702266,131.76631525282463,0.5302209482975201
13,13,0.0,44.50899999999999,33.223,149.0,15.4,3.0180000000000002,4230.0,27.483,11.286,15.0,442.96456365,160.8834354,71.26566076047395,129.0525651564364,0.552221962222032
14,14,0.0,44.104,32.813,157.92,14.3,3.219,4050.0,27.726,11.290999999999999,15.0,424.11500775,170.53049069999997,72.3245403848418,130.2539286781483,0.5552580342014293
15,15,0.0,44.053999999999995,33.218,166.4,13.2,3.42,3870.0,27.726,10.835999999999999,15.0,405.26545185,180.177546,73.01973459291416,124.76637890513373,0.5852516938752771
16,16,0.0,47.147,35.117,122.36,20.0,2.42,5070.0,27.483,12.03,15.0,530.92915785,132.182246,70.17940855150154,137.94697075869564,0.5087419329726579
17,17,0.0,46.62,35.501,131.32,18.9,2.62,4860.0,27.483,11.119000000000002,15.0,508.9380093,141.781306,72.15789563159414,127.05610583442393,0.5679215111915075
18,18,0.0,46.403,34.59,140.08,17.85,2.818,4710.0,27.24,11.812999999999999,15.0,493.23004605,151.2843754,74.61799944518748,134.15600301848121,0.5562032094449636
19,19,0.0,46.342,34.94,149.0,16.7,3.0180000000000002,4530.0,27.361,11.402000000000001,15.0,474.38049015,160.8834354,76.31996294206787,129.86029308331695,0.5877082295902553
20,20,0.0,46.103,34.900999999999996,157.56,15.7,3.219,4350.0,27.480999999999998,11.202,15.0,455.53093425,170.53049069999997,77.68191374668193,128.03903970400467,0.6067049075521321
21,21,0.0,46.231,34.551,166.0,14.6,3.42,4170.0,27.604,11.68,15.0,436.68137835,180.177546,78.68017913500054,134.3516948427684,0.58562848222406
22,22,0.0,44.1,31.0,120.0,17.6,2.42,4710.0,27.483,13.1,15.0,493.23004605,132.182246,65.19625528157243,150.73865623506316,0.43251185137211806
23,23,0.0,44.032,31.628,130.0,16.6,2.62,4560.0,27.483,12.404000000000002,15.0,477.52208279999996,141.781306,67.70370454322413,142.4180832523045,0.4753869943838652
24,24,0.0,43.698,31.689,138.8,15.5,2.818,4350.0,27.604,12.009,15.0,455.53093425,151.2843754,68.91471286338971,138.30215579578217,0.4982909519150924
25,25,0.0,43.67100000000001,31.435,146.8,14.4,3.0180000000000002,4170.0,27.726,12.235999999999999,15.0,436.68137835,160.8834354,70.25480032415518,141.6511474374863,0.495970569918328
26,26,0.0,43.365,31.906999999999996,156.0,13.2,3.219,3990.0,27.726,11.458,15.0,417.83182245,170.53049069999997,71.25306571247376,132.26804035307896,0.5387020592598892
27,27,0.0,43.504,31.574,163.6,12.0,3.42,3780.0,27.726,11.93,15.0,395.8406739,180.177546,71.32160123028827,137.9606194582721,0.5169707233147092
28,28,0.0,51.1,31.235,148.0,20.2,3.01,5370.0,27.726,19.865,20.0,562.34508435,160.49947299999997,90.25608968231552,233.66107538985605,0.38626925572317133
29,29,0.0,51.313,31.774,152.0,19.8,3.11,5340.0,27.726,19.539,20.0,559.2034917,165.29900299999997,92.43577965212876,229.72933643160826,0.4023682002827158
30,30,0.0,51.0163,31.674,166.0,18.5,3.42,5130.0,27.604,19.3423,20.0,537.21234315,180.177546,96.79360166967692,226.35660961564753,0.42761553035288874
31,31,0.0,51.13,31.3,156.0,19.3,3.2,5280.0,27.726,19.83,20.0,552.9203064,169.61858,93.78555722473291,233.23895617654725,0.402100741497673
