,Time (sec),PT1 (psi),PT2 (psi),torque (mNm),V (V),I (A),Speed (RPM),Flow Rate (GPM),GV (deg),DP (psi),dt
187,46.155,38.6517,31.2375,59.6403896,16.0493,1.0581,3945.707,27.2798,0,7.4142,0.248
188,46.402,38.5679,31.2466,62.3301328,15.9097,1.1158,3938.1447,27.1041,0,7.3213,0.247
189,46.649,38.6598,31.2416,57.2676352,16.0108,1.0072,3948.5114,27.505,0,7.4182,0.247
190,46.896,38.6628,31.2456,58.8059632,16.1016,1.0402,3952.465,27.3141,0,7.4172,0.247
191,47.143,38.6972,31.3304,59.9573784,15.9274,1.0649,3938.1447,27.3645,0,7.3668,0.247
192,47.389,38.6123,31.281,59.6217432,15.908,1.0577,3936.5944,27.4622,0,7.3313,0.246
193,47.635,38.7386,31.3042,60.591356,16.0282,1.0785,3944.3581,27.2023,0,7.4344,0.246
194,47.881,38.785,31.4355,59.9573784,16.0224,1.0649,3944.4619,27.6288,0,7.3495,0.246
195,48.128,38.7355,31.4132,62.1716384,15.9977,1.1124,3940.9384,27.1392,0,7.3223,0.247
196,48.375,38.7476,31.3728,59.3467088,15.9376,1.0518,3938.1447,27.1053,0,7.3748,0.247
197,48.622,38.6568,31.2739,58.1067232,15.9928,1.0252,3948.3034,27.2786,0,7.3829,0.247
198,48.869,38.7507,31.3153,57.9482288,15.8976,1.0218,3934.9423,27.0054,0,7.4354,0.247
199,49.115,38.6345,31.2668,59.5518192,15.9807,1.0562,3938.8686,27.5412,0,7.3677,0.246
200,49.362,38.7224,31.2557,57.9715368,16.0086,1.0223,3939.9033,27.2798,0,7.4667,0.247
201,49.61,38.7436,31.392,58.6241608,15.9703,1.0363,3941.0419,27.6702,0,7.3516,0.248
202,49.857,38.7133,31.3365,59.6403896,15.9238,1.0581,3950.279,27.1774,0,7.3768,0.247
203,50.104,38.7022,31.2517,60.4561696,15.9671,1.0756,3935.4584,27.3627,0,7.4505,0.247
204,50.351,38.7083,31.3405,59.076336,15.9899,1.046,3943.8398,27.2841,0,7.3678,0.247
205,50.598,38.6547,31.2951,58.8059632,16.0013,1.0402,3946.6413,27.5655,0,7.3596,0.247
206,50.845,38.685,31.3264,61.6308928,15.9948,1.1008,3945.6032,26.9575,0,7.3586,0.247
207,51.092,38.7153,31.3355,59.892116,16.0331,1.0635,3943.9433,27.0818,0,7.3798,0.247
208,51.339,38.7032,31.3022,59.915424,15.9429,1.064,3936.2846,27.1616,0,7.401,0.247
209,51.586,38.7184,31.3123,59.5751272,15.965,1.0567,3941.3527,27.4275,0,7.4061,0.247
210,51.833,38.6992,31.2658,58.1719856,16.0636,1.0266,3941.0419,27.588,0,7.4334,0.247
211,52.08,38.7537,31.3749,59.6403896,16.0091,1.0581,3945.3957,27.4021,0,7.3788,0.247
212,52.327,38.7012,31.285,58.0834152,15.9877,1.0247,3951.9443,27.772,0,7.4162,0.247
213,52.574,38.7618,31.4102,59.3700168,15.9092,1.0523,3932.1572,27.0384,0,7.3516,0.247
214,52.822,38.6275,31.2921,59.6217432,15.9322,1.0577,3933.6008,27.3818,0,7.3354,0.248
215,53.069,38.8062,31.4264,60.2277512,16.0166,1.0707,3947.9916,27.7498,0,7.3798,0.247
216,53.315,38.7073,31.2961,60.2743672,16.0638,1.0717,3952.9858,27.5137,0,7.4112,0.246
217,53.562,38.6487,31.3062,61.0202232,15.899,1.0877,3935.9748,27.6898,0,7.3425,0.247
218,53.809,38.7466,31.282,59.3047544,16.0413,1.0509,3940.6279,27.6558,0,7.4646,0.247
219,54.056,38.6557,31.2446,60.2510592,15.9996,1.0712,3944.2546,27.1574,0,7.4111,0.247
220,54.312,38.6982,31.3728,60.54474,15.9986,1.0775,3935.4584,27.4429,0,7.3254,0.256
221,54.56,38.7749,31.4112,60.521432,15.9322,1.077,3932.7756,27.2988,0,7.3637,0.248
222,54.807,38.8668,31.5122,61.8779576,15.9633,1.1061,3929.479,26.8065,0,7.3546,0.247
223,55.053,38.6699,31.3779,58.1719856,15.9284,1.0266,3940.7314,27.4876,0,7.292,0.246
224,55.3,38.6618,31.2951,57.8130424,15.9863,1.0189,3939.0756,27.098,0,7.3667,0.247
225,55.547,38.7931,31.4466,58.7173928,15.9511,1.0383,3936.9045,27.4454,0,7.3465,0.247
226,55.794,38.9335,31.5374,60.1857968,15.8918,1.0698,3937.3178,27.1853,0,7.3961,0.247
227,56.04,38.7739,31.3496,59.2348304,15.9645,1.0494,3940.1103,27.3442,0,7.4243,0.246
228,56.286,38.8103,31.388,57.677856,15.8714,1.016,3930.6115,27.3153,0,7.4223,0.246
229,56.532,38.6295,31.2547,57.9948448,15.9422,1.0228,3939.2824,27.5088,0,7.3748,0.246
230,56.78,38.7911,31.3496,58.2885256,15.9877,1.0291,3938.3515,27.2419,0,7.4415,0.248
231,57.027,38.7113,31.2769,58.7173928,15.9271,1.0383,3936.8012,27.2206,0,7.4344,0.247
232,57.273,38.7618,31.3496,59.868808,15.9671,1.063,3932.9819,27.3627,0,7.4122,0.246
233,57.52,38.7598,31.3819,56.6150112,16.0609,0.9932,3939.9033,27.3233,0,7.3779,0.247
234,57.767,38.7588,31.3981,60.3442912,15.9594,1.0732,3933.1882,27.1999,0,7.3607,0.247
235,58.013,38.7062,31.389,59.0343816,15.9468,1.0451,3931.7448,27.4244,0,7.3172,0.246
236,58.26,38.7628,31.3193,58.9877656,16.0049,1.0441,3939.1789,27.6037,0,7.4435,0.247
237,58.507,38.7184,31.3294,60.2510592,15.9485,1.0712,3941.9741,27.3068,0,7.389,0.247
238,58.754,38.7123,31.2931,57.7198104,15.9686,1.0169,3938.5585,27.4207,0,7.4192,0.247
239,59.001,38.4245,31.0295,58.1719856,16.0032,1.0266,3940.2138,27.9231,0,7.395,0.247
240,59.248,38.7789,31.4314,58.8292712,15.9412,1.0407,3935.2519,27.4659,0,7.3475,0.247
241,59.494,38.7901,31.3638,59.3700168,16.0003,1.0523,3940.7314,27.1962,0,7.4263,0.246
242,59.74,38.7224,31.3426,59.3933248,15.9468,1.0528,3934.4262,27.3608,0,7.3798,0.246
243,59.986,38.7032,31.2608,60.4328616,16.0098,1.0751,3933.9104,27.6955,0,7.4424,0.246
244,60.234,38.8375,31.3527,58.9877656,16.0461,1.0441,3945.707,27.5818,0,7.4848,0.248
245,60.48,38.785,31.3627,59.122952,15.964,1.047,3943.2177,27.2023,0,7.4223,0.246
246,60.727,38.6608,31.2476,61.2486416,15.9322,1.0926,3938.6618,27.5013,0,7.4132,0.247
247,60.974,38.7981,31.386,60.1624888,15.9596,1.0693,3940.8349,27.4498,0,7.4121,0.247
248,61.22,38.6941,31.2385,61.0668392,16.0117,1.0887,3944.2546,27.5299,0,7.4556,0.246
249,61.467,38.7577,31.3395,58.7826552,16.0175,1.0397,3941.249,27.1816,0,7.4182,0.247
250,61.714,38.7779,31.3436,58.353788,15.9911,1.0305,3935.4584,27.3836,0,7.4343,0.247
251,61.961,38.7557,31.3607,59.5285112,16.0059,1.0557,3935.8715,27.3824,0,7.395,0.247
252,62.208,38.5659,31.1719,58.7826552,15.9851,1.0397,3945.9145,27.5306,0,7.394,0.247
253,62.455,38.5497,31.1446,58.5355904,15.9839,1.0344,3942.1813,27.3621,0,7.4051,0.247
254,62.701,38.7426,31.3789,56.862076,15.9577,0.9985,3938.1447,27.6275,0,7.3637,0.246
255,62.948,38.784,31.3143,60.4561696,15.9642,1.0756,3937.8347,27.3246,0,7.4697,0.247
256,63.195,38.6679,31.2648,61.7893872,15.9967,1.1042,3941.9741,27.5899,0,7.4031,0.247
257,63.441,38.6638,31.286,59.6403896,15.9608,1.0581,3940.4208,27.5705,0,7.3778,0.246
258,63.689,38.782,31.4405,58.6474688,15.9238,1.0368,3932.3632,27.3356,0,7.3415,0.248
259,63.935,38.7224,31.3648,60.7731584,15.9555,1.0824,3927.2155,27.1816,0,7.3576,0.246
260,64.182,38.6275,31.3133,61.0202232,15.9061,1.0877,3934.6325,27.4423,0,7.3142,0.247
261,64.428,38.8153,31.4324,59.6636976,15.9317,1.0586,3928.0383,27.3381,0,7.3829,0.246
262,64.675,38.7668,31.3294,61.36052,16.0345,1.095,3948.8232,27.1835,0,7.4374,0.247
263,64.922,38.8224,31.4678,61.290596,15.9587,1.0935,3940.0068,27.4256,0,7.3546,0.247
264,65.168,38.7648,31.4132,60.7265424,16.0023,1.0814,3932.4665,27.039,0,7.3516,0.246
265,65.415,38.7759,31.4052,66.1945992,15.8709,1.1987,3945.2919,27.3621,0,7.3707,0.247
266,65.662,38.7709,31.4122,64.4325144,15.5035,1.1609,3864.0871,27.4864,0,7.3587,0.247
267,65.91,38.5851,31.2799,62.9174944,15.4073,1.1284,3847.831,27.5237,0,7.3052,0.248
268,66.157,38.6669,31.3597,62.759,15.4259,1.125,3834.748,27.2383,0,7.3072,0.247
269,66.404,38.6648,31.3567,63.1878672,15.3714,1.1342,3834.748,27.6728,0,7.3081,0.247
270,66.65,38.6244,31.3769,64.0502632,15.3416,1.1527,3827.8,27.4417,0,7.2475,0.246
271,66.896,38.582,31.3254,67.0290256,14.9453,1.2166,3798.8146,27.2621,0,7.2566,0.246
272,67.143,38.686,31.5233,68.5020912,14.8341,1.2482,3744.5703,27.4405,0,7.1627,0.247
273,67.39,38.6689,31.4466,68.9729128,14.8802,1.2583,3751.1252,27.505,0,7.2223,0.247
274,67.637,38.6679,31.4526,68.4088592,14.8036,1.2462,3740.6484,26.9396,0,7.2153,0.247
275,67.884,38.7325,31.5142,70.170944,14.5021,1.284,3726.8933,26.9611,0,7.2183,0.247
276,68.131,38.579,31.4314,75.1635176,14.2459,1.3911,3657.2878,27.7093,0,7.1476,0.247
277,68.378,38.6275,31.4738,72.7021928,14.1928,1.3383,3640.7766,27.178,0,7.1537,0.247
278,68.624,38.5639,31.4991,71.8910744,14.2141,1.3209,3633.3688,26.9253,0,7.0648,0.246
279,68.871,38.6467,31.6011,76.9489104,13.829,1.4294,3613.7612,26.8444,0,7.0456,0.247
280,69.118,38.5598,31.5657,74.64608,13.5273,1.38,3537.9028,26.7782,0,6.9941,0.247
281,69.366,38.5851,31.5213,78.1049872,13.5532,1.4542,3533.236,26.8207,0,7.0638,0.248
282,69.612,38.58,31.5778,77.4710096,13.3906,1.4406,3483.0261,26.8397,0,7.0022,0.246
283,69.858,38.48,31.5799,81.6291568,13.0353,1.5298,3444.3168,26.7323,0,6.9001,0.246
284,70.105,38.4154,31.5445,83.3213176,13.0142,1.5661,3439.7358,26.9874,0,6.8709,0.247
285,70.352,38.4245,31.5879,86.0343688,12.7942,1.6243,3415.3005,27.098,0,6.8366,0.247
286,70.599,38.3649,31.6071,86.9853352,12.4813,1.6447,3354.354,27.3787,0,6.7578,0.247
287,70.845,38.48,31.7323,85.6055016,12.3994,1.6151,3339.4184,27.4901,0,6.7477,0.246
288,71.092,38.2841,31.597,89.2648576,12.2762,1.6936,3312.5744,27.4207,0,6.6871,0.247
289,71.339,38.2872,31.7122,91.4325016,11.76,1.7401,3243.2431,26.8409,0,6.575,0.247
290,71.586,38.3276,31.6758,90.3743184,11.7697,1.7174,3230.1132,27.1853,0,6.6518,0.247
291,71.833,38.4114,31.7879,91.8660304,11.6803,1.7494,3207.5957,26.9814,0,6.6235,0.247
292,72.079,38.2074,31.6859,92.6305328,11.4084,1.7658,3181.2011,27.8579,0,6.5215,0.246
293,72.325,38.2286,31.6839,93.082708,11.1958,1.7755,3131.5239,27.2267,0,6.5447,0.246
294,72.572,38.166,31.6576,95.4321544,11.2198,1.8259,3131.9162,27.3147,0,6.5084,0.247
295,72.818,38.2579,31.7515,100.471344,10.769,1.934,3074.7785,26.9635,0,6.5064,0.246
296,73.065,38.2922,31.7424,96.4064288,10.5167,1.8468,3017.1374,26.8409,0,6.5498,0.247
297,73.312,38.375,31.8091,98.9609856,10.5291,1.9016,3015.1965,26.9862,0,6.5659,0.247
298,73.559,38.2892,31.7354,99.9305984,10.5063,1.9224,3012.5322,26.6106,0,6.5538,0.247
299,73.816,38.0701,31.6132,104.177316,10.1214,2.0135,2945.1032,27.4034,0,6.4569,0.257
300,74.063,37.9923,31.5829,105.8275224,9.9382,2.0489,2912.6213,27.1367,0,6.4094,0.247
301,74.309,38.2266,31.7828,104.899864,9.8287,2.029,2902.2521,27.2425,0,6.4438,0.246
302,74.555,38.1609,31.8,107.3425424,9.5453,2.0814,2868.9465,27.0222,0,6.3609,0.246
303,74.801,38.1195,31.801,111.1837008,9.2366,2.1638,2808.9887,26.7664,0,6.3185,0.246
304,75.047,38.0054,31.7435,108.2235848,9.1992,2.1003,2793.7124,26.9599,0,6.2619,0.246
305,75.293,38.1387,31.797,108.8575624,8.9392,2.1139,2786.4091,27.0799,0,6.3417,0.246
306,75.539,37.9347,31.6738,113.10428,8.7073,2.205,2742.2304,26.9958,0,6.2609,0.246
307,75.784,37.9135,31.696,112.8991696,8.6023,2.2006,2691.4167,27.1029,0,6.2175,0.245
308,76.03,37.9883,31.7233,114.2790032,8.5335,2.2302,2673.4501,27.2609,0,6.265,0.246
309,76.277,37.9105,31.6778,116.1529664,8.1363,2.2704,2649.1555,27.0546,0,6.2327,0.247
310,76.522,38.0165,31.7566,115.1134296,7.9962,2.2481,2593.4462,27.0486,0,6.2599,0.245
311,76.767,37.9085,31.701,117.0806248,7.9744,2.2903,2565.9824,27.2963,0,6.2075,0.245
312,77.012,38.0135,31.8667,122.5253736,7.5316,2.4071,2563.7268,27.2218,0,6.1468,0.245
313,77.259,37.8216,31.6647,123.2712296,7.3488,2.4231,2490.4533,26.9205,0,6.1569,0.247
314,77.505,37.8873,31.7384,119.8822464,7.2148,2.3504,2452.6596,27.245,0,6.1489,0.246
315,77.751,37.9721,31.8505,120.1759272,7.2264,2.3567,2434.1166,27.1816,0,6.1216,0.246
316,77.996,37.9842,31.8515,122.0731984,6.9819,2.3974,2429.8581,27.0956,0,6.1327,0.245
317,78.242,37.8438,31.7576,123.7234048,6.6147,2.4328,2372.5168,27.1005,0,6.0862,0.246
318,78.488,37.8146,31.7182,124.198888,6.5607,2.443,2317.676,27.2011,0,6.0964,0.246
319,78.733,37.857,31.699,125.2384248,6.5854,2.4653,2311.6042,27.098,0,6.158,0.245
320,78.978,37.8873,31.7798,121.8727496,6.5805,2.3931,2312.4594,27.2963,0,6.1075,0.245
321,79.223,37.7772,31.6485,123.6767888,6.5078,2.4318,2304.7138,27.1574,0,6.1287,0.245
322,79.469,37.8539,31.7788,123.1127352,6.5527,2.4197,2306.3439,27.3049,0,6.0751,0.246
323,79.715,37.9155,31.802,122.0498904,6.6244,2.3969,2313.7436,27.2804,0,6.1135,0.246
324,79.961,37.8226,31.7424,125.5321056,6.5229,2.4716,2309.1132,27.4864,0,6.0802,0.246
325,80.207,37.8095,31.7061,125.2617328,6.6409,2.4658,2311.8181,27.3664,0,6.1034,0.246
326,80.453,37.9176,31.8323,126.9119392,6.3922,2.5012,2298.0756,27.6539,0,6.0853,0.246
327,80.699,37.8428,31.8061,130.3428768,5.9664,2.5748,2230.9477,27.4034,0,6.0367,0.246
328,80.946,38.0135,31.9353,129.7322072,5.8491,2.5617,2178.8391,26.8634,0,6.0782,0.247
329,81.191,37.9004,31.7737,128.9210888,5.8317,2.5443,2178.8391,27.1186,0,6.1267,0.245
330,81.437,37.8812,31.8677,129.8907016,5.8523,2.5651,2180.3479,26.9994,0,6.0135,0.246
331,81.682,37.7651,31.6819,128.9863512,5.845,2.5457,2182.6435,27.4256,0,6.0832,0.245
332,81.928,37.7964,31.7061,132.0396992,5.8452,2.6112,2182.5166,27.2804,0,6.0903,0.246
333,82.174,37.8348,31.802,130.7297896,5.884,2.5831,2184.4235,27.1138,0,6.0328,0.246
334,82.42,37.7833,31.7374,135.1816176,5.4819,2.6786,2157.9628,27.3849,0,6.0459,0.246
335,82.665,37.7984,31.7849,133.778476,5.1887,2.6485,2077.1596,26.9635,0,6.0135,0.245
336,82.911,37.8166,31.8131,134.8413208,5.0719,2.6713,2077.1596,27.3196,0,6.0035,0.246
337,83.158,37.9004,31.899,133.1444984,5.1688,2.6349,2051.3203,27.3873,0,6.0014,0.247
338,83.404,37.8883,31.8919,135.270188,5.1567,2.6805,2051.9836,27.1816,0,5.9964,0.246
339,83.65,37.7095,31.8091,134.8180128,5.1288,2.6708,2053.1069,27.0583,0,5.9004,0.246
340,83.895,37.8812,31.8828,132.7622472,5.1094,2.6267,2035.0572,27.1561,0,5.9984,0.245
341,84.141,37.959,31.9353,132.8508176,5.0086,2.6286,2033.0712,27.1828,0,6.0237,0.246
342,84.387,37.9499,31.9828,134.7947048,5.0733,2.6703,2033.0712,27.0968,0,5.9671,0.246
343,84.633,37.8327,31.8667,134.8646288,5.1043,2.6718,2031.6289,26.905,0,5.966,0.246
344,84.878,37.9438,31.9757,132.310072,5.0086,2.617,2035.9964,27.0558,0,5.9681,0.245
345,85.124,37.9802,32.0171,131.7460184,5.0675,2.6049,2033.1815,27.086,0,5.9631,0.246
346,85.37,37.9004,31.9222,133.9136624,5.0311,2.6514,2032.4652,27.0558,0,5.9782,0.246
347,85.625,37.9711,31.9515,134.594256,5.0294,2.666,2034.5052,27.1598,0,6.0196,0.255
348,85.871,37.9479,32.006,133.5966736,5.0593,2.6446,2034.5052,27.2816,0,5.9419,0.246
349,86.116,37.9802,32.0615,135.1816176,5.0503,2.6786,2031.9696,26.7252,0,5.9187,0.245
350,86.362,37.7924,31.8455,134.4124536,5.0166,2.6621,2030.3194,27.3049,0,5.9469,0.246
351,86.607,37.8378,31.8818,131.8345888,5.1097,2.6068,2033.7327,27.2413,0,5.956,0.245
352,86.852,37.9155,31.9121,132.986004,5.0876,2.6315,2040.0391,27.5125,0,6.0034,0.245
353,87.1,37.8539,31.8747,136.039352,5.0934,2.697,2037.822,27.1646,0,5.9792,0.248
354,87.346,37.857,31.8636,135.4286824,5.0762,2.6839,2037.822,26.9551,0,5.9934,0.246
355,87.592,37.9145,31.8848,135.4286824,5.1661,2.6839,2039.4289,27.2829,0,6.0297,0.246
356,87.839,37.859,31.8838,137.7082048,5.1165,2.7328,2050.1887,26.5978,0,5.9752,0.247
357,88.085,37.9216,31.8889,131.494292,5.0241,2.5995,2036.7705,27.343,0,6.0327,0.246
358,88.331,37.8903,31.8646,133.6432896,4.9975,2.6456,2031.8594,27.0378,0,6.0257,0.246
359,88.577,37.967,31.9727,132.8508176,5.0333,2.6286,2034.0638,27.1828,0,5.9943,0.246
360,88.823,37.8994,31.9272,133.4381792,4.9984,2.6412,2034.0638,26.88,0,5.9722,0.246
361,89.068,37.9176,31.901,133.8484,5.1184,2.65,2036.357,27.0018,0,6.0166,0.245
362,89.314,37.8994,31.9767,136.016044,5.0372,2.6965,2036.8258,26.7924,0,5.9227,0.246
363,89.56,37.9479,31.9515,134.6362104,5.0985,2.6669,2032.0797,27.0787,0,5.9964,0.246
364,89.805,37.8842,31.9474,133.7132136,5.0702,2.6471,2035.9411,26.9253,0,5.9368,0.245
365,90.061,37.9368,31.9505,133.6432896,5.0474,2.6456,2028.7816,26.8243,0,5.9863,0.256
366,90.307,37.9852,31.9232,136.5567896,5.0871,2.7081,2028.7816,27.0763,0,6.062,0.246
367,90.553,37.9378,31.9515,134.8413208,5.0515,2.6713,2038.8745,27.0619,0,5.9863,0.246
368,90.798,37.9044,31.9192,137.437832,5.0736,2.727,2035.2229,27.3775,0,5.9852,0.245
369,91.043,38.0721,32.0717,136.8737784,5.0299,2.7149,2036.494,26.8243,0,6.0004,0.245
370,91.288,38.0034,32.0201,133.4381792,5.1395,2.6412,2044.2094,27.3467,0,5.9833,0.245
371,91.534,37.8964,31.9585,136.3563408,5.0549,2.7038,2044.9897,26.7664,0,5.9379,0.246
372,91.78,37.9923,31.9929,135.4053744,5.0125,2.6834,2044.9897,26.7311,0,5.9994,0.246
373,92.025,37.9075,31.905,131.1353488,5.1375,2.5918,2031.6944,26.9431,0,6.0025,0.245
374,92.271,37.9529,31.9818,133.1211904,5.092,2.6344,2051.4785,27.0186,0,5.9711,0.246
375,92.517,37.9428,31.9384,132.8974336,5.0842,2.6296,2043.1513,27.2023,0,6.0044,0.246
376,92.763,37.9983,32.0181,131.0654248,5.0605,2.5903,2038.1542,27.2267,0,5.9802,0.246
377,93.008,37.958,32.003,130.3195688,5.1043,2.5743,2042.2612,27.2242,0,5.955,0.245
378,93.254,37.8418,31.8444,134.4124536,5.0719,2.6621,2042.2612,26.9002,0,5.9974,0.246
379,93.5,37.8812,31.907,131.6527864,5.058,2.6029,2039.3101,27.0438,0,5.9742,0.246
380,93.746,37.8873,31.9293,132.6037528,5.0801,2.6233,2033.4019,27.2157,0,5.958,0.246
381,93.992,37.961,31.9747,138.230304,5.0396,2.744,2030.2094,26.9694,0,5.9863,0.246
382,94.237,37.7873,31.8424,134.477716,5.0711,2.6635,2031.4193,27.3356,0,5.9449,0.245
383,94.493,37.9115,31.8909,136.6500216,5.0064,2.7101,2022.8173,27.1186,0,6.0206,0.256
384,94.739,37.9388,31.9474,131.6760944,5.0278,2.6034,2022.8173,26.9862,0,5.9914,0.246
385,94.984,37.9256,31.9626,135.340112,5.0008,2.682,2031.4193,27.0378,0,5.963,0.245
386,95.229,38.0095,32.0171,135.7689792,5.0181,2.6912,2026.4793,27.009,0,5.9924,0.245
387,95.476,38.0286,32.0484,134.0721568,4.981,2.6548,2026.9722,27.2194,0,5.9802,0.247
388,95.721,37.9044,31.9293,134.1840352,5.0692,2.6572,2033.2366,27.1186,0,5.9751,0.245
389,95.971,37.9509,31.9656,135.3587584,4.9764,2.6824,2032.961,27.0956,0,5.9853,0.25
390,96.217,37.9206,31.9303,131.1120408,5.037,2.5913,2032.961,27.3037,0,5.9903,0.246
391,96.462,37.8691,31.8596,136.6500216,5.1257,2.7101,2027.9039,26.6269,0,6.0095,0.245
392,96.707,37.9206,31.9141,133.5081032,5.1009,2.6427,2038.2095,27.121,0,6.0065,0.245
393,96.953,37.753,31.8263,133.73186,5.0939,2.6475,2039.2625,27.0402,0,5.9267,0.246
394,97.198,38.0024,32.0353,133.3962248,5.0391,2.6403,2030.2094,26.8871,0,5.9671,0.245
395,97.445,37.9701,31.9606,135.200264,5.0791,2.679,2034.8364,27.1999,0,6.0095,0.247
396,97.691,37.8398,31.8717,134.1187728,5.0648,2.6558,2034.8364,27.0066,0,5.9681,0.246
397,97.936,38.0014,32.0313,133.3729168,5.0118,2.6398,2038.4865,27.0595,0,5.9701,0.245
398,98.182,37.9559,31.9929,133.2377304,5.0988,2.6369,2026.6983,26.8468,0,5.963,0.246
399,98.428,37.9883,32.003,134.570948,5.053,2.6655,2042.15,26.9002,0,5.9853,0.246
400,98.673,37.8842,32.009,133.079236,5.0808,2.6335,2037.6004,27.0378,0.0087,5.8752,0.245
401,98.919,37.9277,31.9313,131.540908,5.1138,2.6005,2043.4853,27.1574,0.3959,5.9964,0.246
402,99.165,37.9125,31.9555,133.4614872,5.1501,2.6417,2043.4853,27.1065,0.7858,5.957,0.246
403,99.41,37.8913,31.9343,133.5547192,5.2512,2.6437,2053.1069,27.0186,1.1762,5.957,0.245
404,99.657,37.8994,31.7889,135.5405608,5.394,2.6863,2068.509,27.0751,1.5657,6.1105,0.247
405,99.902,37.958,31.6839,134.2772672,5.804,2.6592,2127.7199,27.2694,1.9569,6.2741,0.245
406,100.148,38.0266,31.4213,131.610832,6.488,2.602,2239.2739,26.8231,2.3456,6.6053,0.246
407,100.395,38.1034,31.3749,135.6757472,7.0001,2.6892,2393.2604,27.2047,2.7364,6.7285,0.247
408,100.641,38.375,31.286,134.4124536,7.7822,2.6621,2539.79,26.7393,3.1263,7.089,0.246
409,100.888,38.6941,31.18,132.8275096,8.6382,2.6281,2681.8278,27.1622,3.5171,7.5141,0.247
410,101.135,38.7517,31.0305,132.6037528,9.0744,2.6233,2825.8166,26.8444,3.9106,7.7212,0.247
411,101.382,39.0627,30.873,136.8970864,9.9838,2.7154,3102.2502,26.6281,4.3005,8.1897,0.247
412,101.628,39.2556,30.4711,134.3891456,10.8856,2.6616,3240.3007,26.6725,4.6909,8.7845,0.246
413,101.877,39.7383,30.3196,136.8271624,11.7935,2.7139,3363.6811,26.8231,5.086,9.4187,0.249
414,102.125,40.1129,30.0348,131.564216,12.7331,2.601,3620.9143,26.3843,5.4783,10.0781,0.248
415,102.373,40.4411,29.845,134.2073432,13.3014,2.6577,3732.4575,26.1011,5.871,10.5961,0.248
416,102.621,41.0208,29.5703,136.6500216,14.3625,2.7101,3984.6987,26.2499,6.2657,11.4505,0.248
417,102.87,41.5317,29.023,132.5571368,15.2905,2.6223,4209.9355,25.8966,6.6596,12.5087,0.249
418,103.118,41.9539,28.3938,137.484448,16.2318,2.728,4317.789,26.6538,7.0512,13.5601,0.248
419,103.365,42.8203,28.0838,133.2610384,17.0408,2.6374,4503.9633,25.9142,7.4451,14.7365,0.247
420,103.613,43.3727,27.8566,133.8670464,17.5628,2.6504,4681.6479,25.4043,7.8354,15.5161,0.248
421,103.861,44.3058,26.9266,134.454408,18.4729,2.663,4868.8652,25.1677,8.2297,17.3792,0.248
422,104.109,45.3631,26.5378,131.2705352,19.168,2.5947,4995.6704,25.123,8.4916,18.8253,0.248
423,104.359,46.0003,26.5923,134.501024,19.7225,2.664,5096.8398,24.5508,8.4916,19.408,0.25
424,104.608,45.9467,26.6327,136.9203944,19.8536,2.7159,5140.1547,25.0392,8.4916,19.314,0.249
425,104.856,46.0467,26.6075,136.715284,19.7848,2.7115,5136.9863,24.8204,8.4916,19.4392,0.248
426,105.103,46.072,26.6468,132.0163912,19.8863,2.6107,5140.8593,24.8956,8.4916,19.4252,0.247
427,105.355,46.0306,26.5509,137.6429424,19.8905,2.7314,5142.9746,25.1074,8.4916,19.4797,0.252
428,105.603,46.0083,26.4802,133.801784,19.9348,2.649,5147.5634,24.7024,8.4916,19.5281,0.248
429,105.851,46.0184,26.6246,134.0255408,19.9094,2.6538,5157.475,25.5957,8.4916,19.3938,0.248
430,106.1,46.0508,26.6398,136.0813064,19.8701,2.6979,5144.7387,25.0546,8.4916,19.411,0.249
431,106.348,46.077,26.6327,133.778476,19.9445,2.6485,5152.8686,24.9354,8.4916,19.4443,0.248
432,106.596,46.0356,26.5953,135.969428,19.9091,2.6955,5147.5634,25.4873,8.4916,19.4403,0.248
433,106.844,46.0962,26.7246,132.0396992,19.779,2.6112,5141.9169,24.9692,8.4916,19.3716,0.248
434,107.092,46.0962,26.6731,132.0396992,19.9464,2.6112,5135.9311,24.5906,8.4916,19.4231,0.248
435,107.34,46.1245,26.7428,131.3171512,19.8599,2.5957,5132.4165,24.787,8.4916,19.3817,0.248
436,107.588,46.073,26.7327,136.6500216,19.8165,2.7101,5130.31,24.783,8.4916,19.3403,0.248
437,107.835,46.1578,26.7246,134.7061344,19.818,2.6684,5132.7675,24.8164,8.4916,19.4332,0.247
438,108.083,46.0396,26.6377,136.8737784,19.8296,2.7149,5147.9169,25.3323,8.4916,19.4019,0.248
439,108.335,45.9488,26.5974,135.1816176,19.9026,2.6786,5147.2104,24.9662,8.4916,19.3514,0.252
440,108.583,46.0053,26.662,134.9765072,19.9307,2.6742,5144.3857,25.417,8.4916,19.3433,0.248
441,108.832,46.0669,26.6014,137.5963264,19.9212,2.7304,5159.249,25.1781,8.4916,19.4655,0.249
442,109.08,46.0548,26.6771,135.9274736,19.8839,2.6946,5146.5039,25.4809,8.4916,19.3777,0.248
443,109.33,46.0083,26.6337,134.454408,19.9065,2.663,5143.3271,24.6484,8.4916,19.3746,0.25
444,109.577,46.0487,26.6802,133.4195328,19.8989,2.6408,5140.8593,25.1781,8.4916,19.3685,0.247
445,109.825,46.0639,26.6933,138.2955664,19.8328,2.7454,5140.1547,24.8997,8.4916,19.3706,0.248
446,110.073,46.0447,26.7286,136.2211544,19.8677,2.7009,5148.27,25.125,8.4916,19.3161,0.248
447,110.32,46.0952,26.7206,134.1187728,19.8929,2.6558,5140.8593,25.2241,8.4916,19.3746,0.247
448,110.568,45.9447,26.4923,134.9065832,20.0349,2.6727,5165.289,24.9723,8.4916,19.4524,0.248
449,110.816,45.978,26.6054,133.4614872,19.9397,2.6417,5159.249,25.1188,8.4916,19.3726,0.248
450,111.063,46.0306,26.6307,133.6899056,19.8078,2.6466,5148.977,24.9028,8.4916,19.3999,0.247
451,111.312,46.0639,26.6408,134.0068944,19.8148,2.6534,5144.0327,24.913,8.4916,19.4231,0.249
452,111.561,46.0901,26.667,136.3749872,19.8873,2.7042,5154.2851,25.3513,8.4916,19.4231,0.249
453,111.809,46.0124,26.6075,135.4519904,19.9193,2.6844,5159.249,25.326,8.4916,19.4049,0.248
454,112.056,46.0447,26.6741,135.316804,19.8371,2.6815,5136.6342,24.9703,8.4916,19.3706,0.247
455,112.309,46.0709,26.763,135.6337928,19.8446,2.6883,5143.3271,25.0381,8.4916,19.3079,0.253
456,112.557,46.2133,26.8841,134.0954648,19.8434,2.6553,5132.0649,24.7205,8.4916,19.3292,0.248
457,112.804,46.0053,26.661,137.507756,19.9721,2.7285,5157.8295,25.0536,8.4916,19.3443,0.247
458,113.052,46.0629,26.6155,134.2306512,19.9067,2.6582,5142.622,24.6534,8.4916,19.4474,0.248
459,113.3,46.0659,26.7175,134.7480888,19.9084,2.6693,5148.27,24.8641,8.4916,19.3484,0.248
460,113.548,46.0154,26.6266,135.8342416,19.9169,2.6926,5155.3476,25.1271,8.4916,19.3888,0.248
461,113.796,46.0245,26.7206,137.0089648,19.8606,2.7178,5140.1547,24.535,8.4916,19.3039,0.248
462,114.044,46.0901,26.7418,134.3192216,19.928,2.6601,5144.7387,25.0216,8.4916,19.3483,0.248
463,114.3,46.0831,26.7135,135.6990552,19.9748,2.6897,5157.8295,24.9826,8.4916,19.3696,0.256
464,114.548,45.9801,26.6458,135.7689792,19.9043,2.6912,5148.977,25.2398,8.4916,19.3343,0.248
465,114.795,45.9952,26.6579,135.5172528,19.8684,2.6858,5141.2119,25.1417,8.4916,19.3373,0.247
466,115.042,46.1527,26.7832,134.8879368,19.8858,2.6723,5143.3271,24.9222,8.4916,19.3695,0.247
467,115.292,46.077,26.6903,136.5567896,19.9632,2.7081,5151.8066,25.1521,8.4916,19.3867,0.25
468,115.54,46.0982,26.7347,135.5172528,19.9132,2.6858,5142.622,24.9048,8.4916,19.3635,0.248
469,115.789,46.1628,26.7933,135.293496,19.8381,2.681,5139.8027,24.779,8.4916,19.3695,0.249
470,116.037,46.0396,26.6872,133.3729168,19.967,2.6398,5154.6391,25.2607,8.4916,19.3524,0.248
471,116.286,45.9912,26.6892,135.4286824,19.8941,2.6839,5148.27,25.034,8.4916,19.302,0.249
472,116.534,46.0215,26.662,132.7622472,19.8919,2.6267,5143.3271,24.7497,8.4916,19.3595,0.248
473,116.783,46.0568,26.6872,135.1816176,19.9031,2.6786,5150.7451,25.2429,8.4916,19.3696,0.249
474,117.031,46.0396,26.6579,135.7689792,19.9641,2.6912,5153.5766,25.3513,8.4916,19.3817,0.248
475,117.279,46.0033,26.6388,135.4939448,19.9467,2.6853,5148.27,25.035,8.4916,19.3645,0.248
476,117.527,46.1447,26.6892,140.8268152,19.8844,2.7997,5140.1547,24.9867,8.4916,19.4555,0.248
477,117.775,46.077,26.6963,137.6895584,19.9588,2.7324,5147.5634,24.9723,8.4916,19.3807,0.248
478,118.023,46.0003,26.6165,134.9065832,19.8984,2.6727,5141.9169,24.8671,8.4916,19.3838,0.248
479,118.272,45.9548,26.5681,136.3749872,19.8842,2.7042,5154.2851,25.1718,8.4916,19.3867,0.249
480,118.52,46.077,26.763,135.293496,19.9077,2.681,5156.4111,24.9692,8.4916,19.314,0.248
481,118.768,45.971,26.5772,137.5730184,19.8936,2.7299,5152.8686,25.1375,8.4916,19.3938,0.248
482,119.016,46.0225,26.558,131.4523376,19.9603,2.5986,5151.8066,25.2293,8.4916,19.4645,0.248
483,119.268,46.0427,26.6256,138.906236,19.9006,2.7585,5151.0991,25.2786,8.4916,19.4171,0.252
484,119.515,46.0396,26.5963,137.5730184,19.9537,2.7299,5162.8002,25.1698,8.4916,19.4433,0.247
485,119.763,45.9669,26.5923,138.1417336,19.9149,2.7421,5152.5146,24.8073,8.4916,19.3746,0.248
486,120.011,46.0114,26.7589,135.340112,19.8803,2.682,5154.2851,25.1033,8.4916,19.2525,0.248
487,120.259,46.0376,26.665,137.484448,19.8682,2.728,5146.5039,25.1541,8.4916,19.3726,0.248
488,120.506,46.0295,26.6963,135.3820664,19.9619,2.6829,5167.4243,25.0888,8.4916,19.3332,0.247
489,120.753,45.9558,26.5751,134.3005752,19.9561,2.6597,5158.894,25.0402,8.4916,19.3807,0.247
490,121.001,45.974,26.6529,131.8112808,19.8776,2.6063,5148.977,25.1718,8.4916,19.3211,0.248
491,121.25,46.0639,26.6388,136.1046144,19.9159,2.6984,5146.1508,25.2073,8.4916,19.4251,0.249
492,121.498,46.0548,26.6266,134.7061344,19.9174,2.6684,5162.8002,25.1708,8.4916,19.4282,0.248
493,121.745,45.9993,26.6892,133.9835864,19.9096,2.6529,5152.1606,25.1105,8.4916,19.3101,0.247
494,121.992,46.1184,26.5822,135.4519904,20.0061,2.6844,5163.8666,25.0196,8.4916,19.5362,0.247
495,122.246,45.9215,26.5913,135.5172528,19.9588,2.6858,5170.9873,24.9028,8.4916,19.3302,0.254
496,122.494,46.0013,26.5125,133.4614872,19.9535,2.6417,5153.9306,24.9867,8.4916,19.4888,0.248
497,122.743,45.9467,26.564,130.5479872,19.9908,2.5792,5163.8666,25.034,8.4916,19.3827,0.249
498,122.99,46.1346,26.7145,132.986004,19.9452,2.6315,5159.249,25.0712,8.4916,19.4201,0.247
499,123.238,46.0144,26.667,133.7132136,19.9556,2.6471,5150.0375,25,8.4916,19.3474,0.248
500,123.486,46.0336,26.6468,133.3263008,19.8907,2.6388,5142.9746,24.9385,8.4916,19.3868,0.248
501,123.734,45.976,26.6145,135.223572,19.9065,2.6795,5149.3305,24.8651,8.4916,19.3615,0.248
502,123.982,46.1649,26.8175,134.477716,19.9011,2.6635,5142.2695,24.9713,8.4916,19.3474,0.248
503,124.23,46.1406,26.8326,136.5334816,19.8975,2.7076,5140.8593,25.1396,8.4916,19.308,0.248
504,124.478,46.0205,26.5893,133.055928,19.9433,2.633,5155.3476,25.0216,8.4916,19.4312,0.248
505,124.726,46.081,26.7317,133.4847952,19.9174,2.6422,5153.5766,25.2607,8.4916,19.3493,0.248
506,124.974,45.9982,26.6761,134.1420808,19.9484,2.6563,5166.0009,24.9723,8.2936,19.3221,0.248
507,125.221,45.7599,27.0912,135.6990552,19.8345,2.6897,5141.2119,25.0567,7.9009,18.6687,0.247
508,125.468,45.3267,27.6304,135.4286824,19.5296,2.6839,5056.975,25.4138,7.5097,17.6963,0.247
509,125.716,44.3512,28.4272,133.1678064,18.7334,2.6354,4904.2045,25.8449,7.115,15.924,0.248
510,125.969,43.3131,28.821,132.7156312,17.8134,2.6257,4736.9418,26.4061,6.716,14.4921,0.253
511,126.217,42.7536,29.1563,135.6757472,17.0522,2.6892,4590.5253,26.0475,6.3209,13.5973,0.248
512,126.465,42.4426,29.644,134.6828264,16.5238,2.6679,4400.1171,25.9707,5.9297,12.7986,0.248
513,126.713,41.6135,29.954,134.501024,15.5629,2.664,4203.0932,26.8231,5.5358,11.6595,0.248
514,126.961,41.0379,30.2499,135.4053744,14.5314,2.6834,4085.8574,26.69,5.1415,10.788,0.248
515,127.209,40.5623,30.2954,137.6196344,13.7534,2.7309,3874.9677,26.5155,4.7508,10.2669,0.248
516,127.457,40.3664,30.3145,134.2306512,13.4337,2.6582,3805.3681,27.0799,4.3561,10.0519,0.248
517,127.705,40.0887,30.4822,137.1021968,12.8644,2.7198,3666.0476,27.003,3.9633,9.6065,0.248
518,127.953,39.8302,30.6851,133.8903544,12.2864,2.6509,3585.0859,27.0993,3.5694,9.1451,0.248
519,128.202,39.5434,30.8407,135.8808576,11.6716,2.6936,3427.1613,26.8634,3.1767,8.7027,0.249
520,128.45,39.4464,31.0638,133.1444984,11.1948,2.6349,3315.9431,26.9575,2.7824,8.3826,0.248
521,128.698,39.191,31.2436,133.5314112,10.2499,2.6432,3187.9621,27.6596,2.3913,7.9474,0.248
522,128.95,38.9385,31.3112,134.7947048,9.5797,2.6703,2965.1301,27.3491,1.9926,7.6273,0.252
523,129.197,38.7093,31.4991,132.4219504,8.9239,2.6194,2858.6674,27.0234,1.5991,7.2102,0.247
524,129.444,38.5083,31.5425,134.0488488,8.0844,2.6543,2728.9597,26.8373,1.2079,6.9658,0.247
525,129.69,38.3922,31.6354,135.340112,7.7327,2.682,2599.1127,27.1804,0.8176,6.7568,0.246
526,129.936,38.3407,31.8475,136.1512304,6.9535,2.6994,2463.216,26.8018,0.4276,6.4932,0.246
527,130.183,38.1539,31.9091,134.7713968,6.2505,2.6698,2327.7468,26.967,0.0381,6.2448,0.247
528,130.429,37.8135,31.7233,135.8808576,5.5815,2.6936,2181.8181,26.9862,0.0004,6.0902,0.246
529,130.676,37.8509,31.795,133.778476,5.4369,2.6485,2105.2631,27.2976,0.0004,6.0559,0.247
530,130.923,37.8984,31.8162,134.8646288,5.2764,2.6718,2105.2631,27.0619,0.0004,6.0822,0.247
531,131.169,37.9297,31.8697,138.6591712,5.2825,2.7532,2078.8786,27.4429,0.0004,6.06,0.246
532,131.416,37.8287,31.7909,134.454408,5.2919,2.663,2070.3933,27.4864,0.0004,6.0378,0.247
533,131.662,37.8499,31.8263,133.03262,5.2708,2.6325,2075.9521,27.2376,0.0004,6.0236,0.246
534,131.909,37.8721,31.8434,134.6362104,5.2943,2.6669,2073.7136,27.2181,0.0004,6.0287,0.247
535,132.156,37.9923,31.9747,132.286764,5.1741,2.6165,2062.7062,26.9086,0.0004,6.0176,0.247
536,132.403,37.8842,31.8253,133.3263008,5.1809,2.6388,2062.7062,27.0993,0.0004,6.0589,0.247
537,132.651,37.8418,31.8192,133.3962248,5.2056,2.6403,2063.7897,27.3246,0.0004,6.0226,0.248
538,132.897,37.9095,31.8061,134.2073432,5.2968,2.6577,2072.5673,27.3836,0.0004,6.1034,0.246
539,133.144,37.9024,31.8323,137.3958776,5.2745,2.7261,2071.1938,27.359,0.0004,6.0701,0.247
540,133.391,37.8923,31.8616,133.8903544,5.2325,2.6509,2062.7062,26.9276,0.0004,6.0307,0.247
541,133.638,37.9357,31.8313,135.1816176,5.2851,2.6786,2065.1484,27.057,0.0004,6.1044,0.247
542,133.884,37.7933,31.7485,135.316804,5.2776,2.6815,2065.1484,27.0848,0.0004,6.0448,0.246
543,134.132,37.8004,31.7707,130.5946032,5.2277,2.5802,2073.4895,27.3233,0.0004,6.0297,0.248
544,134.378,37.8923,31.8949,131.9464672,5.1867,2.6092,2066.1726,26.9611,0.0004,5.9974,0.246
545,134.624,37.963,31.9484,130.5246792,5.2073,2.5787,2057.726,27.2413,0.0004,6.0146,0.246
546,134.87,37.8509,31.8162,134.0488488,5.3026,2.6543,2066.4572,27.2609,0.0004,6.0347,0.246
547,135.117,37.8378,31.7788,133.801784,5.211,2.649,2067.1406,26.9802,0.0004,6.059,0.247
548,135.363,37.9206,31.8232,134.594256,5.2258,2.666,2067.1406,26.9086,0.0004,6.0974,0.246
549,135.61,37.9458,31.8485,131.7926344,5.2791,2.6059,2063.8415,27.3025,0.0004,6.0973,0.247
550,135.857,37.8499,31.803,134.8646288,5.2844,2.6718,2077.6774,27.4628,0.0004,6.0469,0.247
551,136.104,37.862,31.7808,136.5148352,5.2604,2.7072,2071.2509,27.2315,0.0004,6.0812,0.247
552,136.352,37.8408,31.7778,135.0464312,5.3062,2.6757,2074.1149,27.6728,0.0004,6.063,0.248
553,136.599,37.8469,31.7707,134.7947048,5.2788,2.6703,2079.9821,27.2364,0.0004,6.0762,0.247
554,136.864,37.8035,31.7798,134.2306512,5.3145,2.6582,2076.7568,27.0739,0.0004,6.0237,0.265
555,137.111,37.8519,31.7849,134.477716,5.282,2.6635,2076.7568,27.0426,0.0004,6.067,0.247
556,137.358,37.8388,31.8717,130.6598656,5.2628,2.5816,2074.3334,27.2242,0.0004,5.9671,0.247
557,137.605,37.8035,31.801,134.3891456,5.2151,2.6616,2068.2807,27.0018,0.0004,6.0025,0.247
558,137.852,37.8752,31.8101,137.1208432,5.2105,2.7202,2068.623,27.3221,0.0004,6.0651,0.247
559,138.098,37.8388,31.7657,129.4385264,5.3215,2.5554,2074.5739,27.4429,0.0004,6.0731,0.246
560,138.345,37.8499,31.8414,135.4053744,5.3106,2.6834,2076.2968,26.9253,0.0004,6.0085,0.247
561,138.592,37.8135,31.8141,137.9599312,5.2224,2.7382,2076.2968,27.0956,0.0004,5.9994,0.247
562,138.839,37.9014,31.8869,133.8903544,5.2481,2.6509,2066.0122,27.0258,0.0004,6.0145,0.247
563,139.086,37.8802,31.8414,136.1279224,5.2745,2.6989,2063.3872,26.9826,0.0004,6.0388,0.247
564,139.333,37.8206,31.8121,135.969428,5.3079,2.6955,2186.8439,27.4677,0.0004,6.0085,0.247
565,139.58,37.7439,31.698,132.7855552,5.3135,2.6272,2083.7963,27.3,0.0004,6.0459,0.247
566,139.827,37.7863,31.7818,129.9606256,5.2682,2.5666,2074.8034,27.1731,0.0004,6.0045,0.247
567,140.073,37.6752,31.6526,131.7693264,5.3513,2.6054,2078.0229,27.5724,0.0004,6.0226,0.246
568,140.32,37.7015,31.696,135.0883856,5.2936,2.6766,2078.0229,27.505,0.0004,6.0055,0.247
569,140.567,37.8691,31.7919,133.102544,5.2752,2.634,2078.0556,27.2804,0.0004,6.0772,0.247
570,140.814,37.9448,31.9101,133.6432896,5.2694,2.6456,2072.0522,26.9276,0.0004,6.0347,0.247
571,141.061,37.8792,31.7687,131.587524,5.2861,2.6015,2076.0671,27.0763,0.0004,6.1105,0.247
572,141.308,37.7701,31.797,132.240148,5.2556,2.6155,2070.5649,26.8871,0.0004,5.9731,0.247
573,141.556,37.9317,31.899,134.6828264,5.2582,2.6679,2059.3081,27.0162,0.0004,6.0327,0.248
574,141.803,37.8297,31.7505,134.3005752,5.2633,2.6597,2059.3081,27.4083,0.0004,6.0792,0.247
575,142.049,37.8236,31.7707,133.9835864,5.2325,2.6529,2070.4714,27.1367,0.0004,6.0529,0.246
576,142.296,37.9145,31.8808,135.293496,5.2384,2.681,2063.3872,27.2657,0.0004,6.0337,0.247
577,142.543,37.8802,31.8111,132.9207416,5.2059,2.6301,2063.728,27.4034,0.0004,6.0691,0.247
578,142.79,37.859,31.801,136.9856568,5.2519,2.7173,2073.427,27.0186,0.0004,6.058,0.247
579,143.037,37.8519,31.8222,133.73186,5.2476,2.6475,2069.0795,27.3467,0.2955,6.0297,0.247
580,143.284,37.9408,31.9283,132.379996,5.2275,2.6185,2069.0795,27.3393,0.6875,6.0125,0.247
581,143.531,37.9408,31.8192,133.7132136,5.3271,2.6471,2069.3288,27.2657,1.0798,6.1216,0.247
582,143.778,37.8772,31.7768,133.1211904,5.4667,2.6344,2089.9514,27.1246,1.4705,6.1004,0.247
583,144.025,37.9438,31.693,132.4219504,5.7403,2.6194,2124.4052,26.7806,1.8617,6.2508,0.247
584,144.272,38.064,31.6344,134.7947048,6.1232,2.6703,2212.9116,27.6426,2.2528,6.4296,0.247
585,144.518,38.1084,31.3971,134.9065832,6.8665,2.6727,2359.5292,27.6778,2.6428,6.7113,0.246
586,144.765,38.1539,31.1567,133.801784,7.715,2.649,2509.2004,27.4009,3.0355,6.9972,0.247
587,145.013,38.5558,31.1779,134.2772672,8.4225,2.6592,2640.6591,26.9157,3.4274,7.3779,0.248
588,145.259,38.7426,31.1426,133.3263008,8.8851,2.6388,2783.1379,27.0474,3.8181,7.6,0.246
589,145.514,39.1051,31.0214,134.1420808,9.7177,2.6563,3035.9455,26.6889,3.9955,8.0837,0.255
590,145.761,39.1364,30.9598,133.755168,10.2346,2.648,3113.5834,26.8871,3.9955,8.1766,0.247
591,146.009,39.2021,31.0416,134.3891456,10.3856,2.6616,3133.3557,26.8065,3.9955,8.1605,0.248
592,146.257,39.1526,30.9538,132.2215016,10.4018,2.6151,3144.1267,27.3172,3.9955,8.1988,0.248
593,146.505,39.2667,31.0436,133.9369704,10.3451,2.6519,3135.4514,26.5351,3.9955,8.2231,0.248
594,146.753,39.1617,30.8821,134.8413208,10.459,2.6713,3155.7687,27.0378,3.9955,8.2796,0.248
595,147,39.2061,30.9982,134.4357616,10.3526,2.6626,3161.0891,26.8586,3.9955,8.2079,0.247
596,147.248,39.2505,30.9851,134.0721568,10.3917,2.6548,3149.6723,26.7853,3.9955,8.2654,0.248
597,147.496,39.1869,30.9366,134.0721568,10.4103,2.6548,3158.4267,26.8468,3.9955,8.2503,0.248
598,147.745,39.2839,31.0467,134.501024,10.4496,2.664,3156.5656,26.7382,3.9955,8.2372,0.249
599,147.993,39.2192,30.9921,134.0255408,10.5218,2.6538,3167.7648,26.6304,3.9955,8.2271,0.248
600,148.248,39.2394,30.9861,134.0488488,10.4425,2.6543,3156.5656,26.9229,3.9955,8.2533,0.255
601,148.496,39.19,30.9901,132.4219504,10.4401,2.6194,3159.7573,26.7688,3.9955,8.1999,0.248
602,148.744,39.3182,31.0961,135.6104848,10.3759,2.6878,3146.7651,27.1174,3.9955,8.2221,0.248
603,148.992,39.1758,30.9477,135.992736,10.4125,2.696,3159.7573,26.9062,3.9955,8.2281,0.248
604,149.239,39.2576,31.0366,132.356688,10.3725,2.618,3147.0292,26.5143,3.9955,8.221,0.247
605,149.487,39.3414,31.0709,134.6129024,10.4425,2.6664,3150.7309,26.4843,3.9955,8.2705,0.248
606,149.734,39.3253,31.079,136.668668,10.4379,2.7105,3156.3,26.6421,3.9955,8.2463,0.247
607,149.981,39.1738,30.98,134.6595184,10.429,2.6674,3156.8312,26.6889,3.9955,8.1938,0.247
608,150.23,39.0789,30.8871,135.0650776,10.3468,2.6761,3145.9731,27.0404,3.9955,8.1918,0.249
609,150.478,39.2435,30.9689,130.5479872,10.3875,2.5792,3143.3361,26.0699,3.9955,8.2746,0.248
610,150.726,39.1435,30.9517,134.9765072,10.4396,2.6742,3151.7902,26.7288,3.9955,8.1918,0.248
611,150.973,39.2233,30.9366,134.0488488,10.3471,2.6543,3151.2604,26.8065,3.9955,8.2867,0.247
612,151.221,39.1708,30.8962,130.888284,10.4648,2.5865,3165.6254,26.7053,3.9955,8.2746,0.248
613,151.469,39.2051,30.9336,129.8673936,10.5293,2.5646,3175.0063,26.7264,3.9955,8.2715,0.248
614,151.717,39.2243,30.982,132.0396992,10.3698,2.6112,3160.2897,26.6118,3.9955,8.2423,0.248
615,151.965,39.1637,30.8659,130.5712952,10.451,2.5797,3151.7902,26.6141,3.9955,8.2978,0.248
616,152.213,39.3354,31.1103,135.1583096,10.3631,2.6781,3142.2824,26.2851,3.9955,8.2251,0.248
617,152.46,39.2283,30.9831,137.3958776,10.3982,2.7261,3146.237,26.4038,3.9955,8.2452,0.247
618,152.707,39.1395,30.878,132.310072,10.3199,2.617,3143.5996,26.6491,3.9955,8.2615,0.247
619,152.955,39.2,30.9326,133.4195328,10.4479,2.6408,3145.9731,26.8018,3.9955,8.2674,0.248
620,153.202,39.2132,30.9558,136.1978464,10.5126,2.7004,3163.489,26.4981,3.9955,8.2574,0.247
621,153.45,39.195,30.9548,133.009312,10.3844,2.632,3152.32,26.7264,3.9955,8.2402,0.248
622,153.697,39.0294,30.8114,134.1187728,10.4416,2.6558,3152.5852,26.5746,3.9955,8.218,0.247
623,153.944,39.2031,30.9013,136.3330328,10.4287,2.7033,3154.7067,26.6071,3.9955,8.3018,0.247
624,154.192,39.1718,30.9517,134.9065832,10.3761,2.6727,3153.1152,26.5514,3.9955,8.2201,0.248
625,154.441,39.1758,30.9336,134.1607272,10.421,2.6567,3153.9108,26.6141,3.9955,8.2422,0.249
626,154.689,39.1314,30.9083,133.2796848,10.3941,2.6378,3159.7573,26.8776,3.9955,8.2231,0.248
627,154.944,39.2101,30.979,134.3658376,10.5223,2.6611,3163.7561,26.7853,3.9955,8.2311,0.255
628,155.192,39.2697,31.0305,134.9531992,10.3999,2.6737,3158.1606,26.8089,3.9955,8.2392,0.248
629,155.439,39.2061,30.9598,132.7156312,10.3766,2.6257,3155.5031,26.4428,3.9955,8.2463,0.247
630,155.686,39.296,31.1143,135.293496,10.374,2.681,3152.32,26.4152,3.9955,8.1817,0.247
631,155.935,39.2788,31.0477,135.0883856,10.4644,2.6766,3158.6926,26.9253,3.9955,8.2311,0.249
632,156.183,39.1455,30.9406,134.3425296,10.4193,2.6606,3156.3,26.7264,3.9955,8.2049,0.248
633,156.43,39.2374,30.9477,133.2144224,10.3102,2.6364,3143.0727,26.4543,4.1867,8.2897,0.247
634,156.678,39.2546,30.7356,133.8903544,10.6321,2.6509,3161.0891,26.7476,4.5786,8.519,0.248
635,156.926,39.5808,30.5407,135.8575496,11.3996,2.6931,3370.1806,26.4797,4.9725,9.0401,0.248
636,157.174,39.912,30.258,135.1816176,12.205,2.6786,3488.372,26.3443,5.366,9.654,0.248
637,157.422,40.427,30.0277,135.5172528,13.2117,2.6858,3730.9719,26.5955,5.7588,10.3993,0.248
638,157.669,40.8107,29.537,137.0555808,14.1998,2.7188,3863.5895,26.2851,6.1511,11.2737,0.247
639,157.917,41.146,29.3067,138.0951176,14.696,2.7411,4073.8728,26.0464,6.543,11.8393,0.248
640,158.166,41.7064,28.8705,134.9065832,15.6395,2.6727,4270.5839,26.1742,6.9369,12.8359,0.249
641,158.42,42.3861,28.3969,135.0231232,16.5859,2.6752,4476.0087,26.1023,7.3408,13.9892,0.254
642,158.669,43.1142,27.8415,133.4847952,17.303,2.6422,4563.1538,26.0241,7.7351,15.2727,0.249
643,158.916,44.0796,27.1992,133.5966736,18.2773,2.6446,4768.5654,25.1105,8.1258,16.8804,0.247
644,159.164,45.053,26.5802,135.9274736,19.0233,2.6946,4927.7265,24.915,8.4916,18.4728,0.248
645,159.418,45.667,26.7155,136.5148352,19.3694,2.7072,5051.1855,24.6884,8.4912,18.9515,0.254
646,159.666,45.8326,26.7256,136.06266,19.6568,2.6975,5093.0327,24.9171,8.4912,19.107,0.248
647,159.913,45.871,26.8084,136.4216032,19.5974,2.7052,5098.5722,25.1791,8.4912,19.0626,0.247
648,160.162,45.8831,26.8145,134.1607272,19.7666,2.6567,5109.6879,24.9621,8.4912,19.0686,0.249
649,160.41,45.8256,26.6478,135.1116936,19.7162,2.6771,5111.7773,24.8214,8.4912,19.1778,0.248
650,160.658,45.766,26.5549,133.5314112,19.7947,2.6432,5122.2509,25.2084,8.4912,19.2111,0.248
651,160.906,45.77,26.6125,133.5081032,19.7063,2.6427,5115.9619,25.0712,8.4912,19.1575,0.248
652,161.154,45.87,26.7175,131.3171512,19.8313,2.5957,5120.1528,25.0216,8.4912,19.1525,0.248
653,161.402,45.7761,26.6196,136.715284,19.8093,2.7115,5126.4526,25.434,8.4912,19.1565,0.248
654,161.65,45.7599,26.6913,135.5638688,19.7545,2.6868,5115.9619,25.0567,8.4912,19.0686,0.248
655,161.898,45.8296,26.7519,134.8646288,19.7082,2.6718,5114.5664,25.1583,8.4912,19.0777,0.248
656,162.146,45.8306,26.6398,133.009312,19.7734,2.632,5120.1528,25.0877,8.4912,19.1908,0.248
657,162.394,45.8569,26.7781,133.755168,19.7719,2.648,5111.7773,25.5757,8.4912,19.0788,0.248
658,162.642,45.8134,26.6246,136.2398008,19.755,2.7013,5113.8686,25.4916,8.4912,19.1888,0.248
659,162.891,45.8447,26.7296,134.0721568,19.7656,2.6548,5118.0566,25.1167,8.4912,19.1151,0.249
660,163.139,45.8447,26.6812,136.039352,19.7841,2.697,5115.9619,25.175,8.4912,19.1635,0.248
661,163.387,45.8175,26.7236,136.8737784,19.7632,2.7149,5108.9916,24.9682,8.4912,19.0939,0.248
662,163.635,45.8619,26.7286,136.1046144,19.7773,2.6984,5118.0566,25.1771,8.4912,19.1333,0.248
663,163.883,45.874,26.7963,134.7294424,19.7833,2.6689,5122.2509,25.2607,8.4912,19.0777,0.248
664,164.13,45.8054,26.7084,137.7082048,19.7656,2.7328,5118.0566,25.2272,8.4912,19.097,0.247
665,164.378,45.873,26.7943,135.6337928,19.7569,2.6883,5106.9042,24.8641,8.4912,19.0787,0.248
666,164.626,45.8963,26.7357,133.3263008,19.825,2.6388,5121.5512,25.175,8.4912,19.1606,0.248
667,164.874,45.8468,26.7135,138.3654904,19.7397,2.7469,5115.2641,24.9334,8.4912,19.1333,0.248
668,165.122,45.7468,26.6963,136.5334816,19.7727,2.7076,5120.852,25.1396,8.4912,19.0505,0.248
669,165.37,45.8518,26.7105,134.2539592,19.8005,2.6587,5122.2509,25.1583,8.4912,19.1413,0.248
670,165.618,45.9185,26.8236,135.9041656,19.6646,2.6941,5114.5664,24.8133,8.4912,19.0949,0.248
671,165.866,45.77,26.6468,133.8484,19.8112,2.65,5122.9506,25.0093,8.4912,19.1232,0.248
672,166.113,45.8306,26.7195,135.1116936,19.7535,2.6771,5118.0566,25.1708,8.4912,19.1111,0.247
673,166.361,45.9235,26.7498,136.4216032,19.872,2.7052,5123.6508,25.2754,8.319,19.1737,0.248
674,166.609,45.6731,27.0679,134.594256,19.7113,2.666,5126.4526,25.3809,7.9235,18.6052,0.248
675,166.857,44.9137,27.794,137.531064,19.2528,2.729,5037.6142,25.2042,7.53,17.1197,0.248
676,167.105,44.1442,28.3433,139.2931488,18.4991,2.7668,5154.6391,25.3682,7.1392,15.8009,0.248
677,167.352,43.7695,28.7463,135.223572,18.0837,2.6795,4748.6386,25.6313,6.7485,15.0232,0.247
678,167.599,42.9738,29.128,135.992736,17.3079,2.696,4582.1113,26.0843,6.3554,13.8458,0.247
679,167.847,42.1235,29.5582,137.3026456,16.319,2.7241,4398.8271,26.1967,5.9619,12.5653,0.248
680,168.095,41.452,29.9944,133.8484,15.3009,2.65,4183.8671,26.1854,5.5695,11.4576,0.248
681,168.342,41.1208,30.1691,135.7689792,14.7774,2.6912,4072.1032,26.5143,5.178,10.9517,0.247
682,168.59,40.5118,30.2671,136.738592,13.7784,2.712,3864.7841,26.7664,4.7849,10.2447,0.248
683,168.838,40.2796,30.4448,133.2377304,13.0087,2.6369,3760.5295,26.8278,4.3918,9.8348,0.248
684,169.086,39.9544,30.5801,133.079236,12.6693,2.6335,3641.4838,27.0378,4.0002,9.3743,0.248
685,169.334,39.7605,30.6417,134.3005752,12.2615,2.6597,3550.8,26.6889,3.9959,9.1188,0.248
686,169.582,39.6858,30.6155,135.0464312,11.9389,2.6757,3478.0187,26.6865,3.9959,9.0703,0.248
687,169.829,39.815,30.6872,132.7389392,11.8836,2.6262,3469.0102,26.8042,3.9959,9.1278,0.247
688,170.082,39.7908,30.6377,133.5966736,11.9294,2.6446,3469.652,27.0595,3.9959,9.1531,0.253
689,170.33,39.6878,30.5549,137.8247448,11.8885,2.7353,3472.5437,27.6904,3.9959,9.1329,0.248
690,170.578,39.6494,30.5579,133.8903544,11.8715,2.6509,3469.0102,27.2023,3.9959,9.0915,0.248
691,170.826,39.6686,30.5145,133.6432896,11.9442,2.6456,3480.6015,27.4009,3.9959,9.1541,0.248
692,171.074,39.7009,30.5175,135.94612,11.9883,2.695,3480.6015,27.3221,3.9959,9.1834,0.248
693,171.321,39.7019,30.5448,135.1816176,11.8979,2.6786,3470.9367,26.8444,3.9959,9.1571,0.247
694,171.569,39.6393,30.4943,134.6129024,11.9173,2.6664,3475.1181,27.0739,3.9959,9.145,0.248
695,171.817,39.6888,30.565,132.8741256,11.9328,2.6291,3476.4067,26.9467,3.9959,9.1238,0.248
696,172.066,39.6878,30.5276,134.6828264,11.9231,2.6679,3471.9006,27.3196,3.9959,9.1602,0.249
697,172.314,39.602,30.4842,133.1678064,11.9316,2.6354,3476.4067,27.7967,3.9959,9.1178,0.248
698,172.562,39.71,30.6256,133.2377304,11.8882,2.6369,3468.6892,26.7123,3.9959,9.0844,0.248
699,172.81,39.7383,30.6195,132.5151824,11.8858,2.6214,3469.9731,27.2609,3.9959,9.1188,0.248
700,173.057,39.7433,30.6629,134.501024,11.886,2.664,3469.9731,27.2682,3.9959,9.0804,0.247
701,173.304,39.7959,30.7144,133.1678064,11.8826,2.6354,3457.177,26.9539,3.9959,9.0815,0.247
702,173.552,39.7242,30.6064,134.54764,11.8991,2.665,3465.1635,27.0787,3.9959,9.1178,0.248
703,173.8,39.711,30.5741,133.6899056,11.9209,2.6466,3462.6037,27.1005,3.9959,9.1369,0.248
704,174.048,39.6908,30.5811,130.9535464,11.8994,2.5879,3462.9235,27.2364,3.9959,9.1097,0.248
705,174.296,39.8009,30.6942,133.4847952,11.9049,2.6422,3456.5397,27.0162,3.9959,9.1067,0.248
706,174.544,39.7898,30.6155,130.5013712,11.9386,2.5782,3474.1523,27.3246,3.9959,9.1743,0.248
707,174.793,39.7464,30.6407,134.8879368,11.7758,2.6723,3468.6892,27.0811,3.9959,9.1057,0.249
708,175.041,39.6615,30.4943,134.0068944,11.8962,2.6534,3474.7961,27.6778,3.9959,9.1672,0.248
709,175.289,39.7726,30.6882,135.270188,11.8587,2.6805,3466.7653,27.0595,3.9959,9.0844,0.248
710,175.537,39.7383,30.7084,133.1911144,11.8657,2.6359,3470.9367,27.2483,3.9959,9.0299,0.248
711,175.785,39.7474,30.5882,134.7294424,11.8591,2.6689,3451.7673,26.8089,3.9959,9.1592,0.248
712,176.034,39.8171,30.7003,135.8109336,11.8698,2.6921,3454.311,26.6491,3.9959,9.1168,0.249
713,176.285,39.7746,30.6266,132.6037528,11.9049,2.6233,3467.0856,27.5,3.9959,9.148,0.251
714,176.533,39.6636,30.5125,133.5547192,11.8817,2.6437,3465.1635,27.1804,3.9959,9.1511,0.248
715,176.781,39.5353,30.3984,133.079236,11.8473,2.6335,3458.1335,27.2413,3.9959,9.1369,0.248
716,177.029,39.6525,30.5569,133.3496088,11.8834,2.6393,3461.3254,27.1634,3.6055,9.0956,0.248
717,177.276,39.5091,30.6851,135.223572,11.7045,2.6795,3417.1679,27.4009,3.2148,8.824,0.247
718,177.524,39.3919,31.0941,133.9136624,10.9515,2.6514,3331.2604,26.9587,2.8205,8.2978,0.248
719,177.772,39.1849,31.2244,133.03262,10.2908,2.6325,3114.8767,27.1634,2.4277,7.9605,0.248
720,178.02,38.9738,31.3587,132.379996,9.4336,2.6185,2996.6437,26.997,2.0358,7.6151,0.248
721,178.267,38.7931,31.3627,138.5706008,9.1052,2.7513,2895.0822,27.3664,1.6435,7.4304,0.247
722,178.514,38.6042,31.5425,133.4195328,8.3442,2.6408,2774.4895,27.0186,1.2508,7.0617,0.247
723,178.762,38.4477,31.7243,131.1353488,7.6377,2.5918,2648.8662,27.057,0.8592,6.7234,0.248
724,179.009,38.1518,31.6182,133.5547192,7.0078,2.6437,2524.7424,27.4479,0.4665,6.5336,0.247
725,179.256,38.0428,31.798,133.3729168,6.2146,2.6398,2398.6184,26.836,0.0762,6.2448,0.247
726,179.502,37.9186,31.7778,132.5338288,5.8544,2.6218,2238.405,27.178,0.0004,6.1408,0.246
727,179.749,37.9246,31.8555,132.356688,5.455,2.618,2139.1899,27.3025,0.0004,6.0691,0.247
728,179.995,37.7641,31.7172,132.8741256,5.4024,2.6291,2105.677,27.3984,0.0004,6.0469,0.246
729,180.241,37.7933,31.7758,135.7689792,5.3312,2.6912,2085.4187,27.5445,0.0004,6.0175,0.246
730,180.488,37.963,31.8828,133.2610384,5.3123,2.6374,2085.4187,27.5274,0.0004,6.0802,0.247
731,180.736,37.9903,31.9666,134.1607272,5.2517,2.6567,2076.3073,26.8658,0.0004,6.0237,0.248
732,180.983,37.9499,31.9545,133.6899056,5.233,2.6466,2069.5363,26.8018,0.0004,5.9954,0.247
733,181.23,37.8792,31.8101,132.263456,5.32,2.616,2067.2546,27.3442,0.0004,6.0691,0.247
734,181.477,37.958,31.8889,134.0068944,5.2934,2.6534,2076.4118,27.6275,0.0004,6.0691,0.247
735,181.723,37.9297,31.8465,133.801784,5.2592,2.649,2067.9387,27.1756,0.0004,6.0832,0.246
736,181.97,37.8327,31.8394,135.8575496,5.2573,2.6931,2067.9387,26.9826,0.0004,5.9933,0.247
737,182.217,37.8943,31.802,131.1120408,5.3123,2.5913,2072.3437,27.4207,0.0004,6.0923,0.247
738,182.464,37.7944,31.7536,133.009312,5.3491,2.632,2081.7141,27.2633,0.0004,6.0408,0.247
739,182.711,37.754,31.7435,130.4780632,5.3365,2.5777,2085.0708,27.1198,0.0004,6.0105,0.247
740,182.957,37.8812,31.8172,134.0488488,5.3181,2.6543,2079.8669,27.0402,0.0004,6.064,0.246
741,183.203,37.8893,31.8616,133.4195328,5.3685,2.6408,2084.7231,27.1804,0.0004,6.0277,0.246
742,183.463,37.8519,31.8192,135.0650776,5.3157,2.6761,2075.8371,27.2169,0.0004,6.0327,0.26
743,183.711,37.8206,31.7525,130.6831736,5.2485,2.5821,2075.8371,27.1246,0.0004,6.0681,0.248
744,183.958,37.8327,31.898,135.0231232,5.297,2.6752,2073.5688,27.438,0.0004,5.9347,0.247
745,184.205,37.8772,31.8414,133.8484,5.296,2.65,2074.1149,27.615,0.0004,6.0358,0.247
746,184.452,37.8933,31.8495,132.9673576,5.2786,2.6311,2072.5102,27.4034,0.0004,6.0438,0.247
747,184.699,37.8035,31.7546,133.4195328,5.314,2.6408,2074.3444,27.3467,0.0004,6.0489,0.247
748,184.946,37.8307,31.8141,130.049196,5.3067,2.5685,2079.0598,26.9994,0.0004,6.0166,0.247
749,185.193,37.7984,31.805,135.5405608,5.3278,2.6863,2079.0598,27.2657,0.0004,5.9934,0.247
750,185.439,37.8933,31.8555,134.3891456,5.2701,2.6616,2079.2377,27.2023,0.0004,6.0378,0.246
751,185.686,37.8459,31.797,133.5547192,5.3227,2.6437,2071.5942,27.1392,0.0004,6.0489,0.247
752,185.932,37.9509,31.899,131.6527864,5.3351,2.6029,2077.5622,26.8895,0.0004,6.0519,0.246
753,186.178,37.86,31.8404,136.039352,5.3668,2.697,2077.332,26.9014,0.0004,6.0196,0.246
754,186.424,37.8206,31.7808,133.6665976,5.2817,2.6461,2074.1149,27.3418,0.0004,6.0398,0.246
755,186.671,37.8539,31.8152,131.9464672,5.402,2.6092,2074.1149,27.1804,0.0004,6.0387,0.247
756,186.918,37.8317,31.8202,134.8646288,5.3237,2.6718,2086.458,27.2194,0.0004,6.0115,0.247
757,187.165,37.9398,31.9141,129.9373176,5.2643,2.5661,2076.872,27.115,0.0004,6.0257,0.247
758,187.412,37.9024,31.9141,135.4053744,5.2873,2.6834,2062.8198,27.1464,0.0004,5.9883,0.247
759,187.659,37.8772,31.7435,135.6757472,5.3668,2.6892,2076.4118,27.4851,0.0004,6.1337,0.247
760,187.906,37.8297,31.8121,134.3425296,5.2798,2.6606,2079.5209,27.3,0.0004,6.0176,0.247
761,188.152,37.8822,31.8374,132.8275096,5.304,2.6281,2079.5209,27.3614,0.0004,6.0448,0.246
762,188.399,37.8438,31.7859,137.3958776,5.2684,2.7261,2069.225,27.52,0.0004,6.0579,0.247
763,188.646,37.9044,31.8404,134.1187728,5.3326,2.6558,2080.2131,27.4454,0.0004,6.064,0.247
764,188.893,37.9095,31.8949,132.1981936,5.2568,2.6146,2078.3684,27.0787,0.0004,6.0146,0.247
765,189.14,37.8287,31.7939,133.8484,5.2294,2.65,2074.5739,27.3639,0.0004,6.0348,0.247
766,189.387,38.0085,31.9666,134.7294424,5.2805,2.6689,2068.8513,27.2169,0.0004,6.0419,0.247
767,189.634,37.8135,31.8303,131.7693264,5.3234,2.6054,2068.8513,27.1828,0.0004,5.9832,0.247
768,189.881,37.7701,31.7021,130.2776144,5.3162,2.5734,2076.5119,27.1853,0.0004,6.068,0.247
769,190.127,37.9206,31.9232,131.9930832,5.2308,2.6102,2072.9685,27.0378,0.0004,5.9974,0.246
770,190.374,37.8731,31.8121,134.9531992,5.3326,2.6737,2072.2812,27.3787,0.0004,6.061,0.247
771,190.621,37.8802,31.8071,134.54764,5.2362,2.665,2075.8371,27.3221,0.0004,6.0731,0.247
772,190.868,37.7843,31.7404,133.2377304,5.3152,2.6369,2075.7224,27.2804,0.0004,6.0439,0.247
773,191.114,37.8146,31.7737,129.9839336,5.3123,2.5671,2075.7224,27.4009,0.0004,6.0409,0.246
774,191.361,37.9307,31.8434,129.6203288,5.3113,2.5593,2077.5622,27.3467,0.0004,6.0873,0.247
775,191.608,37.7106,31.7525,133.5547192,5.2573,2.6437,2082.7548,27.3025,0.0004,5.9581,0.247
776,191.855,37.8701,31.801,131.3404592,5.2306,2.5962,2068.9655,27.0018,0.0004,6.0691,0.247
777,192.102,37.9075,31.8808,133.1444984,5.3009,2.6349,2075.6074,27.4207,0.0004,6.0267,0.247
778,192.348,37.7368,31.7303,136.1978464,5.3365,2.7004,2080.2131,27.3639,0.0004,6.0065,0.246
779,192.595,37.659,31.7122,131.7227104,5.3162,2.6044,2080.2131,27.5624,0.0004,5.9468,0.247
780,192.843,37.7994,31.7,134.7061344,5.2493,2.6684,2075.3127,27.9167,0.0004,6.0994,0.248
781,193.09,37.8378,31.7869,138.183688,5.2919,2.743,2073.3122,26.9443,0.0004,6.0509,0.247
782,193.337,37.86,31.8808,135.8808576,5.3421,2.6936,2071.7087,27.3246,0.0004,5.9792,0.247
783,193.584,37.7933,31.8131,134.9065832,5.2478,2.6727,2069.8791,26.8397,0.0004,5.9802,0.247
784,193.83,37.9337,31.8626,131.6994024,5.2386,2.6039,2071.2509,27.045,0.0004,6.0711,0.246
785,194.077,37.8297,31.8212,132.9440496,5.2999,2.6306,2071.2509,27.2609,0.0004,6.0085,0.247
786,194.324,37.8024,31.7647,130.025888,5.2745,2.568,2073.9064,27.3196,0.0004,6.0377,0.247
787,194.571,37.8115,31.7717,129.9373176,5.3341,2.5661,2076.872,26.8373,0.0004,6.0398,0.247
788,194.818,37.8852,31.7768,136.738592,5.3225,2.712,2076.6418,26.9276,0.0004,6.1084,0.247
789,195.065,37.5762,31.5778,133.73186,5.3324,2.6475,2089.4855,27.3812,0.0004,5.9984,0.247
790,195.312,37.5581,31.59,132.286764,5.1867,2.6165,2059.4211,27.2682,0.0004,5.9681,0.247
791,195.559,37.965,31.9424,131.564216,5.1879,2.601,2059.4211,26.899,0.0004,6.0226,0.247
792,195.806,37.7449,31.6849,132.1282696,5.3583,2.6131,2054.4875,27.4901,0.0004,6.06,0.247
793,196.054,37.7095,31.6808,133.8484,5.265,2.65,2080.4438,27.0018,0.0004,6.0287,0.248
794,196.3,37.759,31.7475,133.102544,5.1955,2.634,2067.0268,27.0186,0.0004,6.0115,0.246
795,196.547,37.9166,31.8687,133.009312,5.2529,2.632,2058.8557,27.2413,0.0004,6.0479,0.247
796,196.793,37.7944,31.7344,131.9278208,5.3023,2.6088,2074.6887,27.0402,0.0004,6.06,0.246
797,197.04,37.8378,31.7879,131.2938432,5.3319,2.5952,2074.6887,27.1029,0.0004,6.0499,0.247
798,197.287,37.858,31.8798,135.6524392,5.3353,2.6887,2079.133,27.3664,0.0004,5.9782,0.247
799,197.535,37.8883,31.8455,131.2006112,5.3469,2.5932,2080.6748,27.4182,0.0004,6.0428,0.248
800,197.782,37.7055,31.6738,131.587524,5.2997,2.6015,2073.5415,27.1828,0.0004,6.0317,0.247
801,198.028,37.7812,31.7475,133.1444984,5.313,2.6349,2072.7392,26.9611,0.0004,6.0337,0.246
802,198.274,37.9075,31.8434,134.3425296,5.3341,2.6606,2073.3122,27.3639,0.0004,6.0641,0.246
803,198.533,37.548,31.5263,133.7132136,5.288,2.6471,2078.3684,27.3196,0.0004,6.0217,0.259
804,198.78,37.7883,31.7636,131.4523376,5.1414,2.5986,2078.3684,26.9826,0.0004,6.0247,0.247
805,199.026,37.7762,31.7899,136.1745384,5.2027,2.6999,2053.2409,27.0811,0.0004,5.9863,0.246
806,199.272,37.9075,31.8677,133.3029928,5.2432,2.6383,2062.9331,27.0245,0.0004,6.0398,0.246
807,199.519,37.8974,31.8626,137.6429424,5.2764,2.7314,2065.5466,26.8278,0.0004,6.0348,0.247
808,199.766,37.8509,31.796,134.454408,5.2779,2.663,2073.1977,27.1999,0.0004,6.0549,0.247
809,200.013,37.8388,31.7909,132.6923232,5.2893,2.6252,2076.4118,27.0042,0.0004,6.0479,0.247
810,200.26,37.7933,31.8071,132.379996,5.2757,2.6185,2076.4118,27.0426,0.0004,5.9862,0.247
811,200.507,37.7509,31.7475,134.524332,5.2289,2.6645,2070.6791,27.4231,0.0813,6.0034,0.247
812,200.754,37.8893,31.8263,130.5479872,5.2093,2.5792,2068.9655,27.4653,0.2761,6.063,0.247
813,201.001,37.9953,31.9666,132.6736768,5.298,2.6248,2072.1667,27.0018,0.4733,6.0287,0.247
814,201.25,37.76,31.7283,133.6432896,5.4209,2.6456,2083.6806,27.7081,0.6708,6.0317,0.249
815,201.496,37.8893,31.7576,135.3820664,5.3375,2.6829,2089.3693,27.098,0.8656,6.1317,0.246
816,201.742,37.9822,31.8444,132.7156312,5.4049,2.6257,2089.3693,27.256,1.0619,6.1378,0.246
817,201.988,37.966,31.8515,133.6665976,5.4381,2.6461,2103.4533,27.3418,1.2559,6.1145,0.246
818,202.234,37.8792,31.701,131.1586568,5.6693,2.5923,2118.644,27.3557,1.4511,6.1782,0.246
819,202.481,37.9903,31.799,133.9369704,5.7708,2.6519,2160.885,27.4281,1.6451,6.1913,0.247
820,202.727,37.8267,31.59,132.5804448,5.9938,2.6228,2197.7377,27.2437,1.8406,6.2367,0.246
821,202.974,37.7883,31.3587,132.6503688,6.25,2.6243,2252.5227,27.2804,2.0358,6.4296,0.247
822,203.22,37.8923,31.3971,132.5151824,6.6344,2.6214,2327.0244,27.1658,2.231,6.4952,0.246
823,203.468,38.1417,31.5728,133.2144224,6.8651,2.6364,2393.1079,27.212,2.4281,6.5689,0.248
824,203.715,38.2619,31.4587,131.4057216,7.3161,2.5976,2477.8645,27.3246,2.6253,6.8032,0.247
825,203.962,38.1761,31.2507,135.4053744,7.7129,2.6834,2557.9809,27.2633,2.8217,6.9254,0.247
826,204.209,38.376,31.3294,135.5871768,7.9993,2.6873,2618.3493,27.1658,3.0156,7.0466,0.247
827,204.456,38.579,31.3385,135.7876256,8.3844,2.6916,2689.7145,27.0811,3.2108,7.2405,0.247
828,204.704,38.3488,30.9598,133.5547192,8.7986,2.6437,2753.7082,27.3442,3.4064,7.389,0.248
829,204.951,38.5881,31.0406,134.0954648,8.9569,2.6553,2815.9494,26.7429,3.6039,7.5475,0.247
830,205.203,38.9466,31.1275,130.7297896,9.4273,2.5831,2946.0288,26.4566,3.8039,7.8191,0.252
831,205.45,38.8809,30.7851,132.3986424,10.0325,2.6189,3049.5241,27.5874,4.0006,8.0958,0.247
832,205.698,39.0455,30.7195,131.7227104,10.4224,2.6044,3112.2915,26.7335,4.195,8.326,0.248
833,205.945,39.1314,30.6781,134.2539592,10.6822,2.6587,3170.7111,26.8586,4.3902,8.4533,0.247
834,206.193,39.4434,30.6417,133.4614872,11.1728,2.6417,3313.5991,26.9467,4.5881,8.8017,0.248
835,206.441,39.6626,30.6629,131.7926344,11.5286,2.6059,3362.3239,26.6468,4.7853,8.9997,0.248
836,206.689,39.6504,30.2853,132.8275096,12.0176,2.6281,3421.8449,26.5374,4.9801,9.3651,0.248
837,206.937,39.7817,30.3085,133.3029928,12.2319,2.6383,3550.1276,26.6701,5.1752,9.4732,0.248
838,207.184,39.9736,30.1156,135.9274736,12.7217,2.6946,3616.2006,26.9587,5.3744,9.858,0.247
839,207.433,40.116,30.0025,135.340112,13.1839,2.682,3723.9323,26.6468,5.5695,10.1135,0.249
840,207.681,40.3563,29.8551,135.1583096,13.5646,2.6781,3778.7182,26.7523,5.7659,10.5012,0.248
841,207.929,40.6774,29.7511,134.4357616,14.0859,2.6626,3896.104,26.326,5.9646,10.9263,0.248
842,208.177,40.9824,29.7561,133.1211904,14.3176,2.6344,3956.1135,25.6472,6.1594,11.2263,0.248
843,208.424,41.1187,29.3714,135.270188,14.8639,2.6805,4091.653,26.6819,6.3546,11.7473,0.247
844,208.673,41.3884,29.2633,134.0255408,15.1744,2.6538,4163.8906,26.2578,6.5545,12.1251,0.249
845,208.921,41.7085,29.0028,135.24688,15.7303,2.68,4221.5468,26.2851,6.7493,12.7057,0.248
846,209.169,41.8801,28.8887,136.06266,15.9611,2.6975,4338.2695,26.0508,6.9449,12.9914,0.248
847,209.417,42.2265,28.722,136.3749872,16.3474,2.7042,4419.0429,26.0397,7.1432,13.5045,0.248
848,209.665,42.6718,28.5342,134.9065832,16.8566,2.6727,4514.8085,25.6681,7.3392,14.1376,0.248
849,209.92,43.1697,28.2474,132.9440496,17.4017,2.6306,4619.9335,25.8141,7.5395,14.9223,0.255
850,210.169,43.5009,27.8849,135.969428,17.7686,2.6955,4701.6049,25.2986,7.739,15.616,0.249
851,210.42,43.7766,27.6839,138.6358632,18.1898,2.7527,4788.0488,25.6811,7.939,16.0927,0.251
852,210.668,44.2533,27.4345,134.1420808,18.4205,2.6563,4866.3378,25.3302,8.1326,16.8188,0.248
853,210.921,44.8773,27.1225,134.0488488,18.891,2.6543,4943.3164,24.7668,8.3329,17.7548,0.253
854,211.168,45.362,26.766,135.24688,19.272,2.68,5000.6669,24.7668,8.4908,18.596,0.247
855,211.416,45.5327,26.7206,135.4286824,19.4191,2.6839,5057.9985,24.785,8.4908,18.8121,0.248
856,211.664,45.7296,26.8175,132.5338288,19.5512,2.6218,5078.5483,24.8052,8.4908,18.9121,0.248
857,211.916,45.6307,26.7094,136.2398008,19.6447,2.7013,5077.8603,24.9334,8.4908,18.9213,0.252
858,212.163,45.5691,26.6832,134.0068944,19.5567,2.6534,5076.4858,25.0361,8.4908,18.8859,0.247
859,212.411,45.7619,26.9235,135.5405608,19.5039,2.6863,5073.0517,25.1625,8.4908,18.8384,0.248
860,212.659,45.6781,26.7024,131.7926344,19.5718,2.6059,5092.3413,25.2607,8.4908,18.9757,0.248
861,212.909,45.6135,26.7165,136.1978464,19.5749,2.7004,5084.7456,25.1437,8.4908,18.897,0.25
862,213.157,45.7892,26.9013,134.454408,19.5369,2.663,5079.9243,25.0526,8.4908,18.8879,0.248
863,213.405,45.662,26.8094,132.0396992,19.6139,2.6112,5079.9243,25.1583,8.4908,18.8526,0.248
864,213.653,45.6872,26.8023,135.4286824,19.6975,2.6839,5082.6782,25.2126,8.4908,18.8849,0.248
865,213.908,45.771,26.9235,137.1441512,19.6277,2.7207,5070.3081,24.8681,8.4908,18.8475,0.255
866,214.155,45.6125,26.7216,133.5314112,19.6193,2.6432,5090.9584,25.1084,8.4908,18.8909,0.247
867,214.403,45.6801,26.8357,135.5405608,19.5613,2.6863,5079.9243,25.0567,8.4908,18.8444,0.248
868,214.65,45.6559,26.8407,135.24688,19.6137,2.68,5086.8149,25.2042,8.4908,18.8152,0.247
869,214.898,45.7781,26.9054,134.7294424,19.5068,2.6689,5074.4248,24.9518,8.4908,18.8727,0.248
870,215.146,45.8023,26.9508,134.9998152,19.7668,2.6747,5084.7456,25.2817,8.4908,18.8515,0.248
871,215.394,45.6468,26.7569,133.2610384,19.6115,2.6374,5090.9584,25.1687,8.4908,18.8899,0.248
872,215.642,45.7256,26.8387,133.079236,19.5587,2.6335,5075.1118,24.9723,8.4908,18.8869,0.248
873,215.889,45.8235,26.8579,134.7480888,19.5698,2.6693,5084.7456,24.9559,8.4908,18.9656,0.247
874,216.138,45.7922,26.8498,132.6503688,19.674,2.6243,5090.2675,25.1938,8.4908,18.9424,0.249
875,216.386,45.6438,26.7731,131.494292,19.6556,2.5995,5085.4355,25.1896,8.4908,18.8707,0.248
876,216.633,45.6902,26.7498,134.9298912,19.5737,2.6732,5091.6499,25.1043,8.4908,18.9404,0.247
877,216.885,45.6761,26.7428,133.9136624,19.6188,2.6514,5088.1953,25.2105,8.4908,18.9333,0.252
878,217.133,45.6286,26.6206,134.7713968,19.7002,2.6698,5098.5722,25.2754,8.4908,19.008,0.248
879,217.38,45.6105,26.7721,129.7135608,19.5371,2.5613,5086.8149,25.2251,8.4908,18.8384,0.247
880,217.627,45.7963,26.9983,133.4381792,19.5904,2.6412,5079.2358,25.2063,8.4908,18.798,0.247
881,217.88,45.772,26.9104,132.9673576,19.6825,2.6311,5089.5766,24.9887,8.4908,18.8616,0.253
882,218.128,45.7599,26.8316,134.2539592,19.595,2.6587,5090.2675,25.3133,8.4908,18.9283,0.248
883,218.376,45.7175,26.8811,134.0721568,19.523,2.6548,5070.3081,24.9682,8.4908,18.8364,0.248
884,218.624,45.8185,26.9033,134.454408,19.6622,2.663,5082.6782,25.0919,8.4908,18.9152,0.248
885,218.872,45.6721,26.77,131.540908,19.6878,2.6005,5090.2675,25.1604,8.4908,18.9021,0.248
886,219.12,45.7084,26.7559,134.0255408,19.5856,2.6538,5093.7246,25.4852,8.4908,18.9525,0.248
887,219.367,45.7629,26.8751,137.46114,19.515,2.7275,5088.8857,24.9744,8.4908,18.8878,0.247
888,219.615,45.7529,26.8397,138.183688,19.5911,2.743,5089.5766,25.125,8.4908,18.9132,0.248
889,219.871,45.7488,26.9346,134.8413208,19.6704,2.6713,5084.0566,25.0093,8.4908,18.8142,0.256
890,220.119,45.6741,26.7236,135.6337928,19.7465,2.6883,5086.8149,25.1375,8.4908,18.9505,0.248
891,220.367,45.7175,26.869,133.102544,19.5303,2.634,5088.1953,24.9559,8.4908,18.8485,0.248
892,220.614,45.6539,26.7923,135.1350016,19.6874,2.6776,5094.4165,25.3239,8.4908,18.8616,0.247
893,220.862,45.6115,26.7963,134.3425296,19.6122,2.6606,5086.8149,25.1521,8.4908,18.8152,0.248
894,221.109,45.766,26.8973,134.477716,19.6195,2.6635,5076.4858,25.2146,8.4908,18.8687,0.247
895,221.356,45.7316,26.8003,133.8903544,19.6105,2.6509,5094.4165,25.364,8.4908,18.9313,0.247
896,221.604,45.7609,26.8044,135.8342416,19.6837,2.6926,5085.4355,24.9682,8.4908,18.9565,0.248
897,221.852,45.769,26.9134,134.7294424,19.6037,2.6689,5073.0517,24.9518,8.4908,18.8556,0.248
898,222.1,45.7377,26.8155,137.46114,19.6297,2.7275,5086.125,25.2965,8.4908,18.9222,0.248
899,222.348,45.7296,26.8902,134.7061344,19.5638,2.6684,5090.9584,25.0712,8.4908,18.8394,0.248
900,222.596,45.6781,26.8326,136.6267136,19.6132,2.7096,5084.0566,25.034,8.4908,18.8455,0.248
901,222.844,45.7811,26.8942,136.3330328,19.6767,2.7033,5080.6123,25.1625,8.4908,18.8869,0.248
902,223.093,45.7448,26.8922,135.3587584,19.6718,2.6824,5093.0327,24.8316,8.4908,18.8526,0.249
903,223.341,45.665,26.868,137.531064,19.5715,2.729,5078.5483,24.8539,8.4908,18.797,0.248
904,223.588,45.7256,26.8367,132.4452584,19.5398,2.6199,5081.9892,24.8295,8.4908,18.8889,0.247
905,223.836,45.7508,26.8367,135.1816176,19.6622,2.6786,5081.9892,24.8377,8.4908,18.9141,0.248
906,224.084,45.7448,26.9043,133.9835864,19.5567,2.6529,5088.8857,25.0691,8.4908,18.8405,0.248
907,224.333,45.7417,26.873,132.4452584,19.5412,2.6199,5080.6123,24.8722,8.4908,18.8687,0.249
908,224.581,45.7448,26.8831,137.3492616,19.5812,2.7251,5077.1728,25.0526,8.4908,18.8617,0.248
909,224.829,45.7609,26.8993,133.6665976,19.6694,2.6461,5089.5766,25.2063,8.4908,18.8616,0.248
910,225.077,45.6933,26.8286,135.6524392,19.6006,2.6887,5091.6499,25.0237,8.4908,18.8647,0.248
911,225.325,45.6741,26.8215,134.54764,19.573,2.665,5085.4355,24.8052,8.4908,18.8526,0.248
912,225.572,45.7771,26.8751,135.1350016,19.603,2.6776,5092.3413,25.067,8.4908,18.902,0.247
913,225.819,45.8215,26.8912,136.4216032,19.6602,2.7052,5086.8149,25.3619,8.4908,18.9303,0.247
914,226.066,45.7054,26.8609,133.079236,19.5405,2.6335,5083.3671,24.9744,8.4908,18.8445,0.247
915,226.314,45.6731,26.7428,136.016044,19.6752,2.6965,5079.9243,24.779,8.4908,18.9303,0.248
916,226.562,45.7609,26.8488,134.7061344,19.7322,2.6684,5095.8012,25.8668,8.4908,18.9121,0.248
917,226.81,45.5963,26.7771,131.7926344,19.4978,2.6059,5089.5766,25.0381,8.4908,18.8192,0.248
918,227.057,45.7448,26.8831,134.1187728,19.6386,2.6558,5074.4248,25.0691,8.4908,18.8617,0.247
919,227.305,45.7195,26.7912,132.6270608,19.6226,2.6238,5091.6499,25.3682,8.4908,18.9283,0.248
920,227.553,45.7821,26.8488,134.501024,19.6672,2.664,5099.2656,25.1064,8.4908,18.9333,0.248
921,227.801,45.7337,26.874,135.0231232,19.683,2.6752,5090.9584,25.2986,8.4908,18.8597,0.248
922,228.049,45.6529,26.7579,135.0231232,19.6311,2.6752,5094.4165,25.1417,8.4908,18.895,0.248
923,228.298,45.6811,26.7408,136.6034056,19.723,2.7091,5104.8188,25.3133,8.4908,18.9403,0.249
924,228.546,45.7468,26.8518,135.4752984,19.7014,2.6849,5097.1865,25.0919,8.4908,18.895,0.248
925,228.796,45.7337,26.871,133.4847952,19.6629,2.6422,5089.5766,24.8397,8.4908,18.8627,0.25
926,229.043,45.7266,26.8498,133.3029928,19.7414,2.6383,5098.5722,25.2042,8.4908,18.8768,0.247
927,229.291,45.6519,26.762,136.2398008,19.6348,2.7013,5093.7246,25.3028,8.4908,18.8899,0.248
928,229.539,45.6569,26.8498,135.0650776,19.6214,2.6761,5096.4936,24.9826,8.4908,18.8071,0.248
929,229.787,45.6317,26.7912,133.4847952,19.6028,2.6422,5082.6782,25.3513,8.4908,18.8405,0.248
930,230.035,45.6771,26.7044,137.7781288,19.715,2.7343,5099.2656,25.3619,8.4908,18.9727,0.248
931,230.283,45.7084,26.8124,137.2373832,19.6927,2.7227,5099.9589,25.1979,8.4908,18.896,0.248
932,230.531,45.6579,26.8357,136.668668,19.7322,2.7105,5103.4296,25.5409,8.296,18.8222,0.248
933,230.779,45.5701,26.8932,134.7061344,19.5608,2.6684,5092.3413,25.4553,8.0992,18.6769,0.248
934,231.028,45.3671,27.3386,137.2140752,19.4574,2.7222,5065.5141,25.1583,7.9009,18.0285,0.249
935,231.276,45.0571,27.4183,134.2306512,19.4217,2.6582,5024.1157,25.3408,7.7065,17.6388,0.248
936,231.524,44.3078,27.7021,131.7693264,18.8454,2.6054,4927.7265,25.4213,7.5101,16.6057,0.248
937,231.771,44.224,28.207,132.1981936,18.3936,2.6146,4840.5834,25.3281,7.3134,16.017,0.247
938,232.018,43.8746,28.2353,133.8484,18.2649,2.65,4811.3935,25.7007,7.1154,15.6393,0.247
939,232.267,43.6534,28.4676,133.4614872,18.0037,2.6417,4745.0336,25.6119,6.9207,15.1858,0.249
940,232.515,43.1919,28.823,136.8504704,17.5129,2.7144,4637.0717,25.5968,6.7227,14.3689,0.248
941,232.763,42.8445,28.8513,131.564216,17.1137,2.601,4568.1567,26.2329,6.526,13.9932,0.248
942,233.01,42.4588,29.2845,135.6524392,16.6336,2.6887,4464.8173,26.0085,6.3316,13.1743,0.247
943,233.259,42.1366,29.3047,133.9602784,16.3748,2.6524,4377.2617,26.0843,6.1348,12.8319,0.249
944,233.506,41.8973,29.6693,132.0630072,15.8547,2.6117,4319.7788,25.9707,5.9361,12.228,0.247
945,233.754,41.6267,29.9005,135.5405608,15.2701,2.6863,4185.268,26.0174,5.7425,11.7262,0.248
946,234.002,40.9925,29.8258,136.2631088,14.8535,2.7018,4088.0847,26.4589,5.5457,11.1667,0.248
947,234.25,40.9299,30.0611,136.668668,14.495,2.7105,4016.7094,26.2306,5.3474,10.8688,0.248
948,234.498,40.8754,30.2943,135.6990552,13.9718,2.6897,3904.623,26.7853,5.1514,10.5811,0.248
949,234.746,40.3614,30.157,136.691976,13.6793,2.711,3865.5808,27.021,4.9559,10.2044,0.248
950,234.994,40.2099,30.2913,132.986004,13.1453,2.6315,3755.2573,26.9443,4.7587,9.9186,0.248
951,235.241,40.2543,30.3196,132.9673576,13.0826,2.6311,3715.0783,27.2194,4.5615,9.9347,0.247
952,235.488,40.2543,30.4832,131.7227104,12.8909,2.6044,3671.4313,27.0836,4.366,9.7711,0.247
953,235.736,40.0968,30.6215,134.1187728,12.6953,2.6558,3652.123,26.4635,4.1712,9.4753,0.248
954,235.984,39.8524,30.6175,132.8088632,12.3429,2.6277,3558.8876,26.5932,3.974,9.2349,0.248
955,236.231,39.9332,30.7043,131.8345888,12.1156,2.6068,3510.9072,26.4175,3.7765,9.2289,0.247
956,236.479,39.7736,30.7861,133.9602784,11.8514,2.6524,3451.7673,27.4058,3.5825,8.9875,0.248
957,236.727,39.4061,30.6326,131.63414,11.516,2.6025,3411.572,27.144,3.3862,8.7735,0.248
958,236.975,39.3879,30.9033,133.3263008,11.1255,2.6388,3352.4047,27.3172,3.1874,8.4846,0.248
959,237.223,39.2748,30.9558,136.1978464,10.809,2.7004,3242.5422,27.5849,2.993,8.319,0.248
960,237.472,39.2495,31.1234,135.0650776,10.5337,2.6761,3181.4711,26.9109,2.7943,8.1261,0.249
961,237.72,39.1102,31.18,134.7061344,10.0868,2.6684,3109.4526,26.8397,2.5967,7.9302,0.248
962,237.968,39.0445,31.2547,134.7294424,9.7732,2.6689,3051.7578,26.899,2.4024,7.7898,0.248
963,238.225,38.9769,31.4678,132.6503688,9.3364,2.6243,2931.5197,26.6725,2.1969,7.5091,0.257
964,238.471,38.6881,31.3224,134.570948,9.0335,2.6655,2881.955,27.2364,2.0029,7.3657,0.246
965,238.718,38.6871,31.3375,132.1515776,8.8447,2.6136,2832.7541,27.0282,1.8077,7.3496,0.247
966,238.966,38.6032,31.3577,132.6503688,8.5076,2.6243,2780.249,26.842,1.6114,7.2455,0.248
967,239.213,38.5689,31.5799,134.0488488,8.0757,2.6543,2722.5207,27.1828,1.4134,6.989,0.247
968,239.46,38.473,31.5839,135.9041656,7.7759,2.6941,2639.1723,27.3418,1.2182,6.8891,0.247
969,239.707,38.3952,31.5657,135.8575496,7.6576,2.6931,2587.456,26.9491,1.0231,6.8295,0.247
970,239.954,38.3205,31.6374,132.33338,7.2209,2.6175,2535.154,26.8468,0.8283,6.6831,0.247
971,240.202,38.0832,31.5516,135.7689792,6.9293,2.6912,2468.7294,27.4256,0.6319,6.5316,0.248
972,240.448,38.0761,31.693,132.4219504,6.5318,2.6194,2402.3061,27.3221,0.4372,6.3831,0.246
973,240.695,38.0751,31.7586,134.6828264,6.3062,2.6679,2323.708,27.278,0.2424,6.3165,0.247
974,240.941,37.9469,31.8081,132.7622472,5.931,2.6267,2252.6582,27.0619,0.0468,6.1388,0.246
975,241.188,37.9166,31.8889,131.2938432,5.489,2.5952,2159.5163,27.2267,-0.0004,6.0277,0.247
976,241.436,37.86,31.8475,131.564216,5.385,2.601,2095.206,27.098,-0.0004,6.0125,0.248
977,241.684,37.9943,31.9171,135.9274736,5.3816,2.6946,2086.8112,27.5724,-0.0004,6.0772,0.248
978,241.933,37.863,31.7707,133.755168,5.3324,2.648,2087.0437,27.7764,-0.0004,6.0923,0.249
979,242.181,37.8035,31.7212,133.7132136,5.3239,2.6471,2087.0437,27.7359,-0.0004,6.0823,0.248
980,242.429,37.8418,31.8152,132.1515776,5.4092,2.6136,2083.9948,27.7714,-0.0004,6.0266,0.248
981,242.678,37.8388,31.8212,134.501024,5.2856,2.664,2083.7963,27.098,-0.0004,6.0176,0.249
982,242.925,37.8964,31.8667,131.1819648,5.2585,2.5928,2072.7392,27.3246,-0.0004,6.0297,0.247
983,243.173,37.964,31.8768,135.9274736,5.2529,2.6946,2064.0686,27.4034,-0.0004,6.0872,0.248
984,243.421,38.0145,31.9414,133.102544,5.2548,2.634,2072.1667,27.0234,-0.0004,6.0731,0.248
985,243.681,37.861,31.7546,133.1678064,5.329,2.6354,2081.7141,27.2462,-0.0004,6.1064,0.26
986,243.929,37.8287,31.796,133.3029928,5.346,2.6383,2081.7141,27.0234,-0.0004,6.0327,0.248
987,244.176,37.8832,31.8485,131.4756456,5.2851,2.5991,2076.6308,27.1222,-0.0004,6.0347,0.247
988,244.425,37.8802,31.8253,132.6270608,5.2614,2.6238,2077.5622,27.2506,-0.0004,6.0549,0.249
989,244.673,37.8125,31.7818,132.240148,5.299,2.6155,2074.8034,27.057,-0.0004,6.0307,0.248
990,244.921,37.9428,31.9111,133.2610384,5.242,2.6374,2061.6855,27.327,-0.0004,6.0317,0.248
991,245.169,37.9428,31.8525,132.240148,5.344,2.6155,2071.4799,26.9802,-0.0004,6.0903,0.248
992,245.432,37.8701,31.8424,133.5081032,5.3082,2.6427,2079.0598,26.7288,-0.0004,6.0277,0.263
993,245.68,37.8954,31.8667,134.1420808,5.2529,2.6563,2079.0598,27.4231,-0.0004,6.0287,0.248
994,245.928,37.9085,31.8555,132.8508176,5.3273,2.6286,2069.3188,26.6701,-0.0004,6.053,0.248
995,246.176,37.86,31.7546,132.9207416,5.3683,2.6301,2078.1379,27.021,-0.0004,6.1054,0.248
996,246.424,37.9267,31.8566,132.5338288,5.2854,2.6218,2077.217,27.045,-0.0004,6.0701,0.248
997,246.672,37.964,31.8656,134.3891456,5.3203,2.6616,2070.1076,27.3196,-0.0004,6.0984,0.248
998,246.92,37.8782,31.8465,135.9041656,5.338,2.6941,2075.9521,27.5724,-0.0004,6.0317,0.248
999,247.168,37.76,31.7546,131.2006112,5.3072,2.5932,2075.9521,27.1999,-0.0004,6.0054,0.248
1000,247.416,37.8186,31.7808,133.1211904,5.2626,2.6344,2070.53,27.0811,-0.0004,6.0378,0.248
1001,247.663,37.961,31.8909,131.9697752,5.2713,2.6097,2068.1667,27.1392,-0.0004,6.0701,0.247
1002,247.911,37.9438,31.8576,130.3195688,5.3086,2.5743,2071.5942,26.9372,-0.0004,6.0862,0.248
1003,248.159,37.8247,31.7717,132.8508176,5.2808,2.6286,2073.6562,27.4677,-0.0004,6.053,0.248
1004,248.406,37.8913,31.8414,134.4357616,5.2212,2.6626,2064.1823,27.5949,-0.0004,6.0499,0.247
1005,248.653,37.9479,31.8717,133.4847952,5.2885,2.6422,2064.1823,27.4628,-0.0004,6.0762,0.247
1006,248.901,37.9115,31.8869,133.6665976,5.2912,2.6461,2071.1989,27.2194,-0.0004,6.0246,0.248
1007,249.149,37.8226,31.7525,135.270188,5.3096,2.6805,2069.6506,27.2437,-0.0004,6.0701,0.248
1008,249.397,38.0105,32.0232,133.4847952,5.2956,2.6422,2071.2509,27.2633,-0.0004,5.9873,0.248
1009,249.645,38.0923,32.0121,132.1981936,5.2791,2.6146,2063.728,27.1392,-0.0004,6.0802,0.248
1010,249.893,37.8741,31.7606,135.6337928,5.3079,2.6883,2075.1479,27.5075,-0.0004,6.1135,0.248
1011,250.153,37.855,31.8283,132.2215016,5.2759,2.6151,2070.2219,26.8681,-0.0004,6.0267,0.26
1012,250.405,37.9135,31.8808,132.5151824,5.2718,2.6214,2070.2219,27.4207,-0.0004,6.0327,0.252
1013,250.653,37.8287,31.804,133.8484,5.2946,2.65,2076.3024,27.4876,-0.0004,6.0247,0.248
1014,250.9,37.7802,31.7293,134.7294424,5.2854,2.6689,2074.2297,27.4603,-0.0004,6.0509,0.247
1015,251.148,37.8247,31.7606,133.6665976,5.3285,2.6461,2072.0522,27.2609,-0.0004,6.0641,0.248
1016,251.395,37.8711,31.8455,132.33338,5.3053,2.6175,2080.9055,27.0595,-0.0004,6.0256,0.247
1017,251.643,37.9135,31.9212,129.4618344,5.2384,2.5559,2069.4221,26.9706,-0.0004,5.9923,0.248
1018,251.905,37.8772,31.8555,132.33338,5.2202,2.6175,2065.2053,27.3074,-0.0004,6.0217,0.262
1019,252.153,37.8913,31.8869,135.94612,5.2767,2.695,2065.2053,27.0402,-0.0004,6.0044,0.248
1020,252.408,37.8893,31.8232,132.7156312,5.3009,2.6257,2066.9291,27.3614,-0.0004,6.0661,0.255
1021,252.656,37.9155,31.8273,133.6899056,5.3123,2.6466,2073.1977,27.0066,-0.0004,6.0882,0.248
1022,252.904,37.8247,31.8071,136.9670104,5.28,2.7169,2076.0671,27.2853,-0.0004,6.0176,0.248
1023,253.151,37.9337,31.899,131.9697752,5.3348,2.6097,2078.8291,27.1367,-0.0004,6.0347,0.247
1024,253.399,37.9105,31.8747,134.1187728,5.251,2.6558,2074.4592,27.2853,-0.0004,6.0358,0.248
1025,253.656,37.8772,31.899,133.9369704,5.2648,2.6519,2068.509,27.3074,-0.0004,5.9782,0.257
1026,253.904,37.9075,31.8424,134.9998152,5.3266,2.6747,2068.509,26.8444,-0.0004,6.0651,0.248
1027,254.151,37.8701,31.7889,134.594256,5.3036,2.666,2076.5214,27.4454,-0.0004,6.0812,0.247
1028,254.399,37.8539,31.8071,135.7223632,5.2624,2.6902,2071.7087,27.3323,-0.0004,6.0468,0.248
1029,254.647,37.8711,31.7939,134.7480888,5.2958,2.6693,2068.395,27.6024,-0.0004,6.0772,0.248
1030,254.895,37.86,31.8283,135.6757472,5.338,2.6892,2078.5986,27.3074,-0.0004,6.0317,0.248
1031,255.143,37.9236,31.8505,134.3005752,5.3062,2.6597,2073.427,26.9205,-0.0004,6.0731,0.248
1032,255.407,37.96,31.903,133.5314112,5.283,2.6432,2075.3776,27.2413,-0.0004,6.057,0.264
1033,255.654,37.9125,31.8929,135.0650776,5.2968,2.6761,2075.3776,27.0787,-0.0004,6.0196,0.247
1034,255.903,37.8964,31.8263,134.2073432,5.314,2.6577,2074.6613,27.3442,-0.0004,6.0701,0.249
1035,256.151,37.8277,31.7798,132.1282696,5.299,2.6131,2076.2968,27.5524,-0.0004,6.0479,0.248
1036,256.399,37.9691,31.9353,130.9302384,5.2641,2.5874,2068.509,27.1392,-0.0004,6.0338,0.248
1037,256.647,37.9943,31.9515,135.0464312,5.274,2.6757,2077.7924,27.3984,-0.0004,6.0428,0.248
1038,256.896,37.8529,31.7778,133.6432896,5.3292,2.6456,2075.7224,27.4429,-0.0004,6.0751,0.249
1039,257.156,37.9054,31.8646,132.986004,5.2517,2.6315,2073.8857,27.4281,-0.0004,6.0408,0.26
1040,257.405,37.9398,31.8475,134.6828264,5.3152,2.6679,2073.8857,27.0836,-0.0004,6.0923,0.249
1041,257.653,37.8035,31.7909,132.1049616,5.3309,2.6126,2078.0556,27.3614,-0.0004,6.0126,0.248
1042,257.901,37.8348,31.804,131.4523376,5.2745,2.5986,2080.79,27.2902,-0.0004,6.0308,0.248
1043,258.149,37.8752,31.8566,133.3263008,5.2934,2.6388,2072.9685,26.9086,-0.0004,6.0186,0.248
1044,258.397,37.9085,31.8929,131.7227104,5.3385,2.6044,2073.6562,27.4405,-0.0004,6.0156,0.248
1045,258.646,37.9277,31.8384,133.2610384,5.3249,2.6374,2083.2175,27.1246,-0.0004,6.0893,0.249
1046,258.903,37.8449,31.8232,132.4918744,5.3465,2.6209,2082.4077,27.2755,-0.0004,6.0217,0.257
1047,259.151,37.9216,31.9151,133.2610384,5.3084,2.6374,2082.4077,27.4281,-0.0004,6.0065,0.248
1048,259.399,37.8045,31.7626,130.9768544,5.3164,2.5884,2079.4824,27.2242,-0.0004,6.0419,0.248
1049,259.646,37.8661,31.8626,133.2610384,5.2764,2.6374,2079.0598,27.2853,-0.0004,6.0035,0.247
1050,259.894,37.8731,31.804,136.1279224,5.2965,2.6989,2074.3444,27.2584,-0.0004,6.0691,0.248
1051,260.141,37.9337,31.9101,134.2772672,5.3108,2.6592,2077.6774,27.1634,-0.0004,6.0236,0.247
1052,260.388,37.8247,31.7889,134.6595184,5.3389,2.6674,2079.6362,27.5025,-0.0004,6.0358,0.247
1053,260.635,37.8257,31.8212,131.0654248,5.3198,2.5903,2079.6362,27.4058,-0.0004,6.0045,0.247
1054,260.882,37.858,31.8364,133.5733656,5.336,2.6441,2076.7119,27.327,-0.0004,6.0216,0.247
1055,261.129,37.9024,31.9121,134.2772672,5.2745,2.6592,2073.1977,27.2047,-0.0004,5.9903,0.247
1056,261.376,37.8196,31.8242,132.1748856,5.3113,2.6141,2073.6562,27.2633,-0.0004,5.9954,0.247
1057,261.623,37.8964,31.8495,136.016044,5.2863,2.6965,2071.8232,26.9778,-0.0004,6.0469,0.247
1058,261.87,37.9054,31.798,130.0072416,5.3799,2.5676,2084.8391,27.1053,-0.0004,6.1074,0.247
1059,262.118,37.9095,31.8848,137.2606912,5.3159,2.7232,2084.8391,27.0595,-0.0004,6.0247,0.248
1060,262.366,37.9256,31.8475,132.0630072,5.3006,2.6117,2071.5109,27.3886,-0.0004,6.0781,0.248
1061,262.614,38.0024,31.9353,134.3192216,5.2401,2.6601,2072.6247,26.9659,-0.0004,6.0671,0.248
1062,262.862,37.9458,31.9182,131.9278208,5.3045,2.6088,2071.4799,27.0836,-0.0004,6.0276,0.248
1063,263.11,37.8317,31.8283,135.200264,5.2977,2.679,2077.332,27.2072,-0.0004,6.0034,0.248
1064,263.358,37.8529,31.8283,133.3962248,5.2427,2.6403,2072.9685,26.9467,-0.0004,6.0246,0.248
1065,263.614,37.8984,31.8081,132.33338,5.3084,2.6175,2076.6418,27.3639,-0.0004,6.0903,0.256
1066,263.862,37.8196,31.8283,131.7926344,5.2946,2.6059,2076.6418,27.4603,-0.0004,5.9913,0.248
1067,264.11,37.86,31.8111,131.7693264,5.3394,2.6054,2080.4711,27.1634,-0.0004,6.0489,0.248
1068,264.357,37.8772,31.8485,133.1444984,5.2587,2.6349,2075.7224,27.1246,-0.0004,6.0287,0.247
1069,264.605,38.0085,31.9262,136.4915272,5.2951,2.7067,2072.6247,27.0787,-0.0004,6.0823,0.248
1070,264.853,37.9034,31.8646,127.928168,5.288,2.523,2073.427,27.3836,-0.0004,6.0388,0.248
1071,265.101,37.8994,31.8808,131.564216,5.3229,2.601,2074.9184,27.3984,-0.0004,6.0186,0.248
1072,265.363,37.9913,31.8899,131.0234704,5.2977,2.5894,2074.8034,27.1246,-0.0004,6.1014,0.262
1073,265.611,37.9893,31.9293,132.0396992,5.2611,2.6112,2074.8034,27.1853,-0.0004,6.06,0.248
1074,265.859,37.9368,31.8646,129.8487472,5.3166,2.5642,2074.9895,27.2364,-0.0004,6.0722,0.248
1075,266.107,37.7933,31.7546,134.0255408,5.3525,2.6538,2079.4055,27.1417,-0.0004,6.0387,0.248
1076,266.354,38.0105,31.9798,133.9136624,5.2699,2.6514,2079.0598,27.1756,-0.0004,6.0307,0.247
1077,266.602,37.9085,31.8515,132.1981936,5.2803,2.6146,2071.0222,27.0619,-0.0004,6.057,0.248
1078,266.85,37.8307,31.8434,134.4357616,5.2956,2.6626,2072.6247,27.2023,-0.0004,5.9873,0.248
1079,267.097,37.9095,31.8869,134.6129024,5.2919,2.6664,2072.6247,27.1077,-0.0004,6.0226,0.247
1080,267.345,37.8782,31.798,130.3428768,5.3171,2.5748,2074.4143,27.1561,-0.0004,6.0802,0.248
1081,267.593,37.8267,31.7667,131.9697752,5.3523,2.6097,2078.8291,27.351,-0.0004,6.06,0.248
1082,267.841,37.8974,31.8555,138.27692,5.2561,2.745,2074.1149,26.9229,-0.0004,6.0419,0.248
1083,268.088,37.9943,31.9555,135.0231232,5.2786,2.6752,2076.5268,27.2072,-0.0004,6.0388,0.247
1084,268.336,37.7903,31.7748,136.4449112,5.2837,2.7057,2080.9055,27.6879,-0.0004,6.0155,0.248
1085,268.583,37.9317,31.8929,130.2776144,5.2747,2.5734,2080.9055,27.0811,-0.0004,6.0388,0.247
1086,268.832,38.0175,31.9171,132.4918744,5.3086,2.6209,2075.8122,27.7536,-0.0004,6.1004,0.249
1087,269.08,37.9186,31.8586,131.0234704,5.3338,2.5894,2078.0229,27.6325,-0.0004,6.06,0.248
1088,269.328,37.857,31.7455,136.039352,5.3244,2.697,2079.8669,27.5774,-0.0004,6.1115,0.248
1089,269.576,37.9166,31.8909,132.1981936,5.2466,2.6146,2074.5739,27.3541,-0.0004,6.0257,0.248
1090,269.824,37.9105,31.9444,131.564216,5.336,2.601,2076.4118,27.3246,-0.0004,5.9661,0.248
1091,270.072,37.9176,31.8899,129.6902528,5.3322,2.5608,2076.4118,27.0378,-0.0004,6.0277,0.248
1092,270.319,37.856,31.8343,131.6994024,5.306,2.6039,2076.5119,27.1246,-0.0004,6.0217,0.247
1093,270.566,37.9024,31.8768,131.9697752,5.274,2.6097,2072.0522,26.9333,-0.0004,6.0256,0.247
1094,270.813,37.9721,31.8808,135.7689792,5.2757,2.6912,2070.6791,27.2023,-0.0004,6.0913,0.247
1095,271.06,37.8035,31.8182,133.5733656,5.3288,2.6441,2077.332,27.0956,-0.0004,5.9853,0.247
1096,271.309,37.967,31.9555,133.4381792,5.2418,2.6412,2072.7392,27.4281,-0.0004,6.0115,0.249
1097,271.557,37.9024,31.8555,131.540908,5.3275,2.6005,2072.7392,27.2657,-0.0004,6.0469,0.248
1098,271.805,37.9125,31.8747,134.8646288,5.345,2.6718,2088.1755,27.5424,-0.0004,6.0378,0.248
1099,272.052,37.9034,31.8485,132.379996,5.2914,2.6185,2080.5593,27.1295,-0.0004,6.0549,0.247
1100,272.3,37.9176,31.9262,131.3171512,5.2308,2.5957,2076.872,27.1198,-0.0004,5.9914,0.248
1101,272.548,37.9196,31.8778,129.9606256,5.3598,2.5666,2073.427,27.3246,-0.0004,6.0418,0.248
1102,272.795,37.9155,31.9222,131.9930832,5.3263,2.6102,2077.7924,27.4281,-0.0004,5.9933,0.247
1103,273.042,37.9802,31.9242,134.6828264,5.2735,2.6679,2077.7924,27.3886,-0.0004,6.056,0.247
1104,273.289,37.963,31.9394,131.3171512,5.3372,2.5957,2078.0856,27.2853,-0.0004,6.0236,0.247
1105,273.537,38.0216,31.9878,133.6899056,5.313,2.6466,2087.0437,27.2755,-0.0004,6.0338,0.248
1106,273.785,37.8509,31.8091,132.3986424,5.304,2.6189,2082.6391,27.2853,-0.0004,6.0418,0.248
1107,274.032,37.86,31.8202,133.2796848,5.2897,2.6378,2081.0209,27.0234,-0.0004,6.0398,0.247
1108,274.279,38.0509,32.0323,130.81836,5.2648,2.585,2073.6562,27.1586,-0.0004,6.0186,0.247
1109,274.533,37.8428,31.8444,133.2610384,5.3571,2.6374,2085.4187,27.3246,-0.0004,5.9984,0.254
1110,274.781,37.8681,31.8677,133.9835864,5.2912,2.6529,2085.4187,27.5474,-0.0004,6.0004,0.248
1111,275.03,37.8994,31.8677,131.7227104,5.314,2.6044,2073.6782,27.009,-0.0004,6.0317,0.249
1112,275.278,37.96,31.9717,132.9673576,5.3205,2.6311,2084.955,27.3,-0.0004,5.9883,0.248
1113,275.526,37.8873,31.805,131.7460184,5.3784,2.6049,2083.1018,27.5474,-0.0004,6.0823,0.248
1114,275.773,37.8923,31.8545,132.4685664,5.3164,2.6204,2081.4831,27.2218,-0.0004,6.0378,0.247
1115,276.021,37.9862,31.9454,134.0721568,5.2616,2.6548,2072.0522,27.256,-0.0004,6.0408,0.248
1116,276.279,37.8338,31.8303,132.356688,5.2691,2.618,2079.175,27.3688,-0.0004,6.0035,0.258
1117,276.527,37.8368,31.8293,135.0650776,5.3326,2.6761,2079.175,27.2609,-0.0004,6.0075,0.248
1118,276.775,37.9297,31.906,131.564216,5.2977,2.601,2086.4243,27.5125,-0.0004,6.0237,0.248
1119,277.024,37.9064,31.8899,135.6104848,5.3513,2.6878,2078.0229,26.9659,-0.0004,6.0165,0.249
1120,277.272,37.8964,31.8616,133.6665976,5.3208,2.6461,2082.6391,27.0811,-0.0004,6.0348,0.248
1121,277.519,37.962,31.905,132.6503688,5.2461,2.6243,2071.8232,27.0234,-0.0004,6.057,0.247
1122,277.767,37.9973,31.9727,136.1745384,5.3043,2.6999,2075.2629,27.1392,-0.0004,6.0246,0.248
1123,278.026,38.0105,31.9525,133.5733656,5.2796,2.6441,2074.1149,27.3639,-0.0004,6.058,0.259
1124,278.274,37.8398,31.8636,135.1583096,5.2854,2.6781,2074.1149,26.985,-0.0004,5.9762,0.248
1125,278.522,37.9256,31.9545,133.801784,5.1775,2.649,2065.4111,27.3886,-0.0004,5.9711,0.248
1126,278.769,37.8045,31.795,134.0068944,5.2946,2.6534,2066.571,27.3246,-0.0004,6.0095,0.247
1127,279.017,37.8408,31.802,131.587524,5.265,2.6015,2079.8669,27.3196,-0.0004,6.0388,0.248
